target_url,source_list_dap_2
tools.usps.com,TRUE
pubmed.ncbi.nlm.nih.gov,TRUE
informeddelivery.usps.com,TRUE
pmc.ncbi.nlm.nih.gov,TRUE
studentaid.gov,TRUE
secure.login.gov,TRUE
va.gov,TRUE
usps.com,TRUE
forecast.weather.gov,TRUE
ncbi.nlm.nih.gov,TRUE
pubchem.ncbi.nlm.nih.gov,TRUE
irs.gov,TRUE
radar.weather.gov,TRUE
va.gov,TRUE
usajobs.gov,TRUE
sam.gov,TRUE
ssa.gov,TRUE
myaccount.uscis.gov,TRUE
secure.ssa.gov,TRUE
weather.gov,TRUE
nhc.noaa.gov,TRUE
egov.uscis.gov,TRUE
clinicaltrials.gov,TRUE
cdc.gov,TRUE
earthquake.usgs.gov,TRUE
travel.state.gov,TRUE
nps.gov,TRUE
esta.cbp.dhs.gov,TRUE
cns.usps.com,TRUE
medicare.gov,TRUE
sec.gov,TRUE
uscis.gov,TRUE
store.usps.com,TRUE
catalog.archives.gov,TRUE
usajobs.gov,TRUE
justice.gov,TRUE
fda.gov,TRUE
science.nasa.gov,TRUE
ttp.cbp.dhs.gov,TRUE
ais.usvisa-info.com,TRUE
blast.ncbi.nlm.nih.gov,TRUE
medlineplus.gov,TRUE
nsopw.gov,TRUE
reg.usps.com,TRUE
acis.eoir.justice.gov,TRUE
nasa.gov,TRUE
bls.gov,TRUE
spc.noaa.gov,TRUE
tsp.gov,TRUE
i94.cbp.dhs.gov,TRUE
careeronestop.org,TRUE
ustraveldocs.com,TRUE
war.gov,TRUE
medicare.gov,TRUE
about.usps.com,TRUE
accessdata.fda.gov,TRUE
portal.cms.gov,TRUE
ofac.treasury.gov,TRUE
tsdr.uspto.gov,TRUE
urs.earthdata.nasa.gov,TRUE
ecfr.gov,TRUE
tsa.gov,TRUE
fbi.gov,TRUE
aviationweather.gov,TRUE
cms.gov,TRUE
apod.nasa.gov,TRUE
login.gov,TRUE
osha.gov,TRUE
dea.gov,TRUE
consumerfinance.gov,TRUE
faq.usps.com,TRUE
worldview.earthdata.nasa.gov,TRUE
my.uscis.gov,TRUE
opm.gov,TRUE
epa.gov,TRUE
treasurydirect.gov,TRUE
openi.nlm.nih.gov,TRUE
preview.ncbi.nlm.nih.gov,TRUE
ssa.gov,TRUE
federalregister.gov,TRUE
waterdata.usgs.gov,TRUE
usa.gov,TRUE
star.nesdis.noaa.gov,TRUE
usgs.gov,TRUE
cbp.gov,TRUE
lending.sba.gov,TRUE
archives.gov,TRUE
home.treasury.gov,TRUE
ncei.noaa.gov,TRUE
preview-forecast.weather.gov,TRUE
nhtsa.gov,TRUE
apps-sefsc.fisheries.noaa.gov,TRUE
exclusions.oig.hhs.gov,TRUE
energy.gov,TRUE
fdc.nal.usda.gov,TRUE
gsaadvantage.gov,TRUE
dailymed.nlm.nih.gov,TRUE
postcalc.usps.com,TRUE
dol.gov,TRUE
faa.gov,TRUE
fs.usda.gov,TRUE
gsa.gov,TRUE
pay.gov,TRUE
healthcare.gov,TRUE
uspto.gov,TRUE
tsaenrollmentbyidemia.tsa.dhs.gov,TRUE
webbook.nist.gov,TRUE
census.gov,TRUE
holdmail.usps.com,TRUE
army.mil,TRUE
noaa.gov,TRUE
marine.weather.gov,TRUE
data.census.gov,TRUE
ftc.gov,TRUE
cancer.gov,TRUE
training.fema.gov,TRUE
state.gov,TRUE
fdic.gov,TRUE
eric.ed.gov,TRUE
donotcall.gov,TRUE
m.usps.com,TRUE
gsaauctions.gov,TRUE
tidesandcurrents.noaa.gov,TRUE
dhs.gov,TRUE
tsaprecheckbyclear.tsa.dhs.gov,TRUE
eyes.nasa.gov,TRUE
heasarc.gsfc.nasa.gov,TRUE
nist.gov,TRUE
ipps-a.army.mil,TRUE
code.usgs.gov,TRUE
nhlbi.nih.gov,TRUE
search.usa.gov,TRUE
vsearch.nlm.nih.gov,TRUE
hhs.gov,TRUE
airnow.gov,TRUE
fws.gov,TRUE
ndbc.noaa.gov,TRUE
spaceplace.nasa.gov,TRUE
cisa.gov,TRUE
hud.gov,TRUE
ice.gov,TRUE
seasonaljobs.dol.gov,TRUE
cpsc.gov,TRUE
armypubs.army.mil,TRUE
mynavyhr.navy.mil,TRUE
search.earthdata.nasa.gov,TRUE
fema.gov,TRUE
fmcsa.dot.gov,TRUE
reporter.nih.gov,TRUE
tricare.mil,TRUE
data.cms.gov,TRUE
nsf.gov,TRUE
seer.cancer.gov,TRUE
ntrs.nasa.gov,TRUE
usaspending.gov,TRUE
water.noaa.gov,TRUE
regulations.gov,TRUE
data.bls.gov,TRUE
usda.gov,TRUE
niddk.nih.gov,TRUE
gateway.usps.com,TRUE
careers.cbp.gov,TRUE
fna.usda.gov,TRUE
gsaadvantage.gov,TRUE
ttp.dhs.gov,TRUE
acquisition.gov,TRUE
trademarkcenter.uspto.gov,TRUE
regulations.gov,TRUE
sba.gov,TRUE
flag.dol.gov,TRUE
ecfr.gov,TRUE
identitytheft.gov,TRUE
aphis.usda.gov,TRUE
eeoc.gov,TRUE
plus.nasa.gov,TRUE
simpler.grants.gov,TRUE
cmr.earthdata.nasa.gov,TRUE
ed.gov,TRUE
benefeds.gov,TRUE
uscourts.gov,TRUE
spaceweather.gov,TRUE
search.nal.usda.gov,TRUE
history.state.gov,TRUE
thinkculturalhealth.hhs.gov,TRUE
grants.nih.gov,TRUE
fec.gov,TRUE
data.uspto.gov,TRUE
my.navy.mil,TRUE
census.gov,TRUE
tsaprecheckbytelos.tsa.dhs.gov,TRUE
trace.ncbi.nlm.nih.gov,TRUE
itis.gov,TRUE
nhtsa.gov,TRUE
metoc.navy.mil,TRUE
home.army.mil,TRUE
dfas.mil,TRUE
elibrary.ferc.gov,TRUE
fueleconomy.gov,TRUE
samhsa.gov,TRUE
register.clinicaltrials.gov,TRUE
fsis.usda.gov,TRUE
stemgateway.nasa.gov,TRUE
iprs.cbp.gov,TRUE
account.ncbi.nlm.nih.gov,TRUE
gml.noaa.gov,TRUE
trade.gov,TRUE
earthdata.nasa.gov,TRUE
msc.fema.gov,TRUE
poboxes.usps.com,TRUE
signin.usastaffing.gov,TRUE
ebuy.gsa.gov,TRUE
grants.gov,TRUE
securityawareness.dcsa.mil,TRUE
my.americorps.gov,TRUE
huduser.gov,TRUE
nih.gov,TRUE
blm.gov,TRUE
osti.gov,TRUE
hts.usitc.gov,TRUE
cfo.usps.com,TRUE
safetyact.gov,TRUE
marines.mil,TRUE
direct.fda.gov,TRUE
fas.usda.gov,TRUE
tsa.gov,TRUE
e-verify.gov,TRUE
pe.usps.com,TRUE
odphp.health.gov,TRUE
sandia.gov,TRUE
gsaauctions.gov,TRUE
access.fda.gov,TRUE
hero.epa.gov,TRUE
csrc.nist.gov,TRUE
af.mil,TRUE
gispub.epa.gov,TRUE
peacecorps.gov,TRUE
disasterassistance.gov,TRUE
travel.dod.mil,TRUE
pmc-ncbi-nlm-nih-gov.translate.goog,TRUE
fisheries.noaa.gov,TRUE
consumer.ftc.gov,TRUE
publicportal.eeoc.gov,TRUE
rd.usda.gov,TRUE
genome.gov,TRUE
nimh.nih.gov,TRUE
usvisaappt.com,TRUE
ngmdb.usgs.gov,TRUE
evsexplore.semantics.cancer.gov,TRUE
pubs.usgs.gov,TRUE
nesdis.noaa.gov,TRUE
cacb.uscourts.gov,TRUE
founders.archives.gov,TRUE
airnow.gov,TRUE
militaryonesource.mil,TRUE
bwt.cbp.gov,TRUE
oceanservice.noaa.gov,TRUE
news.va.gov,TRUE
ers.cr.usgs.gov,TRUE
health.mil,TRUE
nrc.gov,TRUE
myhealth.va.gov,TRUE
dtops.cbp.dhs.gov,TRUE
search.cdc.gov,TRUE
transportation.gov,TRUE
statecancerprofiles.cancer.gov,TRUE
onlineclaims.usps.com,TRUE
reportfraud.ftc.gov,TRUE
firms.modaps.eosdis.nasa.gov,TRUE
submit.ncbi.nlm.nih.gov,TRUE
portfoliomanager.energystar.gov,TRUE
eqrs.cms.gov,TRUE
images.nasa.gov,TRUE
apply.fbijobs.gov,TRUE
evus.gov,TRUE
hudexchange.info,TRUE
nlrb.gov,TRUE
cftc.gov,TRUE
wwwnc.cdc.gov,TRUE
ttbonline.gov,TRUE
ojp.gov,TRUE
hudhomestore.gov,TRUE
research.gov,TRUE
weather.ndc.nasa.gov,TRUE
dla.mil,TRUE
bea.gov,TRUE
choose.va.gov,TRUE
acf.gov,TRUE
ods.od.nih.gov,TRUE
marketplace.gsafleet.gov,TRUE
usmarshals.gov,TRUE
portal.cms.cmsnet,TRUE
usembassy.gov,TRUE
ecomp.dol.gov,TRUE
qpp.cms.gov,TRUE
nia.nih.gov,TRUE
occ.gov,TRUE
portal.usaccess.gsa.gov,TRUE
nces.ed.gov,TRUE
amc.af.mil,TRUE
usitc.gov,TRUE
identitytheft.gov,TRUE
banks.data.fdic.gov,TRUE
mytravel.state.gov,TRUE
nlm.nih.gov,TRUE
sss.gov,TRUE
wwwn.cdc.gov,TRUE
cfpub.epa.gov,TRUE
usvisaappt.com,TRUE
g-cnmi-eta.cbp.dhs.gov,TRUE
history.navy.mil,TRUE
healthcare.gov,TRUE
dcsa.mil,TRUE
fec.gov,TRUE
nhc.noaa.gov,TRUE
ebuy.gsa.gov,TRUE
nida.nih.gov,TRUE
legacy.sba.gov,TRUE
employeeexpress.gov,TRUE
founders3.upress.virginia.edu,TRUE
fire.airnow.gov,TRUE
headstart.gov,TRUE
doi.gov,TRUE
wildhorsesonline.blm.gov,TRUE
collegescorecard.ed.gov,TRUE
store.usgs.gov,TRUE
medicaid.gov,TRUE
owcpconnect.dol.gov,TRUE
fdanj.nlm.nih.gov,TRUE
globaldossier.uspto.gov,TRUE
support.nlm.nih.gov,TRUE
fbijobs.gov,TRUE
obamawhitehouse.archives.gov,TRUE
ornl.gov,TRUE
niaid.nih.gov,TRUE
vacareers.va.gov,TRUE
ninds.nih.gov,TRUE
mx.usembassy.gov,TRUE
meshb.nlm.nih.gov,TRUE
myeverify.uscis.gov,TRUE
reginfo.gov,TRUE
nco.ncep.noaa.gov,TRUE
ncei.noaa.gov,TRUE
benefeds.gov,TRUE
idcfars.bls.gov,TRUE
fdrlibrary.org,TRUE
passportappointment.travel.state.gov,TRUE
servicesonline.opm.gov,TRUE
e-publishing.af.mil,TRUE
benefits.va.gov,TRUE
auth.nih.gov,TRUE
collections.nlm.nih.gov,TRUE
therealcost.betobaccofree.hhs.gov,TRUE
ready.gov,TRUE
fincen.gov,TRUE
atf.gov,TRUE
ahrq.gov,TRUE
allowances.state.gov,TRUE
cdx.epa.gov,TRUE
apprenticeship.gov,TRUE
ladsweb.modaps.eosdis.nasa.gov,TRUE
fsafeds.gov,TRUE
energystar.gov,TRUE
report.nih.gov,TRUE
mobile.va.gov,TRUE
fsa.usda.gov,TRUE
navy.mil,TRUE
womenshealth.gov,TRUE
uspsoperationsanta.com,TRUE
wpc.ncep.noaa.gov,TRUE
wonder.cdc.gov,TRUE
help.cbp.gov,TRUE
mycg.uscg.mil,TRUE
es-tools.usps.com,TRUE
jpl.nasa.gov,TRUE
earthexplorer.usgs.gov,TRUE
patentsgazette.uspto.gov,TRUE
nrcs.usda.gov,TRUE
search.justice.gov,TRUE
jfk.artifacts.archives.gov,TRUE
missingmail.usps.com,TRUE
secretservice.gov,TRUE
pbgc.gov,TRUE
cdse.edu,TRUE
ers.usda.gov,TRUE
cms.gov,TRUE
netdmr.epa.gov,TRUE
weather.gov,TRUE
ars.usda.gov,TRUE
ready.noaa.gov,TRUE
ams.usda.gov,TRUE
globe.gov,TRUE
gsafleet.gov,TRUE
usaspending.gov,TRUE
kinetics.nist.gov,TRUE
comptox.epa.gov,TRUE
idp.int.identitysandbox.gov,TRUE
echo.epa.gov,TRUE
tsunami.gov,TRUE
sanctionslist.ofac.treas.gov,TRUE
sewp.nasa.gov,TRUE
fiscal.treasury.gov,TRUE
research.fs.usda.gov,TRUE
evus.gov,TRUE
testpubchem.ncbi.nlm.nih.gov,TRUE
id.nlm.nih.gov,TRUE
plants.sc.egov.usda.gov,TRUE
osti.gov,TRUE
dataprivacyframework.gov,TRUE
gsaelibrary.gsa.gov,TRUE
nccih.nih.gov,TRUE
reagan.artifacts.archives.gov,TRUE
spouseworks.militaryonesource.mil,TRUE
hrsa.gov,TRUE
hysplitbbs.arl.noaa.gov,TRUE
effectivehealthcare.ahrq.gov,TRUE
ppms.gov,TRUE
uspreventiveservicestaskforce.org,TRUE
ordspub.epa.gov,TRUE
yosemite.epa.gov,TRUE
dcma.mil,TRUE
fhwa.dot.gov,TRUE
eol.jsc.nasa.gov,TRUE
par.nsf.gov,TRUE
ncua.gov,TRUE
health-benefits.opm.gov,TRUE
127.0.0.1,TRUE
ncbi.nlm.nih.gov,TRUE
ferc.gov,TRUE
harp.cms.gov,TRUE
docline.gov,TRUE
help.usajobs.gov,TRUE
eprr.lanl.gov,TRUE
nal.usda.gov,TRUE
mymarketnews.ams.usda.gov,TRUE
department.va.gov,TRUE
ada.gov,TRUE
esd.whs.mil,TRUE
svs.gsfc.nasa.gov,TRUE
nas.er.usgs.gov,TRUE
ocrcas.ed.gov,TRUE
intranet.hhs.gov,TRUE
openpaymentsdata.cms.gov,TRUE
everykidoutdoors.gov,TRUE
2009-2017.state.gov,TRUE
grantee.fema.gov,TRUE
famauth.wildfire.gov,TRUE
bie.edu,TRUE
nspires.nasaprs.com,TRUE
graphical.weather.gov,TRUE
home.nps.gov,TRUE
phmsa.dot.gov,TRUE
usps.com,TRUE
installations.militaryonesource.mil,TRUE
centcom.mil,TRUE
sdwis.epa.gov,TRUE
espo.nasa.gov,TRUE
mlrs.blm.gov,TRUE
fiscaldata.treasury.gov,TRUE
jfklibrary.org,TRUE
oge.gov,TRUE
nps.gov,TRUE
psl.noaa.gov,TRUE
afdc.energy.gov,TRUE
postalpro.usps.com,TRUE
icd10cmtool.cdc.gov,TRUE
nepis.epa.gov,TRUE
rpki-monitor.antd.nist.gov,TRUE
eddm.usps.com,TRUE
uscis.gov,TRUE
datadashboard.fda.gov,TRUE
nsa.gov,TRUE
asc.gov,TRUE
era.nih.gov,TRUE
www-ncbi-nlm-nih-gov.translate.goog,TRUE
search.ssa.gov,TRUE
nij.ojp.gov,TRUE
afpc.af.mil,TRUE
cem.va.gov,TRUE
spaceforce.mil,TRUE
jp.usembassy.gov,TRUE
test-ndacc.larc.nasa.gov,TRUE
cesdata.bls.gov,TRUE
ppubs.uspto.gov,TRUE
search.archives.gov,TRUE
gmd-int.cmdl.noaa.gov,TRUE
cool.osd.mil,TRUE
enviro.epa.gov,TRUE
data.nasa.gov,TRUE
dco.uscg.mil,TRUE
niams.nih.gov,TRUE
fbi.gov,TRUE
ies.ed.gov,TRUE
es.usps.com,TRUE
apprenticeship.gov,TRUE
med.navy.mil,TRUE
llnl.gov,TRUE
es.medicare.gov,TRUE
mrdata.usgs.gov,TRUE
bush41library.gov,TRUE
niaaa.nih.gov,TRUE
msha.gov,TRUE
esrs.jsc.nasa.gov,TRUE
goes.noaa.gov,TRUE
usbr.gov,TRUE
mars.nasa.gov,TRUE
hfpappexternal.fda.gov,TRUE
hazards.fema.gov,TRUE
coast.noaa.gov,TRUE
ptsd.va.gov,TRUE
reach.cdc.gov,TRUE
studyinthestates.dhs.gov,TRUE
china.usembassy-china.org.cn,TRUE
gpm.nasa.gov,TRUE
login.gov,TRUE
products.coastalscience.noaa.gov,TRUE
in.usembassy.gov,TRUE
anl.gov,TRUE
airuniversity.af.edu,TRUE
newsroom.tricare.mil,TRUE
war.gov,TRUE
usaperformance.opm.gov,TRUE
nationalmuseum.af.mil,TRUE
bsaefiling.fincen.gov,TRUE
glorecords.blm.gov,TRUE
icis.epa.gov,TRUE
data.transportation.gov,TRUE
sites.ed.gov,TRUE
careers.state.gov,TRUE
eftps.gov,TRUE
webapps.dol.gov,TRUE
uspsdelivers.com,TRUE
grc.nasa.gov,TRUE
nihms.nih.gov,TRUE
neh.gov,TRUE
navsea.navy.mil,TRUE
podaac.jpl.nasa.gov,TRUE
nro.gov,TRUE
nsidc.org,TRUE
usar.army.mil,TRUE
rrb.gov,TRUE
nichd.nih.gov,TRUE
cde.ucr.cjis.gov,TRUE
exchanges.state.gov,TRUE
gis.cdc.gov,TRUE
arlingtoncemetery.mil,TRUE
portal.census.gov,TRUE
foodsafety.gov,TRUE
ic3.gov,TRUE
climate.gov,TRUE
ciencia.nasa.gov,TRUE
prodpx-promotool.usps.com,TRUE
dashboard.waterdata.usgs.gov,TRUE
1950census.archives.gov,TRUE
answers.hud.gov,TRUE
vlm.cem.va.gov,TRUE
public.era.nih.gov,TRUE
oalj.dol.gov,TRUE
training.seer.cancer.gov,TRUE
militarypay.defense.gov,TRUE
ospo.noaa.gov,TRUE
bia.gov,TRUE
emailus.usps.com,TRUE
nationalguard.mil,TRUE
niehs.nih.gov,TRUE
cool.osd.mil,TRUE
airquality.gsfc.nasa.gov,TRUE
darpa.mil,TRUE
oceandata.sci.gsfc.nasa.gov,TRUE
oceanexplorer.noaa.gov,TRUE
ocrtraining.cit.nih.gov,TRUE
apps.bea.gov,TRUE
portal.gdc.cancer.gov,TRUE
highways.dot.gov,TRUE
cameochemicals.noaa.gov,TRUE
findtreatment.gov,TRUE
nidcd.nih.gov,TRUE
astrobiology.nasa.gov,TRUE
www1.grc.nasa.gov,TRUE
hpms.cms.gov,TRUE
apps.usfa.fema.gov,TRUE
bhw.hrsa.gov,TRUE
npdb.hrsa.gov,TRUE
openi-vip.nlm.nih.gov,TRUE
jcs.mil,TRUE
digital.weather.gov,TRUE
recruiting.army.mil,TRUE
buy.gsa.gov,TRUE
ivs-sign.usps.com,TRUE
odin.t2com.army.mil,TRUE
irsauctions.gov,TRUE
halekoa.com,TRUE
lbj.artifacts.archives.gov,TRUE
cccm.thinkculturalhealth.hhs.gov,TRUE
online-auction.state.gov,TRUE
access-board.gov,TRUE
clinicalinfo.hiv.gov,TRUE
forum.earthdata.nasa.gov,TRUE
passportfacilitylocator.travel.state.gov,TRUE
etd.gsfc.nasa.gov,TRUE
aspe.hhs.gov,TRUE
j1visa.state.gov,TRUE
mycaa.militaryonesource.mil,TRUE
obama.artifacts.archives.gov,TRUE
nccdb.fmcsa.dot.gov,TRUE
widget.airnow.gov,TRUE
ohrp.cit.nih.gov,TRUE
arts.gov,TRUE
georgewbush-whitehouse.archives.gov,TRUE
netc.navy.mil,TRUE
jobcorps.gov,TRUE
ntia.gov,TRUE
pagrants.fema.gov,TRUE
stereo-ssc.nascom.nasa.gov,TRUE
eric.ed.gov.qipservices.com,TRUE
stopbullying.gov,TRUE
owcpmed.dol.gov,TRUE
physics.nist.gov,TRUE
bja.ojp.gov,TRUE
news.uscg.mil,TRUE
pubmed-ncbi-nlm-nih-gov.pbidi.unam.mx,TRUE
bjs.ojp.gov,TRUE
foia.state.gov,TRUE
armedforcessports.defense.gov,TRUE
lanl.gov,TRUE
nifc.gov,TRUE
uscg.mil,TRUE
zh.usps.com,TRUE
energystar.gov,TRUE
nga.mil,TRUE
npgallery.nps.gov,TRUE
nass.usda.gov,TRUE
oncprojectracking.healthit.gov,TRUE
aoml.noaa.gov,TRUE
irma.nps.gov,TRUE
usa.gov,TRUE
ned.nih.gov,TRUE
portal.ice.gov,TRUE
trumpwhitehouse.archives.gov,TRUE
iprr.cbp.gov,TRUE
cumulis.epa.gov,TRUE
transit.dot.gov,TRUE
gravelocator.cem.va.gov,TRUE
disc.gsfc.nasa.gov,TRUE
ssd.jpl.nasa.gov,TRUE
roc.noaa.gov,TRUE
geneva.usmission.gov,TRUE
nei.nih.gov,TRUE
19january2021snapshot.epa.gov,TRUE
mywaterway.epa.gov,TRUE
taxpayeradvocate.irs.gov,TRUE
sealevel.jpl.nasa.gov,TRUE
archive.cdc.gov,TRUE
rarediseases.info.nih.gov,TRUE
staging.seer.cancer.gov,TRUE
childwelfare.gov,TRUE
ford.artifacts.archives.gov,TRUE
nidcr.nih.gov,TRUE
occ.treas.gov,TRUE
msiexchange.nasa.gov,TRUE
www2.census.gov,TRUE
alzheimers.gov,TRUE
carson.armymwr.com,TRUE
foia.gov,TRUE
uk.usembassy.gov,TRUE
reaganlibrary.gov,TRUE
ph.usembassy.gov,TRUE
hiv.gov,TRUE
nlr.gov,TRUE
americorps.gov,TRUE
training.smartpay.gsa.gov,TRUE
egrants.cns.gov,TRUE
br.usembassy.gov,TRUE
trek.nasa.gov,TRUE
ttb.gov,TRUE
apps.occ.gov,TRUE
uscis.usajobs.gov,TRUE
secsearch.sec.gov,TRUE
publichealth.va.gov,TRUE
idcf.bls.gov,TRUE
farmers.gov,TRUE
cafc.uscourts.gov,TRUE
rma.usda.gov,TRUE
vehiclehistory.bja.ojp.gov,TRUE
phytochem.nal.usda.gov,TRUE
hawaii.armymwr.com,TRUE
dcms.uscg.mil,TRUE
acl.gov,TRUE
myplate.gov,TRUE
nodis3.gsfc.nasa.gov,TRUE
benning.armymwr.com,TRUE
accesstocare.va.gov,TRUE
beta.dol.gov,TRUE
aphis.usda.gov,TRUE
fhfa.gov,TRUE
choosework.ssa.gov,TRUE
fsafeds.gov,TRUE
bts.gov,TRUE
vacanteen.va.gov,TRUE
ldas.gsfc.nasa.gov,TRUE
eservices.archives.gov,TRUE
ntp.niehs.nih.gov,TRUE
teen.smokefree.gov,TRUE
co.usembassy.gov,TRUE
pubmed-ncbi-nlm-nih-gov-s-249.libdb.csu.edu.cn,TRUE
invasivespeciesinfo.gov,TRUE
hiv.lanl.gov,TRUE
studentprivacy.ed.gov,TRUE
jbsa.mil,TRUE
ndacc.larc.nasa.gov,TRUE
public.csr.nih.gov,TRUE
ask.fmcsa.dot.gov,TRUE
hood.armymwr.com,TRUE
science.data.nasa.gov,TRUE
smokefree.gov,TRUE
do.usembassy.gov,TRUE
myhealthevet.va.gov,TRUE
fema.gov,TRUE
ca.usembassy.gov,TRUE
northcom.mil,TRUE
bep.gov,TRUE
hivinfo.nih.gov,TRUE
daniocell.nichd.nih.gov,TRUE
snow.nasa.gov,TRUE
trumanlibrary.gov,TRUE
vcf.gov,TRUE
data.cdc.gov,TRUE
dnfsb.gov,TRUE
eplanning.blm.gov,TRUE
secure.rrb.gov,TRUE
stuttgart.armymwr.com,TRUE
redstone.armymwr.com,TRUE
wiesbaden.armymwr.com,TRUE
drum.armymwr.com,TRUE
dha.mil,TRUE
sewpprod.servicenowservices.com,TRUE
italy.armymwr.com,TRUE
usfa.fema.gov,TRUE
dcp.psc.gov,TRUE
cc.nih.gov,TRUE
volunteer.gov,TRUE
campbell.armymwr.com,TRUE
dlmf.nist.gov,TRUE
datasetcatalog.nlm.nih.gov,TRUE
grafenwoehr.armymwr.com,TRUE
surflant.usff.navy.mil,TRUE
daegu.armymwr.com,TRUE
fletc.gov,TRUE
magazine.medlineplus.gov,TRUE
tmsearch.uspto.gov,TRUE
stb.gov,TRUE
geoplatform.gov,TRUE
usace.army.mil,TRUE
rpki-monitor.nist.gov,TRUE
fedramp.gov,TRUE
search.usembassy.gov,TRUE
arpa-h.gov,TRUE
cdfifund.gov,TRUE
mobile.arc.nasa.gov,TRUE
nhsc.hrsa.gov,TRUE
oig.justice.gov,TRUE
app.fac.gov,TRUE
careers.bop.gov,TRUE
npgsweb.ars-grin.gov,TRUE
airbornescience.nasa.gov,TRUE
acquisitiongateway.gov,TRUE
helpwithmybank.gov,TRUE
kscweather.ksc.nasa.gov,TRUE
milgears.osd.mil,TRUE
bootcamp.navy.mil,TRUE
privacyshield.gov,TRUE
wamssoprd.epa.gov,TRUE
ovc.ojp.gov,TRUE
pubmed-d.ncbi.nlm.nih.gov,TRUE
staging.va.gov,TRUE
mutcd.fhwa.dot.gov,TRUE
pk.usembassy.gov,TRUE
discover.va.gov,TRUE
dsca.mil,TRUE
transtats.bts.gov,TRUE
zama.armymwr.com,TRUE
pubmed-ncbi-nlm-nih-gov.proxy.kib.ki.se,TRUE
itl.nist.gov,TRUE
homeandcity.nasa.gov,TRUE
nigms.nih.gov,TRUE
mapping.ncua.gov,TRUE
pmel.noaa.gov,TRUE
gsaglobalsupply.gsa.gov,TRUE
bd.usembassy.gov,TRUE
apps.usgs.gov,TRUE
uts.nlm.nih.gov,TRUE
wainwright.armymwr.com,TRUE
ar.usembassy.gov,TRUE
pacom.mil,TRUE
iqrs.npdb.hrsa.gov,TRUE
netl.doe.gov,TRUE
cuidadodesalud.gov,TRUE
namus.nij.ojp.gov,TRUE
civilrights.justice.gov,TRUE
digital.gov,TRUE
vetoviolence.cdc.gov,TRUE
nfc.usda.gov,TRUE
dodig.mil,TRUE
linkeddiscoveries.ncbi.nlm.nih.gov,TRUE
geocoding.geo.census.gov,TRUE
ops.fhwa.dot.gov,TRUE
dataprivacyframework.gov,TRUE
smap.jpl.nasa.gov,TRUE
swift.gsfc.nasa.gov,TRUE
healthit.gov,TRUE
salud.nih.gov,TRUE
eforms.state.gov,TRUE
lhncbc.nlm.nih.gov,TRUE
learning.cisa.gov,TRUE
data.nas.nasa.gov,TRUE
bioenergykdf.ornl.gov,TRUE
inl.gov,TRUE
4innovation.cms.gov,TRUE
iafdb.travel.state.gov,TRUE
science.gsfc.nasa.gov,TRUE
tr.usembassy.gov,TRUE
psnet.ahrq.gov,TRUE
espanol.womenshealth.gov,TRUE
oit.va.gov,TRUE
pmc-d.ncbi.nlm.nih.gov,TRUE
pepc.nps.gov,TRUE
atsdr.cdc.gov,TRUE
digital.va.gov,TRUE
ojjdp.ojp.gov,TRUE
collections.awsprod.nlm.nih.gov,TRUE
ice.gov,TRUE
comments.cftc.gov,TRUE
niccs.cisa.gov,TRUE
aetc.af.mil,TRUE
vn.usembassy.gov,TRUE
ahed.nasa.gov,TRUE
bragg.armymwr.com,TRUE
bsee.gov,TRUE
aff.gov,TRUE
cdp.dhs.gov,TRUE
usmcu.edu,TRUE
rrs.usace.army.mil,TRUE
solarsystem.nasa.gov,TRUE
2001-2009.state.gov,TRUE
reports.blm.gov,TRUE
ppms.gov,TRUE
garmisch.armymwr.com,TRUE
armyupress.army.mil,TRUE
fam.state.gov,TRUE
newsreleases.sandia.gov,TRUE
g20.org,TRUE
taggs.hhs.gov,TRUE
library.samhsa.gov,TRUE
collections-us-east-1.awsprod.nlm.nih.gov,TRUE
pages.nist.gov,TRUE
cdc.gov,TRUE
uat.urs.earthdata.nasa.gov,TRUE
19january2017snapshot.epa.gov,TRUE
bookings.halekoa.com,TRUE
acoms.cms.gov,TRUE
jbmhh.armymwr.com,TRUE
origin-east-www-wpc.woc.noaa.gov,TRUE
sdo.gsfc.nasa.gov,TRUE
npin.cdc.gov,TRUE
vinelink.dhs.gov,TRUE
earlycareer.usajobs.gov,TRUE
airpac.navy.mil,TRUE
mplnet.gsfc.nasa.gov,TRUE
data.healthcare.gov,TRUE
eauth.va.gov,TRUE
navcen.uscg.gov,TRUE
nric.inl.gov,TRUE
power.larc.nasa.gov,TRUE
skillbridge.mil,TRUE
connector.hrsa.gov,TRUE
cac.mil,TRUE
bphc.hrsa.gov,TRUE
afcent.af.mil,TRUE
floodsmart.gov,TRUE
kadena.af.mil,TRUE
data.medicaid.gov,TRUE
usfk.mil,TRUE
ffiec.cfpb.gov,TRUE
section508.gov,TRUE
fdr.artifacts.archives.gov,TRUE
th.usembassy.gov,TRUE
portal.hgeo.doe.gov,TRUE
preview.weather.gov,TRUE
visit.archives.gov,TRUE
art.gsa.gov,TRUE
marforres.marines.mil,TRUE
cnrfc.noaa.gov,TRUE
fws.gov,TRUE
tracker.nci.nih.gov,TRUE
edgarcompany.sec.gov,TRUE
aschq.army.mil,TRUE
smartpay.gsa.gov,TRUE
kr.usembassy.gov,TRUE
edelweisslodgeandresort.com,TRUE
arc.eeoc.gov,TRUE
www6.slac.stanford.edu,TRUE
id.usembassy.gov,TRUE
edwards.af.mil,TRUE
grants.gov,TRUE
stewarthunter.armymwr.com,TRUE
sill.armymwr.com,TRUE
usmap.osd.mil,TRUE
cpars.gov,TRUE
facadatabase.gov,TRUE
nutrition.gov,TRUE
int.ttbonline.gov,TRUE
home.grantsolutions.gov,TRUE
science-nasa-gov.translate.goog,TRUE
search.osha.gov,TRUE
unicor.gov,TRUE
armymwr.com,TRUE
knox.armymwr.com,TRUE
lehd.ces.census.gov,TRUE
opd-ui.uspto.gov,TRUE
planthardiness.ars.usda.gov,TRUE
apfs-cloud.dhs.gov,TRUE
ae.usembassy.gov,TRUE
americanenglish.state.gov,TRUE
fr.usembassy.gov,TRUE
videocast.nih.gov,TRUE
vendorportal.ecms.va.gov,TRUE
chievres.armymwr.com,TRUE
owcp.industrypartners.dol.gov,TRUE
dia.mil,TRUE
it.usembassy.gov,TRUE
consumidor.gov,TRUE
search.asf.alaska.edu,TRUE
ait.org.tw,TRUE
spr.doe.gov,TRUE
sanctuaries.noaa.gov,TRUE
dodcui.mil,TRUE
uspsoperationsanta.com,TRUE
comptroller.war.gov,TRUE
edgarfiling.sec.gov,TRUE
georgewbushlibrary.gov,TRUE
insurekidsnow.gov,TRUE
pe.usembassy.gov,TRUE
uspsdelivers.com,TRUE
ccac.gov,TRUE
betterbuildingssolutioncenter.energy.gov,TRUE
spacecom.mil,TRUE
imagine.gsfc.nasa.gov,TRUE
aeronet.gsfc.nasa.gov,TRUE
oig.ssa.gov,TRUE
childcare.gov,TRUE
eg.usembassy.gov,TRUE
dbgap.ncbi.nlm.nih.gov,TRUE
slosh.nws.noaa.gov,TRUE
afrc.af.mil,TRUE
3d.nih.gov,TRUE
ctsu.cancer.gov,TRUE
ipp.gov,TRUE
nfc.usda.gov,TRUE
banknet.gov,TRUE
idcfoews.bls.gov,TRUE
orise.orau.gov,TRUE
education.arlingtoncemetery.mil,TRUE
caregiver.va.gov,TRUE
servicerefunds.usps.com,TRUE
data.nssl.noaa.gov,TRUE
nasa.usajobs.gov,TRUE
railroads.dot.gov,TRUE
au.usembassy.gov,TRUE
coastwatch.noaa.gov,TRUE
intern.usajobs.gov,TRUE
arc.fiscal.treasury.gov,TRUE
cde.nlm.nih.gov,TRUE
es.usembassy.gov,TRUE
lod.nal.usda.gov,TRUE
kaiserslautern.armymwr.com,TRUE
manpower.marines.mil,TRUE
bf.usembassy.gov,TRUE
rucker.armymwr.com,TRUE
leb.fbi.gov,TRUE
bcrisktool.cancer.gov,TRUE
acc.af.mil,TRUE
za.usembassy.gov,TRUE
ncses.nsf.gov,TRUE
odni.gov,TRUE
co-ops.nos.noaa.gov,TRUE
coastalscience.noaa.gov,TRUE
prod-west-nhc.woc.noaa.gov,TRUE
opa.hhs.gov,TRUE
bliss.armymwr.com,TRUE
consumidor.ftc.gov,TRUE
nixonlibrary.gov,TRUE
astromaterials.jsc.nasa.gov,TRUE
mpg3.dmz.ornl.gov,TRUE
ai.mil,TRUE
cdxapps.epa.gov,TRUE
armyresilience.army.mil,TRUE
ccr.cancer.gov,TRUE
fedramp.gov,TRUE
maritime.dot.gov,TRUE
southcom.mil,TRUE
il.usembassy.gov,TRUE
pubmed-ncbi-nlm-nih-gov-443.webvpn.ccmu.edu.cn,TRUE
dataprivacyframework.azurewebsites.net,TRUE
aflcmc.af.mil,TRUE
westpoint.armymwr.com,TRUE
www2.helpwithmybank.gov,TRUE
irs.usajobs.gov,TRUE
cusnc.navy.mil,TRUE
dml.msfc.nasa.gov,TRUE
usun.usmission.gov,TRUE
afsoc.af.mil,TRUE
hr.nih.gov,TRUE
surfpac.navy.mil,TRUE
boem.gov,TRUE
ladmf.ntis.gov,TRUE
dfc.gov,TRUE
pids.cdc.gov,TRUE
armytenmiler.com,TRUE
cnrj.cnic.navy.mil,TRUE
deadiversion.usdoj.gov,TRUE
consumerfinance.gov,TRUE
meps.ahrq.gov,TRUE
prod-east-nhc.woc.noaa.gov,TRUE
ebrap.org,TRUE
walterreed.tricare.mil,TRUE
council.epa.gov,TRUE
forums.nlr.gov,TRUE
ramstein.af.mil,TRUE
observer.globe.gov,TRUE
etariff.ferc.gov,TRUE
afmc.af.mil,TRUE
www2.occ.gov,TRUE
dataview.ncbi.nlm.nih.gov,TRUE
pvwatts.nlr.gov,TRUE
jblm.armymwr.com,TRUE
response.epa.gov,TRUE
gsaglobalsupply.gsa.gov,TRUE
childwelfare.gov,TRUE
nohrsc.noaa.gov,TRUE
abmc.gov,TRUE
espanol.nichd.nih.gov,TRUE
fdms.gov,TRUE
leonardwood.armymwr.com,TRUE
ntrl.ntis.gov,TRUE
acq.osd.mil,TRUE
eus.cms.gov,TRUE
search.epa.gov,TRUE
ncbiinsights.ncbi.nlm.nih.gov,TRUE
tfx.treasury.gov,TRUE
volunteer.gov,TRUE
de.usembassy.gov,TRUE
basictraining.af.mil,TRUE
geodesy.noaa.gov,TRUE
hdpulse.nimhd.nih.gov,TRUE
oh.larc.nasa.gov,TRUE
my.ginniemae.gov,TRUE
hk.usconsulate.gov,TRUE
sa.usembassy.gov,TRUE
presidio.armymwr.com,TRUE
nowcoast.noaa.gov,TRUE
seedfund.nsf.gov,TRUE
bwt.cbp.dhs.gov,TRUE
ready.arl.noaa.gov,TRUE
mspb.gov,TRUE
history.army.mil,TRUE
army.edu,TRUE
bugs.earthdata.nasa.gov,TRUE
911.gov,TRUE
shop.nist.gov,TRUE
snaped.fna.usda.gov,TRUE
jber.jb.mil,TRUE
mentalhealth.va.gov,TRUE
help.nfc.usda.gov,TRUE
fai.gov,TRUE
obamalibrary.gov,TRUE
swehb.nasa.gov,TRUE
hudoig.gov,TRUE
dctd.cancer.gov,TRUE
starchild.gsfc.nasa.gov,TRUE
science-data.larc.nasa.gov,TRUE
fissweb.fda.gov,TRUE
j1visawaiverrecommendation.state.gov,TRUE
bpa.gov,TRUE
ncfi.usss.gov,TRUE
www3.epa.gov,TRUE
i-nspires.nasaprs.com,TRUE
p9izlkexjiwextzexwveuy4-s-a2360.r1.duohuijixie.com,TRUE
www2a.cdc.gov,TRUE
cnrsw.cnic.navy.mil,TRUE
volcanoes.usgs.gov,TRUE
mirecc.va.gov,TRUE
c7f.navy.mil,TRUE
espanol.epa.gov,TRUE
forestservicecareers.usajobs.gov,TRUE
cdmrp.health.mil,TRUE
cddis.nasa.gov,TRUE
dhs.usajobs.gov,TRUE
usda.usajobs.gov,TRUE
primis.phmsa.dot.gov,TRUE
usmma.edu,TRUE
2017-2021.commerce.gov,TRUE
parkplanning.nps.gov,TRUE
americanspaces.state.gov,TRUE
pacaf.af.mil,TRUE
cnic.navy.mil,TRUE
marineband.marines.mil,TRUE
research.va.gov,TRUE
cpars.gov,TRUE
cnreurafcent.cnic.navy.mil,TRUE
findingaids.nlm.nih.gov,TRUE
aaro.mil,TRUE
gacc.nifc.gov,TRUE
doc.defense.gov,TRUE
jpl.nasa.gov,TRUE
alpha.sam.gov,TRUE
airforcemedicine.af.mil,TRUE
jobs.cdc.gov,TRUE
ussf-cfc.spaceforce.mil,TRUE
tmog.uspto.gov,TRUE
mor.nlm.nih.gov,TRUE
resources.hud.gov,TRUE
mcrc.marines.mil,TRUE
nsf.gov,TRUE
srdata.nist.gov,TRUE
nwrfc.noaa.gov,TRUE
skillbridge.mil,TRUE
osc.gov,TRUE
toolkit.climate.gov,TRUE
humphreys.armymwr.com,TRUE
8tharmy.korea.army.mil,TRUE
e-safe.cbp.dhs.gov,TRUE
portsmouth.tricare.mil,TRUE
atlanticarea.uscg.mil,TRUE
ffr.cnic.navy.mil,TRUE
fmc.gov,TRUE
wisqars.cdc.gov,TRUE
asd.gsfc.nasa.gov,TRUE
qcn.mytva.com,TRUE
eglin.af.mil,TRUE
cnrma.cnic.navy.mil,TRUE
wpafb.af.mil,TRUE
pwrc.usgs.gov,TRUE
nssl.noaa.gov,TRUE
stage.energy.gov,TRUE
ceres.larc.nasa.gov,TRUE
oig.dhs.gov,TRUE
webpricer.cms.gov,TRUE
nbi.larc.nasa.gov,TRUE
telehealth.hhs.gov,TRUE
bidenwhitehouse.archives.gov,TRUE
savingsbonds.gov,TRUE
gsaadvantage-test3.fas.gsa.gov,TRUE
lrd.usace.army.mil,TRUE
1997-2001.state.gov,TRUE
giss.nasa.gov,TRUE
quickstats.nass.usda.gov,TRUE
grants.hrsa.gov,TRUE
asa24.nci.nih.gov,TRUE
ke.usembassy.gov,TRUE
afaccessionscenter.af.mil,TRUE
whitesands.armymwr.com,TRUE
allhands.navy.mil,TRUE
wageandsalary.dcpas.osd.mil,TRUE
connect.aviationweather.gov,TRUE
seaportal.dol.gov,TRUE
naif.jpl.nasa.gov,TRUE
cbrfc.noaa.gov,TRUE
ivscc.gsfc.nasa.gov,TRUE
ndc.services.cdc.gov,TRUE
dodcio.defense.gov,TRUE
www-curator.jsc.nasa.gov,TRUE
gettested.cdc.gov,TRUE
mchb.hrsa.gov,TRUE
www3.nasa.gov,TRUE
usphs.gov,TRUE
designsystem.digital.gov,TRUE
cr.usembassy.gov,TRUE
search.ftc.gov,TRUE
ve.usembassy.gov,TRUE
bmtflightphotos.af.mil,TRUE
streamstats.usgs.gov,TRUE
purplebooksearch.fda.gov,TRUE
energyright.com,TRUE
neutrons.ornl.gov,TRUE
sealevel.nasa.gov,TRUE
minorityhealth.hhs.gov,TRUE
belvoir.armymwr.com,TRUE
cnrse.cnic.navy.mil,TRUE
jble.af.mil,TRUE
str.gsa.gov,TRUE
zh-tools.usps.com,TRUE
ferconline.ferc.gov,TRUE
usap.gov,TRUE
gudid.fda.gov,TRUE
realestatesales.gov,TRUE
gt.usembassy.gov,TRUE
hudoig.gov,TRUE
open.fda.gov,TRUE
git.earthdata.nasa.gov,TRUE
eisenhowerlibrary.gov,TRUE
certify.sba.gov,TRUE
wiki.nci.nih.gov,TRUE
fac.gov,TRUE
mobilefire.airnow.gov,TRUE
iq.usembassy.gov,TRUE
ec.usembassy.gov,TRUE
afrl.af.mil,TRUE
commonresearchmodel.larc.nasa.gov,TRUE
vsac.nlm.nih.gov,TRUE
ohss.dhs.gov,TRUE
clinicalstudies.info.nih.gov,TRUE
nicic.gov,TRUE
share.america.gov,TRUE
appeears.earthdatacloud.nasa.gov,TRUE
arpa-e.energy.gov,TRUE
jbcharleston.jb.mil,TRUE
hill.af.mil,TRUE
foodbuyingguide.fns.usda.gov,TRUE
response.restoration.noaa.gov,TRUE
mcrdpi.marines.mil,TRUE
drafting.ecfr.gov,TRUE
mynasadata.larc.nasa.gov,TRUE
yuma.armymwr.com,TRUE
spinoff.nasa.gov,TRUE
cmgds.marine.usgs.gov,TRUE
cor1.gsfc.nasa.gov,TRUE
bayne-jones.tricare.mil,TRUE
19january2025snapshot.epa.gov,TRUE
ngs.noaa.gov,TRUE
etap.nsf.gov,TRUE
yali.state.gov,TRUE
status.ssa.gov,TRUE
ipac.ecosphere.fws.gov,TRUE
atammc.tricare.mil,TRUE
wcms-wp.cdc.gov,TRUE
pubmed-ncbi-nlm-nih-gov.insb.bib.cnrs.fr,TRUE
fpacbc.usda.gov,TRUE
household-survey.fdic.gov,TRUE
pki.treasury.gov,TRUE
www2.ustraveldocs.com,TRUE
j1visawaiverstatus.state.gov,TRUE
data.ers.usda.gov,TRUE
istcolloq.gsfc.nasa.gov,TRUE
fts.tsa.dhs.gov,TRUE
stage.fws.gov,TRUE
pl.usembassy.gov,TRUE
finance.ocfo.gsa.gov,TRUE
lineofdeparture.army.mil,TRUE
cancer.gov,TRUE
coralreefwatch.noaa.gov,TRUE
satcorps.larc.nasa.gov,TRUE
wapa.gov,TRUE
phinvads.cdc.gov,TRUE
usagm.gov,TRUE
dowcio.war.gov,TRUE
pubmed.66557.net,TRUE
prologue.blogs.archives.gov,TRUE
ice.usajobs.gov,TRUE
mcrdsd.marines.mil,TRUE
mfix.netl.doe.gov,TRUE
dietaryguidelines.gov,TRUE
misawa.af.mil,TRUE
hcup-us.ahrq.gov,TRUE
ng.usembassy.gov,TRUE
ndu.edu,TRUE
europeafrica.army.mil,TRUE
jbmdl.jb.mil,TRUE
sideshow.jpl.nasa.gov,TRUE
search.gsa.gov,TRUE
889.smartpay.gsa.gov,TRUE
ttabcenter.uspto.gov,TRUE
omao.noaa.gov,TRUE
alumni.state.gov,TRUE
mycreditunion.gov,TRUE
womack.tricare.mil,TRUE
youth.gov,TRUE
asdc.larc.nasa.gov,TRUE
data.usgs.gov,TRUE
marketplace.va.gov,TRUE
news.fnal.gov,TRUE
ssai.usajobs.gov,TRUE
esdpubs.nasa.gov,TRUE
viewer.weather.noaa.gov,TRUE
eclaimant.dol.gov,TRUE
edie.fdic.gov,TRUE
tinker.af.mil,TRUE
hawc.epa.gov,TRUE
earth.gsfc.nasa.gov,TRUE
music.af.mil,TRUE
technology.nasa.gov,TRUE
es-store.usps.com,TRUE
search.uscourts.gov,TRUE
kz.usembassy.gov,TRUE
bi.usembassy.gov,TRUE
data.dol.gov,TRUE
internationalclaims.usps.com,TRUE
macdill.af.mil,TRUE
ssc.spaceforce.mil,TRUE
darktarget.gsfc.nasa.gov,TRUE
bamc.tricare.mil,TRUE
fpr.ncua.gov,TRUE
getsmartaboutdrugs.gov,TRUE
biocollections.ars.usda.gov,TRUE
np.usembassy.gov,TRUE
earthdata.nasa.gov,TRUE
research.noaa.gov,TRUE
financialresearch.gov,TRUE
tmss.gsa.gov,TRUE
gmao.gsfc.nasa.gov,TRUE
catalog.nlm.nih.gov,TRUE
healthquality.va.gov,TRUE
nrs.ed.gov,TRUE
lejeune.marines.mil,TRUE
sv.usembassy.gov,TRUE
move.va.gov,TRUE
oig.ed.gov,TRUE
rapidrefresh.noaa.gov,TRUE
organdonor.gov,TRUE
webapps.nwfsc.noaa.gov,TRUE
jats.nlm.nih.gov,TRUE
ncats.nih.gov,TRUE
hn.usembassy.gov,TRUE
forcecom.uscg.mil,TRUE
oig.nasa.gov,TRUE
cto.mil,TRUE
prevention.mil,TRUE
glerl.noaa.gov,TRUE
wsearch.nlm.nih.gov,TRUE
nellis.af.mil,TRUE
sandiego.tricare.mil,TRUE
madigan.tricare.mil,TRUE
csrc.nist.rip,TRUE
sfs.opm.gov,TRUE
ma.usembassy.gov,TRUE
ares.jsc.nasa.gov,TRUE
waterqualitydata.us,TRUE
espoarchive.nasa.gov,TRUE
gipsy-oasis.jpl.nasa.gov,TRUE
history.uscg.mil,TRUE
smart.ojp.gov,TRUE
arctic.noaa.gov,TRUE
access.ginniemae.gov,TRUE
status.earthdata.nasa.gov,TRUE
dragonhilllodge.com,TRUE
cms.nps.gov,TRUE
preview-radar.weather.gov,TRUE
wiki.earthdata.nasa.gov,TRUE
quantico.marines.mil,TRUE
artreporting.cdc.gov,TRUE
cmfclearinghouse.fhwa.dot.gov,TRUE
rockyweb.usgs.gov,TRUE
usafe.af.mil,TRUE
ctip.defense.gov,TRUE
apps.gsl.noaa.gov,TRUE
manati.star.nesdis.noaa.gov,TRUE
rethinkingdrinking.niaaa.nih.gov,TRUE
tools.cdc.gov,TRUE
ava.jpl.nasa.gov,TRUE
buchanan.armymwr.com,TRUE
bookings.edelweisslodgeandresort.com,TRUE
my.ttb.gov,TRUE
gs6101-gmao.gsfc.nasa.gov,TRUE
heronetnext.epa.gov,TRUE
nps.usajobs.gov,TRUE
et.usembassy.gov,TRUE
spo.nmfs.noaa.gov,TRUE
goodfellow.af.mil,TRUE
cwoutcomes.acf.hhs.gov,TRUE
beaconregistration.noaa.gov,TRUE
meshb-prev.nlm.nih.gov,TRUE
oceanacidification.noaa.gov,TRUE
cops.usdoj.gov,TRUE
sos.noaa.gov,TRUE
agcounts.usda.gov,TRUE
mrms.nssl.noaa.gov,TRUE
arpc.afrc.af.mil,TRUE
tripler.tricare.mil,TRUE
2009-2017-fpc.state.gov,TRUE
pubmed-ncbi-nlm-nih-gov.libproxy1.nus.edu.sg,TRUE
diplomacy.state.gov,TRUE
eds.larc.nasa.gov,TRUE
trade.cbp.dhs.gov,TRUE
history.navy.mil,TRUE
portalval.cms.gov,TRUE
firstrespondertraining.gov,TRUE
olmsapps.dol.gov,TRUE
ozonewatch.gsfc.nasa.gov,TRUE
navalnuclearlab.energy.gov,TRUE
events.cancer.gov,TRUE
marsoweb.nas.nasa.gov,TRUE
ocreco.od.nih.gov,TRUE
phgkb.cdc.gov,TRUE
nauticalcharts.noaa.gov,TRUE
7atc.army.mil,TRUE
retail-pi.usps.com,TRUE
jo.usembassy.gov,TRUE
kirtland.af.mil,TRUE
spangdahlem.af.mil,TRUE
pec.ng.mil,TRUE
pubmed-ncbi-nlm-nih-gov.offcampus.lib.washington.edu,TRUE
ssaiheadquarters.usajobs.gov,TRUE
broadbandusa.ntia.gov,TRUE
warren.af.mil,TRUE
jm.usembassy.gov,TRUE
usafa.af.mil,TRUE
ndupress.ndu.edu,TRUE
justice.gov,TRUE
afgsc.af.mil,TRUE
go.gov,TRUE
pubmed-ncbi-nlm-nih-gov.cuml1.md.chula.ac.th,TRUE
onlineforms.edgarfiling.sec.gov,TRUE
robins.af.mil,TRUE
doingbusiness.msfc.nasa.gov,TRUE
pendleton.marines.mil,TRUE
lb.usembassy.gov,TRUE
ang.af.mil,TRUE
consumer.gov,TRUE
intelligence.gov,TRUE
hr.sandia.gov,TRUE
disposal.gsa.gov,TRUE
pa.usembassy.gov,TRUE
careers-pnnl.icims.com,TRUE
ems.gov,TRUE
gh.usembassy.gov,TRUE
digital.ahrq.gov,TRUE
oboculturalheritage.state.gov,TRUE
manufacturing.gov,TRUE
clintonlibrary.gov,TRUE
cyberworkforce.mil,TRUE
niwc.noaa.inl.gov,TRUE
fisheries.noaa.gov,TRUE
climate.us,TRUE
www-nasa-gov.translate.goog,TRUE
data.giss.nasa.gov,TRUE
data.niaid.nih.gov,TRUE
publications.usace.army.mil,TRUE
scott.af.mil,TRUE
mcbbutler.marines.mil,TRUE
staging.simpler.grants.gov,TRUE
map1.msc.fema.gov,TRUE
wicworks.fna.usda.gov,TRUE
daflearning.af.mil,TRUE
apps.glerl.noaa.gov,TRUE
nellis.tricare.mil,TRUE
nrl.navy.mil,TRUE
access.earthdata.nasa.gov,TRUE
darnall.tricare.mil,TRUE
fedcenter.gov,TRUE
mcc.gov,TRUE
ge.usembassy.gov,TRUE
data.tbportals.niaid.nih.gov,TRUE
dover.af.mil,TRUE
emc.ncep.noaa.gov,TRUE
educationusa.state.gov,TRUE
mooseframework.inl.gov,TRUE
beta.weather.gov,TRUE
foia.gov,TRUE
bls.gov,TRUE
nasa.gov,TRUE
agents.floodsmart.gov,TRUE
commonfund.nih.gov,TRUE
navsup.navy.mil,TRUE
fordlibrarymuseum.gov,TRUE
ro.usembassy.gov,TRUE
business.ustranscom.mil,TRUE
planetarynames.wr.usgs.gov,TRUE
justicegrants.usdoj.gov,TRUE
cl.usembassy.gov,TRUE
randr19.nist.gov,TRUE
ua.usembassy.gov,TRUE
grandforks.af.mil,TRUE
rsa.ed.gov,TRUE
cpf.navy.mil,TRUE
prod.nais.nasa.gov,TRUE
remm.hhs.gov,TRUE
appliedsciences.nasa.gov,TRUE
vandenberg.spaceforce.mil,TRUE
preptoolkit.fema.gov,TRUE
hanscom.af.mil,TRUE
prevention.cancer.gov,TRUE
jiatfs.southcom.mil,TRUE
aqua.nasa.gov,TRUE
joinastudy.niehs.nih.gov,TRUE
ncis.navy.mil,TRUE
ru.usembassy.gov,TRUE
airlant.usff.navy.mil,TRUE
airquality.weather.gov,TRUE
orip.nih.gov,TRUE
cnrfc.noaa.gov,TRUE
vetcenter.va.gov,TRUE
mnd.uscourts.gov,TRUE
yokota.af.mil,TRUE
fns-prod.azureedge.us,TRUE
usdaadvantage.gsa.gov,TRUE
fnal.gov,TRUE
bhwnextgen.hrsa.gov,TRUE
moody.af.mil,TRUE
eros.usgs.gov,TRUE
bo.usembassy.gov,TRUE
jba.af.mil,TRUE
cisalearning.prod.cisa.dhs.gov,TRUE
adp.noaa.gov,TRUE
gomo.army.mil,TRUE
monitor.sns.gov,TRUE
tmep.uspto.gov,TRUE
pacificarea.uscg.mil,TRUE
luke.af.mil,TRUE
crimesolutions.ojp.gov,TRUE
search.uat.earthdata.nasa.gov,TRUE
trek.msfc.nasa.gov,TRUE
help.cbp.gov,TRUE
marinedebris.noaa.gov,TRUE
nibib.nih.gov,TRUE
pubmed-ncbi-nlm-nih-gov.bvsp.idm.oclc.org,TRUE
cdaweb.gsfc.nasa.gov,TRUE
innovation.army.mil,TRUE
mms.gsfc.nasa.gov,TRUE
ereg.eoir.justice.gov,TRUE
qa.usembassy.gov,TRUE
worldwind.arc.nasa.gov,TRUE
nrd.gov,TRUE
standards.nasa.gov,TRUE
mpg4.dmz.ornl.gov,TRUE
benthamopenarchives.com,TRUE
kw.usembassy.gov,TRUE
researchdirectorate.larc.nasa.gov,TRUE
charts.noaa.gov,TRUE
search.clinicalgenome.org,TRUE
erdc.usace.army.mil,TRUE
nccih.nih.gov,TRUE
software.nasa.gov,TRUE
navfac.navy.mil,TRUE
btcomp.dol.gov,TRUE
inside.nssl.noaa.gov,TRUE
wicworks.fns.usda.gov,TRUE
hsrd.research.va.gov,TRUE
data.noaa.gov,TRUE
usmcservmart.gsa.gov,TRUE
archive.dni.gov,TRUE
ca7.uscourts.gov,TRUE
childcare-pre-prod.acf.gov,TRUE
foreignassistance.gov,TRUE
get.gov,TRUE
fic.nih.gov,TRUE
andersen.af.mil,TRUE
peerta.acf.hhs.gov,TRUE
hqrio.afrc.af.mil,TRUE
146.165.248.166,TRUE
gordon.armymwr.com,TRUE
ofaclicensing.ofac.treas.gov,TRUE
aftc.af.mil,TRUE
ug.usembassy.gov,TRUE
etariffuat.ferc.gov,TRUE
epi.grants.cancer.gov,TRUE
sam.usace.army.mil,TRUE
intelligencecareers.usajobs.gov,TRUE
iadrp.nia.nih.gov,TRUE
tetruss.larc.nasa.gov,TRUE
deeoic.dol.gov,TRUE
mymoney.gov,TRUE
ipidentifier.uspto.gov,TRUE
cbp.gov,TRUE
justthinktwice.gov,TRUE
millifelearning.militaryonesource.mil,TRUE
archive.ada.gov,TRUE
dpaa.mil,TRUE
huachuca.armymwr.com,TRUE
giovanni.gsfc.nasa.gov,TRUE
text-message.blogs.archives.gov,TRUE
cmr.uat.earthdata.nasa.gov,TRUE
sba.gov,TRUE
shaw.af.mil,TRUE
petersonschriever.spaceforce.mil,TRUE
mepcom.army.mil,TRUE
childcareta.acf.hhs.gov,TRUE
1stmardiv.marines.mil,TRUE
ppa.mil,TRUE
www-cdc-gov.translate.goog,TRUE
oceantoday.noaa.gov,TRUE
holloman.af.mil,TRUE
programregistration.usps.com,TRUE
nas.nasa.gov,TRUE
water.usgs.gov,TRUE
vaadvantage.gsa.gov,TRUE
usdebitcard.gov,TRUE
navifor.usff.navy.mil,TRUE
i2e.nci.nih.gov,TRUE
cdxocsppapps.epa.gov,TRUE
apps.nlrb.gov,TRUE
ncpc.gov,TRUE
sma.nasa.gov,TRUE
centers.hpc.mil,TRUE
kauai.ccmc.gsfc.nasa.gov,TRUE
maxwell.af.mil,TRUE
sibr.nist.gov,TRUE
frs-public.epa.gov,TRUE
ryanwhite.hrsa.gov,TRUE
fitness.marines.mil,TRUE
navycollege.navy.mil,TRUE
findit.state.gov,TRUE
boiefiling.fincen.gov,TRUE
bulkorder.ftc.gov,TRUE
energystar.my.site.com,TRUE
wwiiregistry.abmc.gov,TRUE
thecommunityguide.org,TRUE
littlerock.af.mil,TRUE
doscareers.usajobs.gov,TRUE
tt.usembassy.gov,TRUE
history.defense.gov,TRUE
whs.mil,TRUE
roman.gsfc.nasa.gov,TRUE
eielson.af.mil,TRUE
gr.usembassy.gov,TRUE
rsreporting.opm.gov,TRUE
mgs-mager.gsfc.nasa.gov,TRUE
nifa.usda.gov,TRUE
eere-exchange.energy.gov,TRUE
usarj.army.mil,TRUE
stratcom.mil,TRUE
aab.larc.nasa.gov,TRUE
asprtracie.hhs.gov,TRUE
www-fda-gov.translate.goog,TRUE
ssa.usajobs.gov,TRUE
nccoe.nist.gov,TRUE
schoolsafety.gov,TRUE
coastwatch.glerl.noaa.gov,TRUE
origin-east-www-spc.woc.noaa.gov,TRUE
eoffer.gsa.gov,TRUE
travis.af.mil,TRUE
ch.usembassy.gov,TRUE
hgeo.energy.gov,TRUE
mildenhall.af.mil,TRUE
lbpw.larc.nasa.gov,TRUE
health.gov,TRUE
safetosleep.nichd.nih.gov,TRUE
facadatabase.gov,TRUE
prosthetics.va.gov,TRUE
pfpa.mil,TRUE
aberdeen.armymwr.com,TRUE
keesler.af.mil,TRUE
permits.performance.gov,TRUE
spdf.gsfc.nasa.gov,TRUE
imp.medicaid.gov,TRUE
mcconnell.af.mil,TRUE
d2d.gsa.gov,TRUE
iacc.hhs.gov,TRUE
riley.armymwr.com,TRUE
discover.dtic.mil,TRUE
trip.dhs.gov,TRUE
osi.af.mil,TRUE
sg.usembassy.gov,TRUE
stb.gov,TRUE
newbornscreening.hrsa.gov,TRUE
lk.usembassy.gov,TRUE
hpxml.nlr.gov,TRUE
prc.gov,TRUE
uspto.usajobs.gov,TRUE
cpo.noaa.gov,TRUE
pubmed-ncbi-nlm-nih-gov.ezproxy.u-paris.fr,TRUE
vaccines.gov,TRUE
william-beaumont.tricare.mil,TRUE
edrn-labcas.jpl.nasa.gov,TRUE
ellsworth.af.mil,TRUE
eog-tmng.uspto.gov,TRUE
offutt.af.mil,TRUE
pokagon.nsopw.gov,TRUE
kilaueamilitarycamp.com,TRUE
nl.usembassy.gov,TRUE
dceg.cancer.gov,TRUE
dz.usembassy.gov,TRUE
wvs.earthdata.nasa.gov,TRUE
portalval.cms.cmsval,TRUE
tricare.mil,TRUE
wioaplans.dol.gov,TRUE
pubmed-ncbi-nlm-nih-gov.bibliopass.unito.it,TRUE
data.ferc.gov,TRUE
armycivilianservice.usajobs.gov,TRUE
federalregister.gov,TRUE
ldlink.nih.gov,TRUE
ace-accounts.cbp.gov,TRUE
recentgrad.usajobs.gov,TRUE
image.gsfc.nasa.gov,TRUE
trafficsafetymarketing.gov,TRUE
csl.noaa.gov,TRUE
profiles.nlm.nih.gov,TRUE
usaccess.usalearning.gov,TRUE
housing.af.mil,TRUE
econsumer.gov,TRUE
arm.gov,TRUE
co.ng.mil,TRUE
nab.usace.army.mil,TRUE
snaped.fns.usda.gov,TRUE
awt.cbp.gov,TRUE
nwo.usace.army.mil,TRUE
aviano.af.mil,TRUE
miramar.marines.mil,TRUE
uz.usembassy.gov,TRUE
qtso.cms.gov,TRUE
energy.gov,TRUE
cmgds.er.usgs.gov,TRUE
my.usembassy.gov,TRUE
raportal.vpn.va.gov,TRUE
cwlibrary.childwelfare.gov,TRUE
ccmc.gsfc.nasa.gov,TRUE
tmdesigncodes.uspto.gov,TRUE
prhome.war.gov,TRUE
edit.doi.gov,TRUE
oralhealth.thinkculturalhealth.hhs.gov,TRUE
dafhistory.af.mil,TRUE
barksdale.af.mil,TRUE
enoad.nvmc.uscg.gov,TRUE
cd.usembassy.gov,TRUE
opm.gov,TRUE
cancercontrol.cancer.gov,TRUE
camp-pendleton.tricare.mil,TRUE
dm.af.mil,TRUE
topobuilder.nationalmap.gov,TRUE
vlm.cem.va.gov,TRUE
api.waterdata.usgs.gov,TRUE
srp.fas.gsa.gov,TRUE
isp.healthit.gov,TRUE
lasers.llnl.gov,TRUE
imagic.nlm.nih.gov,TRUE
fisheriespermits.noaa.gov,TRUE
sheppard.af.mil,TRUE
medicaid.gov,TRUE
energyright.mytva.com,TRUE
2021-2025.state.gov,TRUE
gdc.cancer.gov,TRUE
ecostress.jpl.nasa.gov,TRUE
petitions.obamawhitehouse.archives.gov,TRUE
octae.ed.gov,TRUE
arnold.af.mil,TRUE
doctrine.af.mil,TRUE
rockisland.armymwr.com,TRUE
qualityindicators.ahrq.gov,TRUE
classification.nlm.nih.gov,TRUE
precision.fda.gov,TRUE
cybercom.mil,TRUE
e.cbp.dhs.gov,TRUE
seed.nih.gov,TRUE
octrials.nci.nih.gov,TRUE
starcom.spaceforce.mil,TRUE
spot.weather.gov,TRUE
ideas-digitaltwin.jpl.nasa.gov,TRUE
fdms.gov,TRUE
mvr.usace.army.mil,TRUE
norad.mil,TRUE
sam.nlr.gov,TRUE
kunsan.af.mil,TRUE
uy.usembassy.gov,TRUE
navalsafetycommand.navy.mil,TRUE
pubmed-ncbi-nlm-nih-gov.laneproxy.stanford.edu,TRUE
sas.usace.army.mil,TRUE
solutions.arpa-h.gov,TRUE
pubmed-ncbi-nlm-nih-gov.uc.idm.oclc.org,TRUE
www-angler.larc.nasa.gov,TRUE
onrr.gov,TRUE
ie.usembassy.gov,TRUE
epic.gsfc.nasa.gov,TRUE
dcaa.mil,TRUE
hurlburt.af.mil,TRUE
moncrief.tricare.mil,TRUE
ivscc-vcc.org,TRUE
my.nasa.gov,TRUE
asean.usmission.gov,TRUE
pubmed-ncbi-nlm-nih-gov.proxy3.library.mcgill.ca,TRUE
imagwiki.nibib.nih.gov,TRUE
nutrition.va.gov,TRUE
camp-lejeune.tricare.mil,TRUE
jackson.armymwr.com,TRUE
rtlt.preptoolkit.fema.gov,TRUE
occ.gov,TRUE
safety.af.mil,TRUE
lr.usembassy.gov,TRUE
tyndall.af.mil,TRUE
www-nesdis-noaa-gov.translate.goog,TRUE
pubmed-ncbi-nlm-nih-gov.e.bibl.liu.se,TRUE
fincen105.cbp.dhs.gov,TRUE
evans.tricare.mil,TRUE
lincs.ed.gov,TRUE
catalog.gsa.gov,TRUE
heat.gov,TRUE
pubmed-ncbi-nlm-nih-gov.kyoto-u.idm.oclc.org,TRUE
cid.army.mil,TRUE
swpc-drupal.woc.noaa.gov,TRUE
whistleblowers.gov,TRUE
fpr.tsa.dhs.gov,TRUE
design.cms.gov,TRUE
fairchild.af.mil,TRUE
developer.uscis.gov,TRUE
videos.fisheries.noaa.gov,TRUE
idh.uspto.gov,TRUE
cactus.nci.nih.gov,TRUE
mcipac.marines.mil,TRUE
altus.af.mil,TRUE
scientificdiscoveries.ars.usda.gov,TRUE
al.usembassy.gov,TRUE
mountainhome.af.mil,TRUE
va.ng.mil,TRUE
leojira.ndc.nasa.gov,TRUE
cloudsgate2.larc.nasa.gov,TRUE
hoover.archives.gov,TRUE
dyess.af.mil,TRUE
trimewebmod.epa.gov,TRUE
meade.armymwr.com,TRUE
csp.navy.mil,TRUE
ngbpmc.ng.mil,TRUE
contact.fda.gov,TRUE
roundupreads.staging.ird.appdat.jsc.nasa.gov,TRUE
trngcmd.marines.mil,TRUE
nano.gov,TRUE
soho.nascom.nasa.gov,TRUE
oig.usda.gov,TRUE
ctcms.nist.gov,TRUE
authinternal.nih.gov,TRUE
cm.usembassy.gov,TRUE
ratereview.healthcare.gov,TRUE
cloud1.hanhongju.com,TRUE
afimsc.af.mil,TRUE
ph.health.mil,TRUE
winn.tricare.mil,TRUE
unwritten-record.blogs.archives.gov,TRUE
lakenheath.af.mil,TRUE
pubmed-ncbi-nlm-nih-gov.ejournal.mahidol.ac.th,TRUE
test-cwo.cwigng.com,TRUE
atthecore.usgs.gov,TRUE
pt.usembassy.gov,TRUE
mcchord.af.mil,TRUE
takeitdown.ftc.gov,TRUE
wilfordhall.tricare.mil,TRUE
gs66-vdclambda.ndc.nasa.gov,TRUE
developers.login.gov,TRUE
artcrimes.fbi.gov,TRUE
cybercoe.army.mil,TRUE
regulations.atf.gov,TRUE
my.usgs.gov,TRUE
blanchfield.tricare.mil,TRUE
usarmyband.com,TRUE
il.ngb.army.mil,TRUE
orwh.od.nih.gov,TRUE
hclsig.thinkculturalhealth.hhs.gov,TRUE
csms-int.nci.nih.gov,TRUE
mcasiwakuni.marines.mil,TRUE
cbpcomplaints.cbp.gov,TRUE
bb.usembassy.gov,TRUE
veterans.smokefree.gov,TRUE
ni.usembassy.gov,TRUE
energy.sandia.gov,TRUE
cuidadodesalud.gov,TRUE
ip.sandia.gov,TRUE
kcnsc.doe.gov,TRUE
pubmed.cesproxy.elogim.com,TRUE
minot.af.mil,TRUE
soldiersolutions.swf.army.mil,TRUE
rdms-mpep-vip.uspto.gov,TRUE
jts.health.mil,TRUE
www-pm.larc.nasa.gov,TRUE
oedwebdbapps.iso.noaa.gov,TRUE
policymanual.nih.gov,TRUE
4innovation-impl.cms.gov,TRUE
pubmed-ncbi-nlm-nih-gov.login.ezproxy.library.ualberta.ca,TRUE
sapr.mil,TRUE
3rdmaw.marines.mil,TRUE
ilrs.gsfc.nasa.gov,TRUE
open.gsa.gov,TRUE
inss.ndu.edu,TRUE
selectagents.gov,TRUE
osan.af.mil,TRUE
oig.dol.gov,TRUE
osmre.gov,TRUE
careeronestop.org,TRUE
shemesh.larc.nasa.gov,TRUE
kh.usembassy.gov,TRUE
oig.treasury.gov,TRUE
library.doc.gov,TRUE
adminhub.nih.gov,TRUE
pubmed-ncbi-nlm-nih-gov.proxy.lib.uiowa.edu,TRUE
dtra.mil,TRUE
hpc.nih.gov,TRUE
clintonwhitehouse4.archives.gov,TRUE
business.defense.gov,TRUE
malmstrom.af.mil,TRUE
access.uat.earthdata.nasa.gov,TRUE
frederick.cancer.gov,TRUE
ldrd-annual.llnl.gov,TRUE
math.nist.gov,TRUE
fermi.gsfc.nasa.gov,TRUE
bs.usembassy.gov,TRUE
reportefraude.ftc.gov,TRUE
xk.usembassy.gov,TRUE
search.copyright.gov,TRUE
data.va.gov,TRUE
hpc.llnl.gov,TRUE
archive.epa.gov,TRUE
ftp.nohrsc.noaa.gov,TRUE
daac.gsfc.nasa.gov,TRUE
calendar.nih.gov,TRUE
saj.usace.army.mil,TRUE
mpep.uspto.gov,TRUE
se.usembassy.gov,TRUE
go.dhs.gov,TRUE
emilms.fema.gov,TRUE
hcsc.va.gov,TRUE
adc.arm.gov,TRUE
st.llnl.gov,TRUE
seagrant.noaa.gov,TRUE
16af.af.mil,TRUE
nae.usace.army.mil,TRUE
ssfl.msfc.nasa.gov,TRUE
29palms.marines.mil,TRUE
ncsesdata.nsf.gov,TRUE
whiteman.af.mil,TRUE
hqmc.marines.mil,TRUE
landstuhl.tricare.mil,TRUE
dadds-dcs.data.nesdis.noaa.gov,TRUE
iris.epa.gov,TRUE
afcec.af.mil,TRUE
ndw.cnic.navy.mil,TRUE
accounts.waterdata.usgs.gov,TRUE
stab.larc.nasa.gov,TRUE
blsmon1.bls.gov,TRUE
seymourjohnson.af.mil,TRUE
floridakeys.noaa.gov,TRUE
firstnet.gov,TRUE
dpcpsi.nih.gov,TRUE
clintonwhitehouse6.archives.gov,TRUE
21af.amc.af.mil,TRUE
jcu.mil,TRUE
oe.t2com.army.mil,TRUE
archivesspace.nal.usda.gov,TRUE
content-drupal.climate.gov,TRUE
login.identitytheft.gov,TRUE
healthcaredelivery.cancer.gov,TRUE
nz.usembassy.gov,TRUE
datatools.samhsa.gov,TRUE
sem.dol.gov,TRUE
tm.usembassy.gov,TRUE
datatools.ahrq.gov,TRUE
fca.gov,TRUE
inside.fnal.gov,TRUE
pubmed-ncbi-nlm-nih-gov.ucsf.idm.oclc.org,TRUE
usff.navy.mil,TRUE
c6f.navy.mil,TRUE
public.srs.gov,TRUE
faa.usajobs.gov,TRUE
am.usembassy.gov,TRUE
usmcservmart.gsa.gov,TRUE
pubmed-ncbi-nlm-nih-gov.kumc.idm.oclc.org,TRUE
ncrms.niaid.nih.gov,TRUE
gammaray.msfc.nasa.gov,TRUE
ecc.uat.earthdata.nasa.gov,TRUE
quality-install-tool.pnnl.gov,TRUE
asa24.nih.gov,TRUE
easey.epa.gov,TRUE
www-nhc-noaa-gov.translate.goog,TRUE
climatesciences.jpl.nasa.gov,TRUE
rs.usembassy.gov,TRUE
swl.usace.army.mil,TRUE
circulatingnow.nlm.nih.gov,TRUE
fhfa.gov,TRUE
navyreserve.navy.mil,TRUE
laughlin.af.mil,TRUE
manufacturingusa.com,TRUE
environmental.larc.nasa.gov,TRUE
2ndmaw.marines.mil,TRUE
mhs-europe.tricare.mil,TRUE
onthemap.ces.census.gov,TRUE
gsa.usajobs.gov,TRUE
marforpac.marines.mil,TRUE
natsec.usajobs.gov,TRUE
public.ksc.nasa.gov,TRUE
goarmysof.army.mil,TRUE
amberalert.ojp.gov,TRUE
inside.niaid.nih.gov,TRUE
offutt.tricare.mil,TRUE
csaob.larc.nasa.gov,TRUE
pepcstage.nps.gov,TRUE
beale.af.mil,TRUE
dla.usajobs.gov,TRUE
e-file.eeoc.gov,TRUE
order.nia.nih.gov,TRUE
mvn.usace.army.mil,TRUE
cnrnw.cnic.navy.mil,TRUE
tech.hhs.gov,TRUE
bj.usembassy.gov,TRUE
eserviceregistration.ice.gov,TRUE
legacy.export.gov,TRUE
spcwebsite.spc.noaa.gov,TRUE
mmlweb.nist.gov,TRUE
clintonwhitehouse5.archives.gov,TRUE
pubmed-ncbi-nlm-nih-gov.ez.srv.meduniwien.ac.at,TRUE
nasacentral.my.site.com,TRUE
pubmed-ncbi-nlm-nih-gov.jmul.idm.oclc.org,TRUE
apps-garfo.fisheries.noaa.gov,TRUE
umbra.nascom.nasa.gov,TRUE
comptrollerofthecurrency.gov,TRUE
earth.gov,TRUE
patrick.spaceforce.mil,TRUE
tn.usembassy.gov,TRUE
search.nih.gov,TRUE
pwg.gsfc.nasa.gov,TRUE
pubmed-ncbi-nlm-nih-gov-443.vpn.ymun.edu.cn,TRUE
msc.usff.navy.mil,TRUE
hu.usembassy.gov,TRUE
msepjobs.militaryonesource.mil,TRUE
training.weather.gov,TRUE
cnrh.cnic.navy.mil,TRUE
ssaiatlanta.usajobs.gov,TRUE
pubmed-ncbi-nlm-nih-gov.autorpa.cmu.edu.tw,TRUE
asrs.arc.nasa.gov,TRUE
nccd.cdc.gov,TRUE
buckley.spaceforce.mil,TRUE
maps.nlr.gov,TRUE
planning.nps.gov,TRUE
wwao.jpl.nasa.gov,TRUE
imef.marines.mil,TRUE
web.fleet-stg.fcs.gsa.gov,TRUE
icesat.gsfc.nasa.gov,TRUE
robodeidentidad.gov,TRUE
nationallakesassessment.epa.gov,TRUE
oakharbor.tricare.mil,TRUE
tz.usembassy.gov,TRUE
courses.lincs.ed.gov,TRUE
nemi.gov,TRUE
pubmed-ncbi-nlm-nih-gov.uml.idm.oclc.org,TRUE
data.nist.gov,TRUE
oshrc.gov,TRUE
asafm.army.mil,TRUE
datadiscovery.nlm.nih.gov,TRUE
surveillance.cancer.gov,TRUE
bh.usembassy.gov,TRUE
pubmed-ncbi-nlm-nih-gov.proxy.library.vanderbilt.edu,TRUE
pres.ccr.cancer.gov,TRUE
imagej.nih.gov,TRUE
marcorsyscom.marines.mil,TRUE
efile.fara.gov,TRUE
nef.nasa.gov,TRUE
hrmanagement.usajobs.gov,TRUE
pptform.state.gov,TRUE
sec.gov,TRUE
closedbanks.fdic.gov,TRUE
sn.usembassy.gov,TRUE
globe.gov,TRUE
docs.gdc.cancer.gov,TRUE
test-nccih.rocbis.com,TRUE
usccr.gov,TRUE
dk.usembassy.gov,TRUE
millionhearts.hhs.gov,TRUE
fastweb.inl.gov,TRUE
missionsystems.navy.mil,TRUE
raresource.nih.gov,TRUE
askearn.org,TRUE
pdsimage2.wr.usgs.gov,TRUE
rw.usembassy.gov,TRUE
code.nasa.gov,TRUE
moguard.ngb.mil,TRUE
at.usembassy.gov,TRUE
marines.mil,TRUE
alcoholpolicy.niaaa.nih.gov,TRUE
api.nasa.gov,TRUE
hescore.labworks.org,TRUE
ustranscom.mil,TRUE
vaforvets.va.gov,TRUE
login.research4life.org,TRUE
eddataexpress.ed.gov,TRUE
udall.gov,TRUE
pubmed-ncbi-nlm-nih-gov.treadwell.idm.oclc.org,TRUE
bookings.dragonhilllodge.com,TRUE
fmshrc.gov,TRUE
usainscom.army.mil,TRUE
dis.epa.gov,TRUE
llis.nasa.gov,TRUE
cebs.niehs.nih.gov,TRUE
sda.mil,TRUE
militaryonesource.mil,TRUE
dodsoco.ogc.osd.mil,TRUE
afdw.af.mil,TRUE
lambda.gsfc.nasa.gov,TRUE
openpayments.system.cms.gov,TRUE
hpmsimpl.cms.gov,TRUE
irbo.nih.gov,TRUE
doe-humangenomeproject.ornl.gov,TRUE
buoybay.noaa.gov,TRUE
eisenhower.tricare.mil,TRUE
coralreef.noaa.gov,TRUE
search.forfeiture.gov,TRUE
pubmed-ncbi-nlm-nih-gov.pucdechile.idm.oclc.org,TRUE
cnmoc.usff.navy.mil,TRUE
rehab.va.gov,TRUE
pavilion.dinfos.edu,TRUE
dhsadvantage.gsa.gov,TRUE
app-dev-drive-beam-eus2-00.azurewebsites.net,TRUE
afnwc.af.mil,TRUE
acf-main-pre-prod.acf.gov,TRUE
printerdirectory.usps.com,TRUE
erma.noaa.gov,TRUE
nationalgangcenter.ojp.gov,TRUE
wma.mil,TRUE
omisips1.omisips.eosdis.nasa.gov,TRUE
cnrc.navy.mil,TRUE
earthquake-usgs-gov.translate.goog,TRUE
swg.usace.army.mil,TRUE
glovis.usgs.gov,TRUE
ncd.gov,TRUE
library.noaa.gov,TRUE
cebs-ext.niehs.nih.gov,TRUE
environment.fhwa.dot.gov,TRUE
nwk.usace.army.mil,TRUE
joltsdata.bls.gov,TRUE
polk.armymwr.com,TRUE
picatinny.armymwr.com,TRUE
idmanagement.gov,TRUE
nagb.gov,TRUE
catpx-custreg.usps.com,TRUE
sacandfoxnation.nsopw.gov,TRUE
chemm.hhs.gov,TRUE
pubmed-ncbi-nlm-nih-gov.ezaccess.libraries.psu.edu,TRUE
https-pubmed-ncbi-nlm-nih-gov-443.vpn.cdutcm.edu.cn,TRUE
seqdata.uspto.gov,TRUE
usarpac.army.mil,TRUE
exwc.navfac.navy.mil,TRUE
disasters.nasa.gov,TRUE
tips.oig.hhs.gov,TRUE
www-war-gov.translate.goog,TRUE
37trw.af.mil,TRUE
cpeground.army.mil,TRUE
respond.census.gov,TRUE
search.nsf.gov,TRUE
501csw.usafe.af.mil,TRUE
financialaidtoolkit.ed.gov,TRUE
bds.explorer.ces.census.gov,TRUE
pubmed-ncbi-nlm-nih-gov.myaccess.library.utoronto.ca,TRUE
geoplatform.gov,TRUE
ampb.larc.nasa.gov,TRUE
dowea.usajobs.gov,TRUE
clintonwhitehouse3.archives.gov,TRUE
papahanaumokuakea.gov,TRUE
econsumer.gov,TRUE
nurse.usajobs.gov,TRUE
py.usembassy.gov,TRUE
agdatacommons.nal.usda.gov,TRUE
hea.mytva.com,TRUE
be.usembassy.gov,TRUE
incirlik.af.mil,TRUE
tsapps-i.nist.gov,TRUE
kg.usembassy.gov,TRUE
b54bb3ce8dfd0d5c89dfe1822de4d04aef240808.vetisonline.com,TRUE
seafoodinspection.nmfs.noaa.gov,TRUE
flowergarden.noaa.gov,TRUE
jacksonville.tricare.mil,TRUE
people.llnl.gov,TRUE
fj.usembassy.gov,TRUE
martin.tricare.mil,TRUE
tp53.cancer.gov,TRUE
trc.nist.gov,TRUE
poisonhelp.hrsa.gov,TRUE
nationaldppcsc.cdc.gov,TRUE
socialwork.va.gov,TRUE
survey.larc.nasa.gov,TRUE
gain.inl.gov,TRUE
kimbrough.tricare.mil,TRUE
test-tolnet.larc.nasa.gov,TRUE
chis.ice.gov,TRUE
olcf.ornl.gov,TRUE
swt.usace.army.mil,TRUE
wrightpatterson.tricare.mil,TRUE
pubmed-ncbi-nlm-nih-gov.humanitas.idm.oclc.org,TRUE
ssi.armywarcollege.edu,TRUE
oshacareers.usajobs.gov,TRUE
exascaleproject.org,TRUE
mpris.fda.gov,TRUE
espanol.insurekidsnow.gov,TRUE
cms.doe.gov,TRUE
hoover.blogs.archives.gov,TRUE
pubmed.mylibs.cn,TRUE
fdr.blogs.archives.gov,TRUE
jimmycarterlibrary.gov,TRUE
pubmed-ncbi-nlm-nih-gov.ezproxy.utas.edu.au,TRUE
pubmed-ncbi-nlm-nih-gov.ezproxy.lib.ucalgary.ca,TRUE
hiv.va.gov,TRUE
dcs1.noaa.gov,TRUE
pw.usembassy.gov,TRUE
stage-childwelfare.cwigng.com,TRUE
old.fsa.usda.gov,TRUE
yourtickettowork.ssa.gov,TRUE
arkansas.nationalguard.mil,TRUE
gulfspillrestoration.noaa.gov,TRUE
treasury.usajobs.gov,TRUE
jfsc.ndu.edu,TRUE
nwd.usace.army.mil,TRUE
cdas.cancer.gov,TRUE
pubmed-ncbi-nlm-nih-gov.translate.goog,TRUE
labels.fda.gov,TRUE
nchsdata.cdc.gov,TRUE
qlikviz.epa.gov,TRUE
nfs.fs2c.usda.gov,TRUE
portugues.cdc.gov,TRUE
mcbhawaii.marines.mil,TRUE
asdc.sit.larc.nasa.gov,TRUE
usicecenter.gov,TRUE
cwcgom.aoml.noaa.gov,TRUE
mvp.usace.army.mil,TRUE
afadvantage.gov,TRUE
don.usajobs.gov,TRUE
leasing.gsa.gov,TRUE
tolnet.larc.nasa.gov,TRUE
afjag.af.mil,TRUE
forestproducts.blm.gov,TRUE
baumholder.armymwr.com,TRUE
buildingenergyscore.energy.gov,TRUE
status.uat.earthdata.nasa.gov,TRUE
om.usembassy.gov,TRUE
computing.llnl.gov,TRUE
www-usgs-gov.translate.goog,TRUE
ssaiphiladelphia.usajobs.gov,TRUE
laguna.nsopw.gov,TRUE
pubmed-ncbi-nlm-nih-gov.turing.library.northwestern.edu,TRUE
landfire.gov,TRUE
darrp.noaa.gov,TRUE
helpspanish.cbp.gov,TRUE
casey.armymwr.com,TRUE
okinawa.tricare.mil,TRUE
spk.usace.army.mil,TRUE
help.hrsa.gov,TRUE
guest.nasa.gov,TRUE
ht.usembassy.gov,TRUE
uicone.epa.gov,TRUE
columbus.af.mil,TRUE
cu.usembassy.gov,TRUE
lee.armymwr.com,TRUE
capris.ncua.gov,TRUE
fundedresearch.cancer.gov,TRUE
womenshealth.va.gov,TRUE
vsc.gsa.gov,TRUE
mn.usembassy.gov,TRUE
search.bea.gov,TRUE
integrationacademy.ahrq.gov,TRUE
science.jpl.nasa.gov,TRUE
mcmwtc.marines.mil,TRUE
curator.jsc.nasa.gov,TRUE
arl.noaa.gov,TRUE
carlisle.armymwr.com,TRUE
nsw.navy.mil,TRUE
web.archive.org,TRUE
dinfos.dma.mil,TRUE
spsweb.fltops.jpl.nasa.gov,TRUE
iawg.gov,TRUE
its.ntia.gov,TRUE
space.commerce.gov,TRUE
mhvidp-prod.myhealth.va.gov,TRUE
h2f.army.mil,TRUE
aal.mil,TRUE
batse.msfc.nasa.gov,TRUE
nihms.nih.gov,TRUE
nohrsc.l.noaa.gov,TRUE
pubmed-ncbi-nlm-nih-gov.mhdla.flysheet.com.tw,TRUE
firms2.modaps.eosdis.nasa.gov,TRUE
api.data.gov,TRUE
locator.hiv.gov,TRUE
mvs.usace.army.mil,TRUE
soma.larc.nasa.gov,TRUE
pubmed-ncbi-nlm-nih-gov.ezproxy.utu.fi,TRUE
pubmed-ncbi-nlm-nih-gov.libproxy.usouthal.edu,TRUE
desmond-doss.tricare.mil,TRUE
nao.usace.army.mil,TRUE
madeinamerica.gov,TRUE
pls.llnl.gov,TRUE
tvaoig.gov,TRUE
adoptions.state.gov,TRUE
nwp.usace.army.mil,TRUE
saltonsea.jpl.nasa.gov,TRUE
humanresearchroadmap.nasa.gov,TRUE
https-pubmed-ncbi-nlm-nih-gov-443.fmmulib.webvpn.net.cn,TRUE
snlweather.sandia.gov,TRUE
md.usembassy.gov,TRUE
andrews.tricare.mil,TRUE
resources.data.gov,TRUE
agencyportal.usajobs.gov,TRUE
afsc.af.mil,TRUE
ir.usembassy.gov,TRUE
nsrdb.nlr.gov,TRUE
alzheimers.gov,TRUE
netl-exchange.energy.gov,TRUE
m.cameochemicals.noaa.gov,TRUE
animaldrugsatfda.fda.gov,TRUE
planmymove.militaryonesource.mil,TRUE
pa.ng.mil,TRUE
robodeidentidad.gov,TRUE
dac3.tsa.dhs.gov,TRUE
largelakes.jpl.nasa.gov,TRUE
dsubmit.ncbi.nlm.nih.gov,TRUE
postdoc-pnnl.icims.com,TRUE
acd-ext.gsfc.nasa.gov,TRUE
ethics.od.nih.gov,TRUE
mmt.earthdata.nasa.gov,TRUE
j2jexplorer.ces.census.gov,TRUE
ok.ng.mil,TRUE
iimef.marines.mil,TRUE
shi.cdc.gov,TRUE
pubmed-ncbi-nlm-nih-gov.scd-rproxy.u-strasbg.fr,TRUE
cgap.nci.nih.gov,TRUE
mz.usembassy.gov,TRUE
stellwagen.noaa.gov,TRUE
cqr.cms.gov,TRUE
dot.usajobs.gov,TRUE
ofmpub.epa.gov,TRUE
str.llnl.gov,TRUE
dc3.mil,TRUE
businessdefense.gov,TRUE
cdxoarapps.epa.gov,TRUE
farmers.gov,TRUE
developer.nvmc.uscg.gov,TRUE
ncvs.bjs.ojp.gov,TRUE
frtr.gov,TRUE
cwpm.acf.gov,TRUE
veterantraining.va.gov,TRUE
civiliancoastguardcareers.usajobs.gov,TRUE
hints.cancer.gov,TRUE
events.ornl.gov,TRUE
doha.ogc.osd.mil,TRUE
1id.army.mil,TRUE
cherrypoint.marines.mil,TRUE
medicalcountermeasures.gov,TRUE
blog.response.restoration.noaa.gov,TRUE
hires.gsfc.nasa.gov,TRUE
cleancities.energy.gov,TRUE
app.coastalscience.noaa.gov,TRUE
pubmed-ncbi-nlm-nih-gov.eproxy.lib.hku.hk,TRUE
dj.usembassy.gov,TRUE
qa-api.cbp.dhs.gov,TRUE
polar.ncep.noaa.gov,TRUE
arpa-e-foa.energy.gov,TRUE
aglab.ars.usda.gov,TRUE
omniweb.gsfc.nasa.gov,TRUE
az.usembassy.gov,TRUE
www-epa-gov.translate.goog,TRUE
nap.usace.army.mil,TRUE
pbm.va.gov,TRUE
eglin.tricare.mil,TRUE
pubmed-ncbi-nlm-nih-gov.webproxy2.ouhsc.edu,TRUE
prevention.nih.gov,TRUE
hmsworkshop.fisheries.noaa.gov,TRUE
harmony.uat.earthdata.nasa.gov,TRUE
ledextract.ces.census.gov,TRUE
isccompliance.atlas-ext.cisa.dhs.gov,TRUE
tecom.marines.mil,TRUE
vance.af.mil,TRUE
va.usajobs.gov,TRUE
spl.usace.army.mil,TRUE
cz.usembassy.gov,TRUE
warrelatedillness.va.gov,TRUE
atb.nlr.gov,TRUE
niwcpacific.navy.mil,TRUE
frtib.gov,TRUE
pubmed-ncbi-nlm-nih-gov.jikei.idm.oclc.org,TRUE
globaldossier-ui.uspto.gov,TRUE
ci.usembassy.gov,TRUE
osha.gov,TRUE
ncsacw.acf.gov,TRUE
esto.nasa.gov,TRUE
iam.cancer.gov,TRUE
ghgreporting.epa.gov,TRUE
ipris.cbp.dhs.gov,TRUE
pubmed-ncbi-nlm-nih-gov.proxyonelk.flysheet.com.tw,TRUE
charterschoolcenter.ed.gov,TRUE
pmc-ncbi-nlm-nih-gov.pbidi.unam.mx,TRUE
pre.militaryonesource.mil,TRUE
ratereview.imp.healthcare.gov,TRUE
bpajobs.usajobs.gov,TRUE
cy.usembassy.gov,TRUE
marsoc.marines.mil,TRUE
bg.usembassy.gov,TRUE
oasis.cdc.gov,TRUE
repository.niddk.nih.gov,TRUE
losangeles.spaceforce.mil,TRUE
yrbs-explorer.services.cdc.gov,TRUE
dataentry.globe.gov,TRUE
jbab.jb.mil,TRUE
wwwplatform.ornl.gov,TRUE
training.bls.gov,TRUE
doiu.doi.gov,TRUE
vdatum.noaa.gov,TRUE
mccoy.armymwr.com,TRUE
pcmdi.llnl.gov,TRUE
unity.americorps.gov,TRUE
usarcent.army.mil,TRUE
pubmed-ncbi-nlm-nih-gov.mu.idm.oclc.org,TRUE
necc.usff.navy.mil,TRUE
pubmed-ncbi-nlm-nih-gov.ezproxy.lib.kyushu-u.ac.jp,TRUE
pacific.navfac.navy.mil,TRUE
trumplibrary.gov,TRUE
tst-home.grantsolutions.gov,TRUE
pubmed-ncbi-nlm-nih-gov-ssl.libproxy.amc.seoul.kr,TRUE
mchb.tvisdata.hrsa.gov,TRUE
nws.usace.army.mil,TRUE
fun3d.larc.nasa.gov,TRUE
pubmed.ililai.com,TRUE
albany.marines.mil,TRUE
forfeiture.gov,TRUE
permits.blm.doi.net,TRUE
beta.ngs.noaa.gov,TRUE
dcc-app-int.studentaid.gov,TRUE
nmb.gov,TRUE
discover.library.noaa.gov,TRUE
digitalmedia.hhs.gov,TRUE
saw.usace.army.mil,TRUE
vsafe.gov,TRUE
es-reg.usps.com,TRUE
e-verify.gov,TRUE
1stmaw.marines.mil,TRUE
production.mars.jpllab.net,TRUE
stage-digitalmedia.hhs.gov,TRUE
leavenworth.armymwr.com,TRUE
pubmed-ncbi-nlm-nih-gov.ezproxy.cul.columbia.edu,TRUE
no.usembassy.gov,TRUE
valor.defense.gov,TRUE
gs671-suske.ndc.nasa.gov,TRUE
pubmed-ncbi-nlm-nih-gov.proxy1.lib.uwo.ca,TRUE
safecom.gov,TRUE
usdss.cdc.gov,TRUE
naracweb.llnl.gov,TRUE
bw.usembassy.gov,TRUE
arcyber.army.mil,TRUE
test-forum.earthdata.nasa.gov,TRUE
ncoworldwide.army.mil,TRUE
nww.usace.army.mil,TRUE
dantes.mil,TRUE
ci.noaa.gov,TRUE
pso.ahrq.gov,TRUE
data-science.llnl.gov,TRUE
hvit.jsc.nasa.gov,TRUE
montereybay.noaa.gov,TRUE
modis.ornl.gov,TRUE
medicalmuseum.health.mil,TRUE
nan.usace.army.mil,TRUE
dfas.usajobs.gov,TRUE
elmendorfrichardson.tricare.mil,TRUE
dprpdataportal.cdc.gov,TRUE
pubmed-ncbi-nlm-nih-gov.pc124152.oulu.fi,TRUE
open.ctsu.org,TRUE
sciencebase.usgs.gov,TRUE
letsmove.obamawhitehouse.archives.gov,TRUE
spaceplace-nasa-gov.translate.goog,TRUE
cherokee.nsopw.gov,TRUE
prod-01-asg-www-climate.woc.noaa.gov,TRUE
niwcatlantic.navy.mil,TRUE
pubmed-ncbi-nlm-nih-gov.proxy.unibs.it,TRUE
treasuryhunt.gov,TRUE
cannon.af.mil,TRUE
pubmed-ncbi-nlm-nih-gov.libproxy.temple.edu,TRUE
har.gsfc.nasa.gov,TRUE
briandallgood.tricare.mil,TRUE
supportservices.jobcorps.gov,TRUE
travis.tricare.mil,TRUE
fam-usdos.msappproxy.net,TRUE
ky.ng.mil,TRUE
midcdmz.nlr.gov,TRUE
edit.blm.gov,TRUE
ibwc.gov,TRUE
prevention.va.gov,TRUE
nesr.usda.gov,TRUE
developer.cms.gov,TRUE
bioinformatics.ccr.cancer.gov,TRUE
dataprivacyframeworkqa.azurewebsites.net,TRUE
epa-prgs.ornl.gov,TRUE
gcn.gsfc.nasa.gov,TRUE
art.cdc.gov,TRUE
aviris.jpl.nasa.gov,TRUE
ne.usembassy.gov,TRUE
publications.armywarcollege.edu,TRUE
bz.usembassy.gov,TRUE
mainweb.awsprod.nlm.nih.gov,TRUE
armyfieldband.com,TRUE
cit.nih.gov,TRUE
irp.nida.nih.gov,TRUE
irwin.tricare.mil,TRUE
err.sec.usace.army.mil,TRUE
fatherhood.gov,TRUE
connect.aviationweather.gov,TRUE
intranet.ncbi.nlm.nih.gov,TRUE
ig.army.mil,TRUE
ba.usembassy.gov,TRUE
airforce.usajobs.gov,TRUE
cms.ferc.gov,TRUE
www-robotics.jpl.nasa.gov,TRUE
usfj.mil,TRUE
spn.usace.army.mil,TRUE
pensacola.tricare.mil,TRUE
cms.usgs.gov,TRUE
falcon.gsa.gov,TRUE
three.jsc.nasa.gov,TRUE
pubmed-ncbi-nlm-nih-gov.opbg.idm.oclc.org,TRUE
asterweb.jpl.nasa.gov,TRUE
sec.usajobs.gov,TRUE
disclosure.ofac.treas.gov,TRUE
pfsr.usps.com,TRUE
mvk.usace.army.mil,TRUE
imp.developer.cms.gov,TRUE
samhsa.gov,TRUE
106rqw.ang.af.mil,TRUE
tigerweb.geo.census.gov,TRUE
epa.usajobs.gov,TRUE
tools.niehs.nih.gov,TRUE
stage-usps.com,TRUE
swf.usace.army.mil,TRUE
sdms.ak.blm.gov,TRUE
access.co-ops.nos.noaa.gov,TRUE
researchstudies.nida.nih.gov,TRUE
amc.army.mil,TRUE
transforming-classification.blogs.archives.gov,TRUE
nepassisttool.epa.gov,TRUE
umesc.usgs.gov,TRUE
www-gte.larc.nasa.gov,TRUE
ebccp.cancercontrol.cancer.gov,TRUE
tbmp.uspto.gov,TRUE
yokosuka.tricare.mil,TRUE
jtfncr.mdw.army.mil,TRUE
semspub.epa.gov,TRUE
ncifrederick.cancer.gov,TRUE
goes-r.gov,TRUE
orbitaldebris.jsc.nasa.gov,TRUE
creech.af.mil,TRUE
iiimef.marines.mil,TRUE
alcoholtreatment.niaaa.nih.gov,TRUE
patientcare.va.gov,TRUE
mdmap.orr.noaa.gov,TRUE
ipo.llnl.gov,TRUE
fl.ng.mil,TRUE
na.usembassy.gov,TRUE
aircrafticing.grc.nasa.gov,TRUE
pubmed-ncbi-nlm-nih-gov.shh.idm.oclc.org,TRUE
zh-store.usps.com,TRUE
sublant.usff.navy.mil,TRUE
permits.blm.gov,TRUE
epa-dccs.ornl.gov,TRUE
amdsb.larc.nasa.gov,TRUE
cmls.gsa.gov,TRUE
nrt4.modaps.eosdis.nasa.gov,TRUE
learn.nicic.gov,TRUE
performance.gov,TRUE
genealogy.uscis.dhs.gov,TRUE
usai.gov,TRUE
nctr.pmel.noaa.gov,TRUE
tao.ndbc.noaa.gov,TRUE
metoc.dc3n.navy.mil,TRUE
professionalstandards.fns.usda.gov,TRUE
aepubs.eur.army.mil,TRUE
terra.nasa.gov,TRUE
al.ng.mil,TRUE
campusdrugprevention.gov,TRUE
mrdc.health.mil,TRUE
moeb.uscourts.gov,TRUE
thunderbay.noaa.gov,TRUE
dhs.gov,TRUE
timecard.fnal.gov,TRUE
me.usembassy.gov,TRUE
studyguides.af.mil,TRUE
1stmlg.marines.mil,TRUE
dc.ng.mil,TRUE
assessments.epa.gov,TRUE
ithanet.eu,TRUE
sat.reginfo.gov,TRUE
pvpmc.sandia.gov,TRUE
tj.usembassy.gov,TRUE
pubmed-ncbi-nlm-nih-gov.consultaremota.upb.edu.co,TRUE
2ndmardiv.marines.mil,TRUE
gasd.uscourts.gov,TRUE
computersforlearning.gov,TRUE
eftps.com,TRUE
osp.va.gov,TRUE
imp.data.cms.gov,TRUE
learn.nlm.nih.gov,TRUE
alssa.mil,TRUE
afn.mil,TRUE
esrl.noaa.gov,TRUE
ao.usembassy.gov,TRUE
cams.nssl.noaa.gov,TRUE
developer.usajobs.gov,TRUE
collegedrinkingprevention.gov,TRUE
ga.water.usgs.gov,TRUE
fluid.nccs.nasa.gov,TRUE
navajo.nsopw.gov,TRUE
covid-relief-data.ed.gov,TRUE
www2.cdc.gov,TRUE
cloud.cms.gov,TRUE
farallones.noaa.gov,TRUE
blog.marinedebris.noaa.gov,TRUE
www7.eere.energy.gov,TRUE
hud4.my.site.com,TRUE
pubmed-ncbi-nlm-nih-gov.recursosbiblioteca.unab.cl,TRUE
ga.ng.mil,TRUE
vesl.jpl.nasa.gov,TRUE
direct.aphis.usda.gov,TRUE
nasic.af.mil,TRUE
gy.usembassy.gov,TRUE
dnpao-dtm.cdc.gov,TRUE
si.usembassy.gov,TRUE
pubmed-ncbi-nlm-nih-gov.une.idm.oclc.org,TRUE
seabass.gsfc.nasa.gov,TRUE
pubmed-ncbi-nlm-nih-gov.emedien.ub.uni-muenchen.de,TRUE
publibrary.sec.usace.army.mil,TRUE
uat.usajobs.gov,TRUE
giistg.cfocussoftware.com,TRUE
search.ers.usda.gov,TRUE
pubmed-ncbi-nlm-nih-gov.ezproxy.server.hv.se,TRUE
cic.ndu.edu,TRUE
spa.usace.army.mil,TRUE
nhlbi.nih.gov,TRUE
dods.ndbc.noaa.gov,TRUE
pubmed-ncbi-nlm-nih-gov.ezp2.lib.umn.edu,TRUE
swcs.mil,TRUE
ioos.noaa.gov,TRUE
kyeb.uscourts.gov,TRUE
ssaidallas.usajobs.gov,TRUE
defensesbirsttr.mil,TRUE
ct.ng.mil,TRUE
guideme.epa.gov,TRUE
pubmed-ncbi-nlm-nih-gov.autorpa.ntunhs.edu.tw,TRUE
edap.epa.gov,TRUE
firstrespondertraining.gov,TRUE
tsp.gov,TRUE
datascience.nih.gov,TRUE
imp.qpp.cms.gov,TRUE
fsswpl-rnast01p.ncifcrf.gov,TRUE
visiblecement.nist.gov,TRUE
explorers.larc.nasa.gov,TRUE
cpec2in.army.mil,TRUE
iaf.gov,TRUE
pubmed-ncbi-nlm-nih-gov.ezpum.scdi-montpellier.fr,TRUE
acquisitiongateway.gov,TRUE
wpo.noaa.gov,TRUE
resilience.af.mil,TRUE
arcp.army.mil,TRUE
pubmed-ncbi-nlm-nih-gov.bibliosan.idm.oclc.org,TRUE
pubmed-ncbi-nlm-nih-gov.erm.mmh.org.tw,TRUE
admintools2.dol.gov,TRUE
pubmed-ncbi-nlm-nih-gov.unimib.idm.oclc.org,TRUE
education.blogs.archives.gov,TRUE
mk.usembassy.gov,TRUE
studyabroad.state.gov,TRUE
swot.jpl.nasa.gov,TRUE
acquisitions.usajobs.gov,TRUE
dsfa.nmfs.noaa.gov,TRUE
permitting.gov,TRUE
foluat.ferc.gov,TRUE
pe.usps.gov,TRUE
pubmed-ncbi-nlm-nih-gov.echo.louisville.edu,TRUE
act24.cancer.gov,TRUE
www-cbp-gov.translate.goog,TRUE
accesstopwt.va.gov,TRUE
artifacts.nasa.gov,TRUE
epa-bdcc.ornl.gov,TRUE
scinet.usda.gov,TRUE
sciencecareers.apps.nasa.gov,TRUE
pubmed-ncbi-nlm-nih-gov.ep.bib.mdh.se,TRUE
xsce.org,TRUE
metc.mil,TRUE
cms.fhwa.dot.gov,TRUE
essp.nasa.gov,TRUE
dmp.dol.gov,TRUE
archive.oceanexplorer.noaa.gov,TRUE
cgsr.llnl.gov,TRUE
manticore.niehs.nih.gov,TRUE
volpe.dot.gov,TRUE
airknowledge.gov,TRUE
lidar.jpl.nasa.gov,TRUE
pubmed-ncbi-nlm-nih-gov-443.webvpn.bjmu.edu.cn,TRUE
globalocean.noaa.gov,TRUE
dhsadvantage.gsa.gov,TRUE
cpeae.army.mil,TRUE
qwiexplorer.ces.census.gov,TRUE
pubmed-ncbi-nlm-nih-gov.acces.bibl.ulaval.ca,TRUE
apod-nasa-gov.translate.goog,TRUE
cbi.ornl.gov,TRUE
usancoa.army.mil,TRUE
wdh.energy.gov,TRUE
rocis.gov,TRUE
irsauctions.gov,TRUE
104fw.ang.af.mil,TRUE
pclob.gov,TRUE
enservices.epa.gov,TRUE
gary.jobcorps.gov,TRUE
csdap.earthdata.nasa.gov,TRUE
civet.inl.gov,TRUE
pubmed-ncbi-nlm-nih-gov.ezp3.lib.umn.edu,TRUE
epa-sprg.ornl.gov,TRUE
tmp.fisheries.noaa.gov,TRUE
www-noaa-gov.translate.goog,TRUE
sti.nasa.gov,TRUE
nhchawaii.tricare.mil,TRUE
es.ndu.edu,TRUE
rediscovering-black-history.blogs.archives.gov,TRUE
grace.jpl.nasa.gov,TRUE
sl.usembassy.gov,TRUE
usao.usajobs.gov,TRUE
cmsi.usajobs.gov,TRUE
zm.usembassy.gov,TRUE
innovation.va.gov,TRUE
oboportfolio.state.gov,TRUE
mwrbrandcentral.com,TRUE
icesat-2.gsfc.nasa.gov,TRUE
aasis.omha.hhs.gov,TRUE
maps.cancer.gov,TRUE
xtk-recon.sandia.gov,TRUE
ask.gsa.gov,TRUE
nc.water.usgs.gov,TRUE
ssaisanfrancisco.usajobs.gov,TRUE
sws.nlr.gov,TRUE
monitor.noaa.gov,TRUE
internal.ncbi.nlm.nih.gov,TRUE
lt.usembassy.gov,TRUE
pubmed-ncbi-nlm-nih-gov.ezp1.lib.umn.edu,TRUE
efmp.amedd.army.mil,TRUE
adoption.state.gov,TRUE
complaint.ic3.gov,TRUE
www-tx.ers.usda.gov,TRUE
geo-nsdi.er.usgs.gov,TRUE
nvmc.uscg.gov,TRUE
cide.ccr.cancer.gov,TRUE
soiwest.marines.mil,TRUE
prod.usmarshals.gov,TRUE
macdill.tricare.mil,TRUE
security.cms.gov,TRUE
epa-sdcc.ornl.gov,TRUE
api.globe.gov,TRUE
ne.ng.mil,TRUE
aqs.epa.gov,TRUE
usasoc.usajobs.gov,TRUE
pubmed-ncbi-nlm-nih-gov.sw.lib.csmu.edu.tw,TRUE
robotics.nasa.gov,TRUE
polarice.usap.gov,TRUE
lookforwatersense.epa.gov,TRUE
ephtracking.cdc.gov,TRUE
mm.usembassy.gov,TRUE
online.fsi.state.gov,TRUE
v26267ncay521.aa.ad.epa.gov,TRUE
ros.nia.nih.gov,TRUE
integratedecosystemassessment.noaa.gov,TRUE
savingsbond.gov,TRUE
asr.science.energy.gov,TRUE
portal.nhtsa.gov,TRUE
techpartnerships.noaa.gov,TRUE
arpsp.cdc.gov,TRUE
militaryconsumer.gov,TRUE
langleyeustis.tricare.mil,TRUE
pdc.cancer.gov,TRUE
ssaichicago.usajobs.gov,TRUE
cmist.noaa.gov,TRUE
muscogee.nsopw.gov,TRUE
cg.usembassy.gov,TRUE
oni.navy.mil,TRUE
hirevets.gov,TRUE
pubmed-ncbi-nlm-nih-gov.ezproxy.lib.utexas.edu,TRUE
tg.usembassy.gov,TRUE
yakama.nsopw.gov,TRUE
pubmed-ncbi-nlm-nih-gov.mime.uit.no,TRUE
apps.fws.gov,TRUE
pubmed-ncbi-nlm-nih-gov.us1.proxy.openathens.net,TRUE
flowcharts.llnl.gov,TRUE
hr.usembassy.gov,TRUE
cdi.cdc.gov,TRUE
essp.larc.nasa.gov,TRUE
connectedcare.va.gov,TRUE
policy.war.gov,TRUE
ws.usembassy.gov,TRUE
faa.gov,TRUE
graysreef.noaa.gov,TRUE
21tsc.army.mil,TRUE
ppo.marines.mil,TRUE
iwr.usace.army.mil,TRUE
leonard-wood.tricare.mil,TRUE
mmt.uat.earthdata.nasa.gov,TRUE
tbs.marines.mil,TRUE
ls.usembassy.gov,TRUE
floodsmart.gov,TRUE
hnc.usace.army.mil,TRUE
workcenter.gov,TRUE
388fw.acc.af.mil,TRUE
mcdonald.tricare.mil,TRUE
mcasiwakunijp.marines.mil,TRUE
uspis.gov,TRUE
arthurhou.pps.eosdis.nasa.gov,TRUE
afadvantage.gov,TRUE
alaskafisheries.noaa.gov,TRUE
dolcareers.usajobs.gov,TRUE
bm.usconsulate.gov,TRUE
whistleblower.gov,TRUE
ahead.hiv.gov,TRUE
nlsp.nasa.gov,TRUE
chemdata.nist.gov,TRUE
infuse.ornl.gov,TRUE
133aw.ang.af.mil,TRUE
pubmed-ncbi-nlm-nih-gov-ssl.libproxy.snu.ac.kr,TRUE
sciencebase.gov,TRUE
first.army.mil,TRUE
ak.ng.mil,TRUE
marinecadastre.gov,TRUE
iswa.ccmc.gsfc.nasa.gov,TRUE
places.cdc.gov,TRUE
reva.tva.gov,TRUE
space.jpl.nasa.gov,TRUE
intel.gov,TRUE
pubmed-ncbi-nlm-nih-gov.ezproxy.dbazes.lsmuni.lt,TRUE
drupal-public.bls.gov,TRUE
smclinician.myhealth.va.gov,TRUE
igmc.marines.mil,TRUE
usgs.usajobs.gov,TRUE
is.usembassy.gov,TRUE
ramstein.tricare.mil,TRUE
asp-archive.arc.nasa.gov,TRUE
portal.imaging.datacommons.cancer.gov,TRUE
donfmworkforce.dc3n.navy.mil,TRUE
cast.ornl.gov,TRUE
pml.nist.gov,TRUE
lv.usembassy.gov,TRUE
northtexas.jobcorps.gov,TRUE
nfr.cdc.gov,TRUE
edit.dol.gov,TRUE
hepatitis.va.gov,TRUE
globalmethane.org,TRUE
1af.acc.af.mil,TRUE
testnvmc.nvmc.uscg.gov,TRUE
data.americorps.gov,TRUE
pope.af.mil,TRUE
sor.epa.gov,TRUE
vt.public.ng.mil,TRUE
woundedwarrior.af.mil,TRUE
youthonline.cdc.gov,TRUE
cleveland.jobcorps.gov,TRUE
mg.usembassy.gov,TRUE
pubmed-ncbi-nlm-nih-gov.ezproxy.unibo.it,TRUE
pivauthinternal.nih.gov,TRUE
pubmed-ncbi-nlm-nih-gov.libproxy.samsunghospital.com,TRUE
keller.tricare.mil,TRUE
t4c.nicic.gov,TRUE
100samfrontendaltcomp.apps.prod-iae.bsp.gsa.gov,TRUE
ancillary-proxy.atarimworker.io,TRUE
milspouse.usajobs.gov,TRUE
helio.data.nasa.gov,TRUE
ecn.sandia.gov,TRUE
devgis.charttools.noaa.gov,TRUE
sns.gov,TRUE
usdasearch.usda.gov,TRUE
widgets.nlr.gov,TRUE
ferret.pmel.noaa.gov,TRUE
airforceacademy.tricare.mil,TRUE
bremerton.tricare.mil,TRUE
irwin.armymwr.com,TRUE
datacommons.cancer.gov,TRUE
externallinks.samhsa.gov,TRUE
pubmed-ncbi-nlm-nih-gov-443.vpnm.ccmu.edu.cn,TRUE
keesler.tricare.mil,TRUE
mcesg.marines.mil,TRUE
marineprotectedareas.noaa.gov,TRUE
scan-now.gsfc.nasa.gov,TRUE
cint.lanl.gov,TRUE
mrsi.erdc.dren.mil,TRUE
nwc.ndu.edu,TRUE
codes.nws.noaa.gov,TRUE
safecom.gov,TRUE
reynolds.tricare.mil,TRUE
ftig.ng.mil,TRUE
poa.usace.army.mil,TRUE
142wg.ang.af.mil,TRUE
ice.ntp.niehs.nih.gov,TRUE
wallops-prf.gsfc.nasa.gov,TRUE
www-nps-gov.translate.goog,TRUE
marketplace.fleet-stg.fcs.gsa.gov,TRUE
wizard.gov,TRUE
fbigov.emjj.me,TRUE
hydrogen.energy.gov,TRUE
peterson.tricare.mil,TRUE
tele.fnal.gov,TRUE
armywcap.com,TRUE
cneos.jpl.nasa.gov,TRUE
smdc.army.mil,TRUE
worker.gov,TRUE
digirepo.nlm.nih.gov,TRUE
data.nass.usda.gov,TRUE
swcweb.epa.gov,TRUE
scguard.ng.mil,TRUE
123aw.ang.af.mil,TRUE
auditing.usajobs.gov,TRUE
afinspectorgeneral.af.mil,TRUE
epa-bprg.ornl.gov,TRUE
coast.noaa.gov,TRUE
pubmed-ncbi-nlm-nih-gov.libproxy.tuni.fi,TRUE
fincenid.fincen.gov,TRUE
lisa.nasa.gov,TRUE
archive-share.america.gov,TRUE
energy.usgs.gov,TRUE
pubmed-ncbi-nlm-nih-gov.ez.urosario.edu.co,TRUE
fam.a.state.sbu,TRUE
access.llnl.gov,TRUE
eqrweb.ferc.gov,TRUE
worldview-earthdata-nasa-gov.translate.goog,TRUE
masterprojects.jpl.nasa.gov,TRUE
cfm.va.gov,TRUE
2ndmlg.marines.mil,TRUE
data.nlr.gov,TRUE
pubchem-ncbi-nlm-nih-gov.translate.goog,TRUE
permits.ops.usace.army.mil,TRUE
guthrie.tricare.mil,TRUE
edit.usmarshals.gov,TRUE
jtfcs.northcom.mil,TRUE
pg.usembassy.gov,TRUE
bidenlibrary.gov,TRUE
attorney.usajobs.gov,TRUE
rader.tricare.mil,TRUE
cmweb.llnl.gov,TRUE
nepp.nasa.gov,TRUE
eve.larc.nasa.gov,TRUE
inherentresolve.mil,TRUE
ctcodin.t2com.army.mil,TRUE
unc.mil,TRUE
dieteticinternship.va.gov,TRUE
heliodata-staging.heliophysics.net,TRUE
sit.urs.earthdata.nasa.gov,TRUE
fhfaoig.gov,TRUE
ancadmin.army.mil,TRUE
cv.usembassy.gov,TRUE
cpest3.army.mil,TRUE
minationalguard.dodlive.mil,TRUE
volunteer.va.gov,TRUE
maptis.nasa.gov,TRUE
doe.usajobs.gov,TRUE
dsp.dla.mil,TRUE
homeuplift.mytva.com,TRUE
complaint.mycreditunion.gov,TRUE
drive.hhs.gov,TRUE
toolkit.ncats.nih.gov,TRUE
amlc.army.mil,TRUE
barracks.marines.mil,TRUE
hawaiihumpbackwhale.noaa.gov,TRUE
hmspermits.noaa.gov,TRUE
cancercenters.cancer.gov,TRUE
author-publish.cms.asd.census.gov,TRUE
hub-qa.datacommons.cancer.gov,TRUE
secatchshares.fisheries.noaa.gov,TRUE
speclib.jpl.nasa.gov,TRUE
spaceweather.gov,TRUE
mw.usembassy.gov,TRUE
pubmed-ncbi-nlm-nih-gov.buadistant.univ-angers.fr,TRUE
trademark.af.mil,TRUE
search.commerce.gov,TRUE
reopt.nlr.gov,TRUE
ut-battelle.org,TRUE
gpm-gv.gsfc.nasa.gov,TRUE
treasuryauctions.gov,TRUE
kenner.tricare.mil,TRUE
2id.korea.army.mil,TRUE
nflss.blm.gov,TRUE
vendors.eos.gsa.gov,TRUE
progressreport.cancer.gov,TRUE
nrtwq.usgs.gov,TRUE
misse1.larc.nasa.gov,TRUE
dceg-test-acsf.cancer.gov,TRUE
ansbach.armymwr.com,TRUE
usace.usajobs.gov,TRUE
insidedlab.jpl.nasa.gov,TRUE
oxcam.gpp.nih.gov,TRUE
zazzle.es,TRUE
fsis.usda.gov,TRUE
fi.usembassy.gov,TRUE
fitbir.nih.gov,TRUE
obssr.od.nih.gov,TRUE
pubmed-ncbi-nlm-nih-gov.qe2a-proxy.mun.ca,TRUE
lacoast.gov,TRUE
staging.waterdata.usgs.gov,TRUE
casac.epa.gov,TRUE
zazzle.pt,TRUE
mcbblaz.marines.mil,TRUE
soieast.marines.mil,TRUE
storm.aoml.noaa.gov,TRUE
proxy.lirn.net,TRUE
cdrh-rst.fda.gov,TRUE
earth.jpl.nasa.gov,TRUE
akaprod-digitalmedia.hhs.gov,TRUE
promotores.thinkculturalhealth.hhs.gov,TRUE
coe.gsa.gov,TRUE
cms.permits.performance.gov,TRUE
raflakenheath.tricare.mil,TRUE
hcv.lanl.gov,TRUE
losangeles.jobcorps.gov,TRUE
oeab.noaa.gov,TRUE
datashare.nida.nih.gov,TRUE
pubmed-ncbi-nlm-nih-gov.webvpn.sjlib.cn,TRUE
regulations.doe.gov,TRUE
driveelectric.gov,TRUE
ecofoci.noaa.gov,TRUE
pubmed-ncbi-nlm-nih-gov.proxy.library.vcu.edu,TRUE
neup.inl.gov,TRUE
itmanagement.usajobs.gov,TRUE
sac.usace.army.mil,TRUE
securitiesfilings.fdicconnect.fdic.gov,TRUE
epa-cpm.ornl.gov,TRUE
cacmap.fda.gov,TRUE
engineering.llnl.gov,TRUE
pubmed-ncbi-nlm-nih-gov.ezproxylr.med.und.edu,TRUE
ssp.navy.mil,TRUE
zh-tw.taxpayeradvocate.irs.gov,TRUE
ireland.tricare.mil,TRUE
seaway.dot.gov,TRUE
japan.marines.mil,TRUE
chainreaction.anl.gov,TRUE
developer.nlr.gov,TRUE
ats.doe.gov,TRUE
historicalcharts.noaa.gov,TRUE
bracpmo.navy.mil,TRUE
app-test5-dcc.ed.gov,TRUE
acoms-impl.cms.gov,TRUE
nlmdirector.nlm.nih.gov,TRUE
techtransfer.cancer.gov,TRUE
logcom.marines.mil,TRUE
efmpandme.militaryonesource.mil,TRUE
wv.ng.mil,TRUE
profiles.awsprod.nlm.nih.gov,TRUE
weather.lanl.gov,TRUE
ada.gov,TRUE
3rdmardiv.marines.mil,TRUE
cce.nasa.gov,TRUE
fiscalservice.usajobs.gov,TRUE
sad.usace.army.mil,TRUE
search.energystar.gov,TRUE
channelislands.noaa.gov,TRUE
cjsl.ndu.edu,TRUE
navwar.navy.mil,TRUE
uscourts.gov,TRUE
training-seer-cancer-gov.translate.goog,TRUE
pubmed-ncbi-nlm-nih-gov.eur.idm.oclc.org,TRUE
neurobiobank.nih.gov,TRUE
int-home.grantsolutions.gov,TRUE
gn.usembassy.gov,TRUE
uat.dev-ppm.fcs.gsa.gov,TRUE
ncc.energy.gov,TRUE
www1.usgs.gov,TRUE
webb.nasa.gov,TRUE
science.education.nih.gov,TRUE
nepa.navy.mil,TRUE
hivrisk.cdc.gov,TRUE
pae.marines.mil,TRUE
harmony.earthdata.nasa.gov,TRUE
beaufort.tricare.mil,TRUE
iwaste.epa.gov,TRUE
dcips.defense.gov,TRUE
cimc.epa.gov,TRUE
gipsyx.jpl.nasa.gov,TRUE
webssm.roc.noaa.gov,TRUE
pubmed-ncbi-nlm-nih-gov.uab.idm.oclc.org,TRUE
127wg.ang.af.mil,TRUE
fleta.gov,TRUE
gasb.uscourts.gov,TRUE
childabduction.state.gov,TRUE
webamoss.cbp.dhs.gov,TRUE
iucrc.nsf.gov,TRUE
lmse-s.larc.nasa.gov,TRUE
pubmed-ncbi-nlm-nih-gov.qulib.idm.oclc.org,TRUE
sbir.cancer.gov,TRUE
testbeds.noaa.gov,TRUE
camp2ex.jpl.nasa.gov,TRUE
sciencecouncil.noaa.gov,TRUE
ci-dev-oedis-aws.etc.uspto.gov,TRUE
open.defense.gov,TRUE
dhscs.usajobs.gov,TRUE
tfaws.nasa.gov,TRUE
pubmed-ncbi-nlm-nih-gov.ezproxy.bu.edu,TRUE
classification.awsprod.nlm.nih.gov,TRUE
sprite.phys.ncku.edu.tw,TRUE
185arw.ang.af.mil,TRUE
disc-beta.gsfc.nasa.gov,TRUE
pubmed-ncbi-nlm-nih-gov.proxy2.library.ohio.edu,TRUE
tripwire.cisa.dhs.gov,TRUE
indexcat.nlm.nih.gov,TRUE
toolkit.nemac.org,TRUE
retireefehb.opm.gov,TRUE
mobile.health.mil,TRUE
cw.usconsulate.gov,TRUE
ussm.gsa.gov,TRUE
impactaid.ed.gov,TRUE
pubmed-ncbi-nlm-nih-gov.lsuhscno.idm.oclc.org,TRUE
tsc.jsc.nasa.gov,TRUE
dcs2.noaa.gov,TRUE
spaceforces-space.mil,TRUE
education.fnal.gov,TRUE
science.larc.nasa.gov,TRUE
publicwebcmsode63.prod.acquia-sites.com,TRUE
internships.fnal.gov,TRUE
stage-home.grantsolutions.gov,TRUE
extportal.pbs.gsa.gov,TRUE
pubmed-ncbi-nlm-nih-gov.library.capella.edu,TRUE
stem.usajobs.gov,TRUE
searchappeals.dol.gov,TRUE
ddt-vehss.cdc.gov,TRUE
protocols.cancer.gov,TRUE
eis-public-pricer.eos.gsa.gov,TRUE
daymet.ornl.gov,TRUE
mdctmcr.cms.gov,TRUE
learnatf.gov,TRUE
jtfb.southcom.mil,TRUE
eebulk.cr.usgs.gov,TRUE
bassett-wainwright.tricare.mil,TRUE
fns.usda.gov,TRUE
pubmed-ncbi-nlm-nih-gov.proxy.lib.wayne.edu,TRUE
55samfrontendcomp.apps.prod-iae.bsp.gsa.gov,TRUE
fsc.va.gov,TRUE
sacramento.jobcorps.gov,TRUE
cearun.grc.nasa.gov,TRUE
author.cms.asd.census.gov,TRUE
statepolicy.militaryonesource.mil,TRUE
esta-cbp-dhs-gov.translate.goog,TRUE
epa-visl.ornl.gov,TRUE
presidentialinnovationfellows.gov,TRUE
dcc-app-uat.studentaid.gov,TRUE
patientsafety.va.gov,TRUE
169fw.ang.af.mil,TRUE
labs.waterdata.usgs.gov,TRUE
viirsland.gsfc.nasa.gov,TRUE
hopi.nsopw.gov,TRUE
ssainewyork.usajobs.gov,TRUE
dlhwc.dol.gov,TRUE
stabserv.larc.nasa.gov,TRUE
epact.energy.gov,TRUE
es.taxpayeradvocate.irs.gov,TRUE
app-test3-dcc.ed.gov,TRUE
ecowatch.noaa.gov,TRUE
scott.tricare.mil,TRUE
invention.nasa.gov,TRUE
railroads.fra.dot.gov,TRUE
lyster.tricare.mil,TRUE
robotics.jpl.nasa.gov,TRUE
medlineplus-gov.translate.goog,TRUE
reagan.blogs.archives.gov,TRUE
gsaadvantage.gsa.gov,TRUE
wrair.health.mil,TRUE
ifar.arc.nasa.gov,TRUE
lu.usembassy.gov,TRUE
transitionmodeling.larc.nasa.gov,TRUE
snplma.blm.gov,TRUE
pubmed-ncbi-nlm-nih-gov.gorgone.univ-toulouse.fr,TRUE
drogariaspacheco.com.br,TRUE
qosap.research.noaa.gov,TRUE
polytrauma.va.gov,TRUE
biz.fbi.gov,TRUE
paymentaccuracy.gov,TRUE
spotlight.nlm.nih.gov,TRUE
sarsat.noaa.gov,TRUE
www-dev-acsf.cancer.gov,TRUE
zw.usembassy.gov,TRUE
get-connected.fnal.gov,TRUE
tpsx.arc.nasa.gov,TRUE
agc.army.mil,TRUE
ac.cto.mil,TRUE
emt-initiative.ornl.gov,TRUE
arctic.gov,TRUE
above.nasa.gov,TRUE
hcmi-searchable-catalog.nci.nih.gov,TRUE
components.uspto.gov,TRUE
dea.usajobs.gov,TRUE
gsaadvantage-test2.fas.gsa.gov,TRUE
ess.science.energy.gov,TRUE
sandiego.jobcorps.gov,TRUE
ems.projectenhancement.com,TRUE
cisa.ndu.edu,TRUE
tech.usajobs.gov,TRUE
oar.nih.gov,TRUE
usda.azureedge.us,TRUE
cbp.usajobs.gov,TRUE
pubmed-ncbi-nlm-nih-gov.srv-proxy1.library.tamu.edu,TRUE
ixp.llnl.gov,TRUE
ousdi.defense.gov,TRUE
uavsar.jpl.nasa.gov,TRUE
pubmed-ncbi-nlm-nih-gov.srv-proxy2.library.tamu.edu,TRUE
burnseverity.cr.usgs.gov,TRUE
tobyhanna.army.mil,TRUE
145aw.ang.af.mil,TRUE
classification-us-east-1.awsprod.nlm.nih.gov,TRUE
la.usembassy.gov,TRUE
councils.gov,TRUE
atlantic.navfac.navy.mil,TRUE
td.usembassy.gov,TRUE
fermilab.jobs,TRUE
www2.oge.gov,TRUE
sk.usembassy.gov,TRUE
phcp.health.mil,TRUE
c3rs.arc.nasa.gov,TRUE
pubmed-ncbi-nlm-nih-gov.ezproxy.its.uu.se,TRUE
www1-grc-nasa-gov.translate.goog,TRUE
qawebapps.dol.gov,TRUE
daac.ornl.gov,TRUE
bioenergykdf1.ornl.gov,TRUE
dev-home.grantsolutions.gov,TRUE
ml.usembassy.gov,TRUE
occ.treas.gov,TRUE
dts.fsa.usda.gov,TRUE
pmc-ncbi-nlm-nih-gov.proxy.bsu.edu,TRUE
skysoldiers.army.mil,TRUE
itvmo.gsa.gov,TRUE
sja.marines.mil,TRUE
landsat.usgs.gov,TRUE
157arw.ang.af.mil,TRUE
ncc.nesdis.noaa.gov,TRUE
history-state-gov.translate.goog,TRUE
smart.blm.gov,TRUE
training.section508testing.net,TRUE
moms.gov,TRUE
energyright.efficientchoice.com,TRUE
sscweb.gsfc.nasa.gov,TRUE
ss.usembassy.gov,TRUE
annual.llnl.gov,TRUE
proteomic.datacommons.cancer.gov,TRUE
coastalimagery.blob.core.windows.net,TRUE
webpricer.mps.cms.gov,TRUE
pubmed-ncbi-nlm-nih-gov.jumper.tmu.edu.tw,TRUE
tva.com,TRUE
jfk.blogs.archives.gov,TRUE
philadelphia.jobcorps.gov,TRUE
pubmed-ncbi-nlm-nih-gov.ezproxy.unilim.fr,TRUE
discover.nci.nih.gov,TRUE
portal.niehs.nih.gov,TRUE
zh-cn.taxpayeradvocate.irs.gov,TRUE
hanford.gov,TRUE
nad.usace.army.mil,TRUE
bioenergykdf2.ornl.gov,TRUE
cybersecurity.usajobs.gov,TRUE
ucms.dni.gov,TRUE
navalaviationnews.navy.mil,TRUE
nhc-charleston.tricare.mil,TRUE
blscompdata.bls.gov,TRUE
mu.usembassy.gov,TRUE
civics.archives.gov,TRUE
beaufort.marines.mil,TRUE
sfa.jsc.nasa.gov,TRUE
seek.niehs.nih.gov,TRUE
www-ice-gov.translate.goog,TRUE
usds.gov,TRUE
ncirc.bja.ojp.gov,TRUE
enviroatlas.epa.gov,TRUE
pubmed-ncbi-nlm-nih-gov-ssl.access.ewha.ac.kr,TRUE
pubmed-ncbi-nlm-nih-gov.eres.library.manoa.hawaii.edu,TRUE
lst.jpl.nasa.gov,TRUE
arcr.niaaa.nih.gov,TRUE
pinellascounty.jobcorps.gov,TRUE
pubmed-ncbi-nlm-nih-gov.leidenuniv.idm.oclc.org,TRUE
sites.wip.nlm.nih.gov,TRUE
iprcenter.gov,TRUE
161arw.ang.af.mil,TRUE
blog-brigade.militaryonesource.mil,TRUE
atmosphere-imager.gsfc.nasa.gov,TRUE
csbf.nasa.gov,TRUE
af.usembassy.gov,TRUE
nitrd.gov,TRUE
www-lecb.ncifcrf.gov,TRUE
jrm.cnic.navy.mil,TRUE
livewire.energy.gov,TRUE
angtec.ang.af.mil,TRUE
pmc-ncbi-nlm-nih-gov.proxy.kib.ki.se,TRUE
annapolis.tricare.mil,TRUE
parkinsons.va.gov,TRUE
pubmed-ncbi-nlm-nih-gov-ssl.ocam.korea.ac.kr,TRUE
crf.sandia.gov,TRUE
gliht.gsfc.nasa.gov,TRUE
sy.usembassy.gov,TRUE
publicwebcms.nrc-gateway.gov,TRUE
srtr.hrsa.gov,TRUE
tfsr.uspto.gov,TRUE
cancer.va.gov,TRUE
profiles-us-east-1.awsprod.nlm.nih.gov,TRUE
fdic.gov,TRUE
mortuary.af.mil,TRUE
detroit.armymwr.com,TRUE
hotline.oig.dhs.gov,TRUE
gimms.gsfc.nasa.gov,TRUE
akaprod-hhs.gov,TRUE
mcasyuma.marines.mil,TRUE
pubmed-ncbi-nlm-nih-gov.northernkentuckyuniversity.idm.oclc.org,TRUE
sd.llnl.gov,TRUE
albuquerque.jobcorps.gov,TRUE
jecc.ustranscom.mil,TRUE
srorlgreen-f5.lanl.gov,TRUE
ehbos.hrsa.gov,TRUE
dodcertpmo.defense.gov,TRUE
jacksonville.jobcorps.gov,TRUE
dataportal.dol.gov,TRUE
prod-01-alb-toolkit-climate.woc.noaa.gov,TRUE
primis-uat.phmsa.dot.gov,TRUE
asr.arm.gov,TRUE
munson.tricare.mil,TRUE
goes-r.noaa.gov,TRUE
vienna.usmission.gov,TRUE
3rdmlg.marines.mil,TRUE
sfa.ird.appdat.jsc.nasa.gov,TRUE
pubmed-ncbi-nlm-nih-gov.proxy1.library.virginia.edu,TRUE
concrete.nist.gov,TRUE
www-ccrnp.ncifcrf.gov,TRUE
www-cms.cancer.gov,TRUE
usgs.gov,TRUE
gams.nist.gov,TRUE
stageagingstats.acl.gov,TRUE
newengland.tricare.mil,TRUE
conservation.gov,TRUE
tsunami.noaa.gov,TRUE
nek.ksc.nasa.gov,TRUE
glims.org,TRUE
echoscan.epa.gov,TRUE
uq.jpl.nasa.gov,TRUE
mcguiredixlakehurst.tricare.mil,TRUE
doi.usajobs.gov,TRUE
sit.edit.irs.gov,TRUE
armi.usgs.gov,TRUE
records-express.blogs.archives.gov,TRUE
jpss.gsfc.nasa.gov,TRUE
pubmed-ncbi-nlm-nih-gov.beilinson.portium.org,TRUE
error.vba.va.gov,TRUE
pubmed-ncbi-nlm-nih-gov.udea.lookproxy.com,TRUE
securecomms.ornl.gov,TRUE
playbook.healthit.gov,TRUE
www-osha-gov.translate.goog,TRUE
arisapp.ars.usda.gov,TRUE
pubmed-ncbi-nlm-nih-gov.ezproxy.mnsu.edu,TRUE
ruralhealth.va.gov,TRUE
data.er.census.gov,TRUE
museum.nps.gov,TRUE
pittsburgh.jobcorps.gov,TRUE
pay.gov,TRUE
ceres-tool.larc.nasa.gov,TRUE
tmf.cio.gov,TRUE
trade.gov,TRUE
ndcac.fbi.gov,TRUE
frontdoor.nasa.gov,TRUE
prodfprweb01.ncua.lan,TRUE
torii.armymwr.com,TRUE
ww3.fca.gov,TRUE
ncsp.llnl.gov,TRUE
pubmed-ncbi-nlm-nih-gov.ezproxy2.library.drexel.edu,TRUE
guam.tricare.mil,TRUE
ers.usda.gov,TRUE
pedp-ejscreen.azurewebsites.net,TRUE
dlap.alpha.lending.sba.gov,TRUE
clearfield.jobcorps.gov,TRUE
jastoolbox.sandia.gov,TRUE
paulsimonchicago.jobcorps.gov,TRUE
pubmed-ncbi-nlm-nih-gov.ezoris.lib.hokudai.ac.jp,TRUE
dcc-app-stage.studentaid.gov,TRUE
narations.blogs.archives.gov,TRUE
sierranevada.jobcorps.gov,TRUE
ilrs.cddis.eosdis.nasa.gov,TRUE
glri.us,TRUE
poca-public.fda.gov,TRUE
edit.medicaid.gov,TRUE
ntc.blm.gov,TRUE
hub.datacommons.cancer.gov,TRUE
olympiccoast.noaa.gov,TRUE
international.fhwa.dot.gov,TRUE
earthnow.usgs.gov,TRUE
pubmed-ncbi-nlm-nih-gov.edlibproxy.flysheet.com.tw,TRUE
slgs.gov,TRUE
era.nih.gov,TRUE
restorethegulf.gov,TRUE
spd15revision.gov,TRUE
vine.dhs.gov,TRUE
hohenfels.armymwr.com,TRUE
ee.usembassy.gov,TRUE
pmc-ncbi-nlm-nih-gov.lopes.idm.oclc.org,TRUE
pubmed-ncbi-nlm-nih-gov.autorpa.tcu.edu.tw,TRUE
bn.usembassy.gov,TRUE
poh.usace.army.mil,TRUE
asbca.mil,TRUE
clinregs.niaid.nih.gov,TRUE
cordellbank.noaa.gov,TRUE
camera.od.nih.gov,TRUE
diver.orr.noaa.gov,TRUE
airs.jpl.nasa.gov,TRUE
quantico.tricare.mil,TRUE
zazzle.de,TRUE
nasatoms.gsfc.nasa.gov,TRUE
cdaw.gsfc.nasa.gov,TRUE
www-hhs-gov.translate.goog,TRUE
darkenergysurvey.org,TRUE
pave.niaid.nih.gov,TRUE
ayv-express.com.co,TRUE
rcfl.gov,TRUE
ocs.marines.mil,TRUE
usms.usajobs.gov,TRUE
docs.cloud.gov,TRUE
115fw.ang.af.mil,TRUE
spaceradiation.larc.nasa.gov,TRUE
cnls.lanl.gov,TRUE
intranet.co-ops.nos.noaa.gov,TRUE
ylai.state.gov,TRUE
www-search.uspto.gov,TRUE
coalmine.dol.gov,TRUE
phoenix.jobcorps.gov,TRUE
dodmantech.mil,TRUE
weed-irwin.tricare.mil,TRUE
postdocs.jpl.nasa.gov,TRUE
aotus.blogs.archives.gov,TRUE
cloud-object.larc.nasa.gov,TRUE
discoverwhr.nih.gov,TRUE
kmsv2.manhattanstrategy.com,TRUE
highways.fhwa.dot.gov,TRUE
www-weather-gov.translate.goog,TRUE
180fw.ang.af.mil,TRUE
173fw.ang.af.mil,TRUE
cbwofs.vlab.noaa.gov,TRUE
pubmed-ncbi-nlm-nih-gov.ezproxy.umng.edu.co,TRUE
potomac.jobcorps.gov,TRUE
edison.jobcorps.gov,TRUE
www-uscis-gov.translate.goog,TRUE
nan.nicic.gov,TRUE
armymwrcareers.usajobs.gov,TRUE
combustion.llnl.gov,TRUE
securesrtr.transplant.hrsa.gov,TRUE
ogc.osd.mil,TRUE
roundupreads.ird.appdat.jsc.nasa.gov,TRUE
www-state-gov.translate.goog,TRUE
pubmed-ncbi-nlm-nih-gov.nukweb.nuk.uni-lj.si,TRUE
reclamationcareers.usajobs.gov,TRUE
tonguepoint.jobcorps.gov,TRUE
swm.usace.army.mil,TRUE
childstats.gov,TRUE
atcsim.nasa.gov,TRUE
pubmed-ncbi-nlm-nih-gov.lproxy.pusan.ac.kr,TRUE
opm.usajobs.gov,TRUE
heds-center.llnl.gov,TRUE
thor-f5.er.usgs.gov,TRUE
telehealth.va.gov,TRUE
genomicscience.energy.gov,TRUE
naturalresources.usajobs.gov,TRUE
chemistry.usajobs.gov,TRUE
ai.usajobs.gov,TRUE
aec.army.mil,TRUE
webtools.ccmc.gsfc.nasa.gov,TRUE
contracts.ornl.gov,TRUE
foiadocuments.uspto.gov,TRUE
web,TRUE
pubmed-ncbi-nlm-nih-gov.bengurionu.idm.oclc.org,TRUE
pubmed-ncbi-nlm-nih-gov.proxy.lib.uwaterloo.ca,TRUE
methylscape.ccr.cancer.gov,TRUE
ready.navy.mil,TRUE
tvars.com,TRUE
clint13.be-md.ncbi.nlm.nih.gov,TRUE
gracefo.jpl.nasa.gov,TRUE
webvpnb7f1c35ed85530454eb4543e1e1413e89349898d72eef7d0ff50e505c4fc5cbd976158351de5c3cbdc6407fb96937415cd7cc971ab6573a71577c488ada16d49317a68661edb14a4e81683d04b6605e6,TRUE
ecc.earthdata.nasa.gov,TRUE
huberthhumphrey.jobcorps.gov,TRUE
proxyapps.exascaleproject.org,TRUE
usvi.nsopw.gov,TRUE
s3vi.ndc.nasa.gov,TRUE
pubmed-ncbi-nlm-nih-gov-ssl.medilib.gachon.ac.kr,TRUE
www-test-acsf.cancer.gov,TRUE
t-origin.cdc.gov,TRUE
mvps.cdc.gov,TRUE
netcom.army.mil,TRUE
eshq.fnal.gov,TRUE
pubweb-prod.niaid.nih.gov,TRUE
mcjrotc.marines.mil,TRUE
balariniretifica.com.br,TRUE
pac.whs.mil,TRUE
poolsafely.gov,TRUE
eclipse.gsfc.nasa.gov,TRUE
waterservices.usgs.gov,TRUE
researchmethodsresources.nih.gov,TRUE
nrt.response.epa.gov,TRUE
pubmed-ncbi-nlm-nih-gov.rua.idm.oclc.org,TRUE
earlecclements.jobcorps.gov,TRUE
gsafleet.gov,TRUE
cnmi.nsopw.gov,TRUE
www2c.cdc.gov,TRUE
gtsi.ornl.gov,TRUE
strbase.nist.gov,TRUE
dlap.beta.lending.sba.gov,TRUE
search.invasivespeciesinfo.gov,TRUE
planetary.data.nasa.gov,TRUE
gm.usembassy.gov,TRUE
web.wma.mil,TRUE
162wing.ang.af.mil,TRUE
taskbook.nasaprs.com,TRUE
hera.gsfc.nasa.gov,TRUE
warriorcare.dodlive.mil,TRUE
lemoore.tricare.mil,TRUE
neglected-delinquent.ed.gov,TRUE
sjobs.brassring.com,TRUE
warroom.armywarcollege.edu,TRUE
dcdc.mil,TRUE
pubmed-ncbi-nlm-nih-gov.ejku.idm.oclc.org,TRUE
hr.fnal.gov,TRUE
ospo.noaa.gov,TRUE
opendata.fcc.gov,TRUE
pal.sec.usace.army.mil,TRUE
sr.usembassy.gov,TRUE
sirt.cftc.gov,TRUE
milwaukee.jobcorps.gov,TRUE
portal.diver.orr.noaa.gov,TRUE
dspo.mil,TRUE
oneonta.jobcorps.gov,TRUE
asc.llnl.gov,TRUE
isis.astrogeology.usgs.gov,TRUE
prod.justice.gov,TRUE
mr.usembassy.gov,TRUE
c2f.usff.navy.mil,TRUE
mvd.usace.army.mil,TRUE
193sow.ang.af.mil,TRUE
mcicom.marines.mil,TRUE
turner.jobcorps.gov,TRUE
ga.usembassy.gov,TRUE
usda-inv.secureocp.com,TRUE
dcc-app-serviceint.studentaid.gov,TRUE
comps.ed.gov,TRUE
pubmed.01.bt8.net,TRUE
fna-bwbufwdzbabpezgc.z01.azurefd.us,TRUE
scool.larc.nasa.gov,TRUE
redstone.tricare.mil,TRUE
longbeach.jobcorps.gov,TRUE
lasco6.nascom.nasa.gov,TRUE
sdmmp.com,TRUE
nucleardata.lanl.gov,TRUE
cloud.gov,TRUE
dote.osd.mil,TRUE
ecom-cat.usps.com,TRUE
www-genome-gov.translate.goog,TRUE
detrick.armymwr.com,TRUE
nrt3.modaps.eosdis.nasa.gov,TRUE
sohoftp.nascom.nasa.gov,TRUE
beta.access-board.gov,TRUE
files.adviserinfo.sec.gov,TRUE
mt.usembassy.gov,TRUE
xraytoolkit.sandia.gov,TRUE
ops-dr.fhwa.dot.gov,TRUE
cisnet.cancer.gov,TRUE
placetime.ornl.gov,TRUE
trumpadministration.archives.performance.gov,TRUE
166aw.ang.af.mil,TRUE
www-ncbi-nlm-nih-gov.pbidi.unam.mx,TRUE
www-nhlbi-nih-gov.translate.goog,TRUE
cce-datasharing.gsfc.nasa.gov,TRUE
esubmit.rita.dot.gov,TRUE
mwrresourcecenter.com,TRUE
jpl-nasa.libguides.com,TRUE
www2.occ.treas.gov,TRUE
pubmed-ncbi-nlm-nih-gov.uhsp.idm.oclc.org,TRUE
stp.gsfc.nasa.gov,TRUE
stlouis.jobcorps.gov,TRUE
ssaikansascity.usajobs.gov,TRUE
touchpoints.digital.gov,TRUE
aieregistry.org,TRUE
bcl.nlr.gov,TRUE
inlandempire.jobcorps.gov,TRUE
pubmed-ncbi-nlm-nih-gov.ezproxy.uniroma1.it,TRUE
hydrosource.ornl.gov,TRUE
tm-eog.uspto.gov,TRUE
nato.usmission.gov,TRUE
staging-earthquake.usgs.gov,TRUE
edit.state.gov,TRUE
tools-origin.cdc.gov,TRUE
sanjose.jobcorps.gov,TRUE
safety.fhwa.dot.gov,TRUE
amcom.army.mil,TRUE
gs.llnl.gov,TRUE
ictbaseline.access-board.gov,TRUE
afsouth.af.mil,TRUE
oceanview.pfeg.noaa.gov,TRUE
insurekidsnow.gov,TRUE
firejobs.doi.gov,TRUE
ffb.gov,TRUE
newriver.marines.mil,TRUE
treasureisland.jobcorps.gov,TRUE
dam.defense.gov,TRUE
littlerock.jobcorps.gov,TRUE
osan.tricare.mil,TRUE
pdbp.ninds.nih.gov,TRUE
pubmed-ncbi-nlm-nih-gov.proxy.lib.umich.edu,TRUE
pubmed-ncbi-nlm-nih-gov.kyorin.idm.oclc.org,TRUE
pubmed-ncbi-nlm-nih-gov.osaka-u.idm.oclc.org,TRUE
boulder.noaa.gov,TRUE
vis.globe.gov,TRUE
pubmed-ncbi-nlm-nih-gov.libproxy.ajou.ac.kr,TRUE
newpubmed.wwaker.top,TRUE
raymond-bliss.tricare.mil,TRUE
de.ng.mil,TRUE
pearlharborhickam.tricare.mil,TRUE
basicresearch.defense.gov,TRUE
kadena.tricare.mil,TRUE
www19.dev05.imsweb.com,TRUE
pubmed-ncbi-nlm-nih-gov.libproxy.lib.unc.edu,TRUE
mcst.gsfc.nasa.gov,TRUE
analytics.usa.gov,TRUE
fbibiospecs.fbi.gov,TRUE
stagetestdomain3.nih.gov,TRUE
madsciblog.t2com.army.mil,TRUE
miami.jobcorps.gov,TRUE
lws.gsfc.nasa.gov,TRUE
qscience.org,TRUE
medlineplus.gov,TRUE
bluebutton.cms.gov,TRUE
doi-extractives-data.app.cloud.gov,TRUE
jwst.nasa.gov,TRUE
afsbeurope.army.mil,TRUE
113wg.ang.af.mil,TRUE
trade.gov.http.akamai-trials.com,TRUE
pubmed-ncbi-nlm-nih-gov.ez18.periodicos.capes.gov.br,TRUE
esdresearch.nasa.gov,TRUE
www2.ntia.gov,TRUE
105aw.ang.af.mil,TRUE
175wg.ang.af.mil,TRUE
civil.usajobs.gov,TRUE
pubmed-ncbi-nlm-nih-gov.ezproxy.uniandes.edu.co,TRUE
cmit.cms.gov,TRUE
131bw.ang.af.mil,TRUE
cmc.marines.mil,TRUE
music.marines.mil,TRUE
reserve.uscg.mil,TRUE
innovationcrossroads.ornl.gov,TRUE
twentynine-palms.tricare.mil,TRUE
er.usembassy.gov,TRUE
townhall.nasa.gov,TRUE
access.cisa.gov,TRUE
documentation.uts.nlm.nih.gov,TRUE
149fw.ang.af.mil,TRUE
clearinghouse.epa.gov,TRUE
mcces.marines.mil,TRUE
explorers.gsfc.nasa.gov,TRUE
usamriid.health.mil,TRUE
rmc.usace.army.mil,TRUE
narac.llnl.gov,TRUE
owa.navy.mil,TRUE
oes.gsa.gov,TRUE
mc-review.onemac.cms.gov,TRUE
primis-meetings.phmsa.dot.gov,TRUE
revenuedata.onrr.gov,TRUE
fpi.omb.gov,TRUE
capstone.ndu.edu,TRUE
afni.nimh.nih.gov,TRUE
125fw.ang.af.mil,TRUE
npdb.hrsa.gov,TRUE
158fw.ang.af.mil,TRUE
cis.bie.edu,TRUE
wetlands.jpl.nasa.gov,TRUE
chronicdata.cdc.gov,TRUE
hawaii.jobcorps.gov,TRUE
agingresearchbiobank.nia.nih.gov,TRUE
176wg.ang.af.mil,TRUE
2009-2017-usun.state.gov,TRUE
guthrie.jobcorps.gov,TRUE
anacostiabolling.tricare.mil,TRUE
portal.edgarfiling.sec.gov,TRUE
fts.tsa.dhs.gov,TRUE
imp.edit.medicaid.gov,TRUE
pmc-ncbi-nlm-nih-gov.insb.bib.cnrs.fr,TRUE
honorguard.af.mil,TRUE
pmc-ncbi-nlm-nih-gov.libproxy1.nus.edu.sg,TRUE
prodpreview.eqrs.cms.gov,TRUE
184iw.ang.af.mil,TRUE
answers.usgs.gov,TRUE
pubmed-ncbi-nlm-nih-gov.ezproxy.lib.utah.edu,TRUE
mccsss.marines.mil,TRUE
afrba-portal.cce.af.mil,TRUE
lsimaging.sandia.gov,TRUE
origin.oceanexplorer.noaa.gov,TRUE
assays.cancer.gov,TRUE
intelligence.marines.mil,TRUE
pubmed-ncbi-nlm-nih-gov.vghtpe.idm.oclc.org,TRUE
pubmed-ncbi-nlm-nih-gov-s-16.lib-proxy.wmu.edu.cn,TRUE
ciidta.communities.ed.gov,TRUE
mssp.uscourts.gov,TRUE
dpc.cms.gov,TRUE
defense.gov,TRUE
general.usajobs.gov,TRUE
hhs.usajobs.gov,TRUE
marinenavigation.noaa.gov,TRUE
access.fda.gov,TRUE
brd.cancer.gov,TRUE
pubmed-ncbi-nlm-nih-gov.proxy.binghamton.edu,TRUE
brooklyn.jobcorps.gov,TRUE
cdi.marines.mil,TRUE
hinode.msfc.nasa.gov,TRUE
pubmed-ncbi-nlm-nih-gov.ez17.periodicos.capes.gov.br,TRUE
148fw.ang.af.mil,TRUE
newhampshire.jobcorps.gov,TRUE
extapps2.oge.gov,TRUE
manpower.marines.mil,TRUE
events.fnal.gov,TRUE
www-trade-gov.translate.goog,TRUE
mtbs.gov,TRUE
mobile.reginfo.gov,TRUE
gis.cancer.gov,TRUE
6thmarines.marines.mil,TRUE
www-26.blm.gov,TRUE
bbs.llnl.gov,TRUE
ott-exchange.energy.gov,TRUE
pubmed-ncbi-nlm-nih-gov.libraryproxy.quinnipiac.edu,TRUE
pubmed-ncbi-nlm-nih-gov.lib-proxy.fullerton.edu,TRUE
fcsic.gov,TRUE
isg.nist.gov,TRUE
mvm.usace.army.mil,TRUE
neworleans.jobcorps.gov,TRUE
vcorps.army.mil,TRUE
nrcs-prod.azureedge.us,TRUE
e4ftl01.cr.usgs.gov,TRUE
kittrell.jobcorps.gov,TRUE
geoai.ornl.gov,TRUE
rsc.niaid.nih.gov,TRUE
pgda.gsfc.nasa.gov,TRUE
tribute.militaryonesource.mil,TRUE
pmc-ncbi-nlm-nih-gov.ezproxy.lib.ucalgary.ca,TRUE
cdhc.noaa.gov,TRUE
mdce.army.mil,TRUE
redrock.jobcorps.gov,TRUE
apps.nssl.noaa.gov,TRUE
solar-b.msfc.nasa.gov,TRUE
cbca.gov,TRUE
newhaven.jobcorps.gov,TRUE
cdc.usajobs.gov,TRUE
primis-stage.phmsa.dot.gov,TRUE
megcore.nih.gov,TRUE
www-archives-gov.translate.goog,TRUE
isoo.blogs.archives.gov,TRUE
myplate-stg.kwaps.platform.usda.gov,TRUE
167aw.ang.af.mil,TRUE
pubmed-ncbi-nlm-nih-gov.uchile.idm.oclc.org,TRUE
greely.armymwr.com,TRUE
pubmed-ncbi-nlm-nih-gov.ezp.oamk.fi,TRUE
pubmed-ncbi-nlm-nih-gov.samuelmerritt.idm.oclc.org,TRUE
144fw.ang.af.mil,TRUE
onrr.gov,TRUE
login.fai.gov,TRUE
information.marines.mil,TRUE
osce.usmission.gov,TRUE
curlew.jobcorps.gov,TRUE
iaspub.epa.gov,TRUE
informationtechnology.usajobs.gov,TRUE
policy.defense.gov,TRUE
pubmed-ncbi-nlm-nih-gov.proxy2.biblio.supsi.ch,TRUE
clinicalcommons.ccdi.cancer.gov,TRUE
cms.ncep.noaa.gov,TRUE
pubmed-ncbi-nlm-nih-gov.libproxy.cha.ac.kr,TRUE
114fw.ang.af.mil,TRUE
www2.ntia.doc.gov,TRUE
tl.usembassy.gov,TRUE
100samfrontendaltminc.apps.prod-iae.bsp.gsa.gov,TRUE
ad.fnal.gov,TRUE
vecteezy.com,TRUE
nccrdataplatform.ccdi.cancer.gov,TRUE
dnahive.fda.gov,TRUE
iprradmin.cbp.dhs.gov,TRUE
southbronx.jobcorps.gov,TRUE
chs.coast.noaa.gov,TRUE
qa-eac.oversight.gov,TRUE
bamberg.jobcorps.gov,TRUE
bocachica.arc.nasa.gov,TRUE
foia.blogs.archives.gov,TRUE
phlip.cdc.gov,TRUE
9thmcd.marines.mil,TRUE
excelsiorsprings.jobcorps.gov,TRUE
doi.gov,TRUE
140wg.ang.af.mil,TRUE
pubmed-ncbi-nlm-nih-gov.nuigalway.idm.oclc.org,TRUE
jpeocbrnd.osd.mil,TRUE
benjaminlhooks.jobcorps.gov,TRUE
mclbbarstow.marines.mil,TRUE
pubmed-ncbi-nlm-nih-gov.geihsl.idm.oclc.org,TRUE
182aw.ang.af.mil,TRUE
ris.bie.edu,TRUE
lersearch.inl.gov,TRUE
efoservices.fec.gov,TRUE
miami.armymwr.com,TRUE
immport.niaid.nih.gov,TRUE
acquisitionacademy.va.gov,TRUE
pubmed-ncbi-nlm-nih-gov.libproxy.nau.edu,TRUE
pubmed.publicaciones.saludcastillayleon.es,TRUE
compliance.af.mil,TRUE
pubmed-ncbi-nlm-nih-gov.univaq.idm.oclc.org,TRUE
lscms.fema.gov,TRUE
www-nist-gov.translate.goog,TRUE
emac.gsfc.nasa.gov,TRUE
www-dol-gov.translate.goog,TRUE
hfv.lanl.gov,TRUE
anlgh.org,TRUE
radiojove.gsfc.nasa.gov,TRUE
ssab.gov,TRUE
cbb.census.gov,TRUE
binkley2.ncifcrf.gov,TRUE
dev4.ucms.dni.gov,TRUE
ocio.nih.gov,TRUE
password-tools-ecn.sandia.gov,TRUE
pubmed-ncbi-nlm-nih-gov.erm.vghks.gov.tw,TRUE
data.fr.census.gov,TRUE
army.usajobs.gov,TRUE
aphis-prod.azureedge.us,TRUE
damal.doe.gov,TRUE
dhra.mil,TRUE
hamilton.armymwr.com,TRUE
atterbury.jobcorps.gov,TRUE
pubmed-ncbi-nlm-nih-gov.smu.remotexs.co,TRUE
hunterliggett.armymwr.com,TRUE
www20-scan.imsweb.com,TRUE
avmc.army.mil,TRUE
pubmed-ncbi-nlm-nih-gov-ssl.mproxy.inje.ac.kr,TRUE
universityrecruiting-pnnl.icims.com,TRUE
keystone.jobcorps.gov,TRUE
hurlburt.tricare.mil,TRUE
cafe.orr.noaa.gov,TRUE
pubmed-ncbi-nlm-nih-gov.libdata.lib.ua.edu,TRUE
stac.astrogeology.usgs.gov,TRUE
pubmed-ncbi-nlm-nih-gov.wvu.idm.oclc.org,TRUE
cherrypoint.tricare.mil,TRUE
app-test4-dcc.ed.gov,TRUE
tts.gsa.gov,TRUE
tulsa.jobcorps.gov,TRUE
pubmed-ncbi-nlm-nih-gov.ezproxy.usj.edu.lb,TRUE
mctssa.marines.mil,TRUE
lss.fnal.gov,TRUE
maps.usgs.gov,TRUE
digitalcorps.gsa.gov,TRUE
deomi.mil,TRUE
usafmcom.army.mil,TRUE
treasuryscams.gov,TRUE
bmdsonline.epa.gov,TRUE
flinthills.jobcorps.gov,TRUE
federalinvestments.gov,TRUE
ecps.nih.gov,TRUE
awsedap.epa.gov,TRUE
espanol.ncua.gov,TRUE
trainatnci.cancer.gov,TRUE
occ.ustreas.gov,TRUE
nrt.org,TRUE
boxelder.jobcorps.gov,TRUE
cde.awsprod.nlm.nih.gov,TRUE
brunswick.jobcorps.gov,TRUE
testbed.aviationweather.gov,TRUE
pds-engineering.jpl.nasa.gov,TRUE
app.across.sciencecloud.nasa.gov,TRUE
cms.usajobs.gov,TRUE
accessdata.fda.gov,TRUE
tinker.tricare.mil,TRUE
citizenshipgrants.uscis.gov,TRUE
midas.uscis.dhs.gov,TRUE
towerfts.csbf.nasa.gov,TRUE
wapa.usajobs.gov,TRUE
pubmed-ncbi-nlm-nih-gov.ermg.femh.org.tw,TRUE
joliet.jobcorps.gov,TRUE
dodea.usajobs.gov,TRUE
datastage.dol.gov,TRUE
dceg-dev-acsf.cancer.gov,TRUE
177fw.ang.af.mil,TRUE
139aw.ang.af.mil,TRUE
woodland.jobcorps.gov,TRUE
neutrinos.fnal.gov,TRUE
cincinnati.jobcorps.gov,TRUE
ephtracking.glb.cdc.gov,TRUE
pubmed-ncbi-nlm-nih-gov.d360prx.biomed.cas.cz,TRUE
0-www-ncbi-nlm-nih-gov.brum.beds.ac.uk,TRUE
bankrobbers.fbi.gov,TRUE
herc.research.va.gov,TRUE
pubmed-ncbi-nlm-nih-gov.uri.idm.oclc.org,TRUE
www-dev-ac.cancer.gov,TRUE
staging.dol.gov,TRUE
clinicaltables.nlm.nih.gov,TRUE
bloodstemcell.hrsa.gov,TRUE
charleston.jobcorps.gov,TRUE
ncorp.cancer.gov,TRUE
wdc-usda--rfomqad11.sandbox.my.site.com,TRUE
savingsbondwizard.gov,TRUE
luke.tricare.mil,TRUE
pof.usace.army.mil,TRUE
192wg.ang.af.mil,TRUE
pubmed-ncbi-nlm-nih-gov.galanga.hvl.no,TRUE
farmtoschoolcensus.fna.usda.gov,TRUE
portal.vetbiz.va.gov,TRUE
patrick.tricare.mil,TRUE
102iw.ang.af.mil,TRUE
forestsandrangelands.gov,TRUE
challenge.gov,TRUE
fehrm.gov,TRUE
choctaw.nsopw.gov,TRUE
eerscmap.usgs.gov,TRUE
airforcesmallbiz.af.mil,TRUE
volcview.wr.usgs.gov,TRUE
learningcenter.niaid.nih.gov,TRUE
newhudoigstage.prod.acquia-sites.com,TRUE
ostr.ccr.cancer.gov,TRUE
gkv-keyword.earthdatacloud.nasa.gov,TRUE
isoo-overview.blogs.archives.gov,TRUE
eddmr-cat.usps.com,TRUE
elvperf.ksc.nasa.gov,TRUE
phd.blm.gov,TRUE
cyberdefensereview.army.mil,TRUE
ext-sit-seqdata.etc.uspto.gov,TRUE
pubmed-ncbi-nlm-nih-gov.proxybibl.vgregion.se,TRUE
cms.health.mil,TRUE
fredgacosta.jobcorps.gov,TRUE
pubmed-ncbi-nlm-nih-gov.csula.idm.oclc.org,TRUE
drc-usadata.opm.gov,TRUE
staging.ustraveldocs.com,TRUE
pubmed.bibliofumc.elogim.com,TRUE
mcasfutenma.marines.mil,TRUE
staging.d2d.gsa.gov,TRUE
techbull.nlm.nih.gov,TRUE
mv.usembassy.gov,TRUE
fna.usda.gov,TRUE
prod-01-alb-www-swpc.woc.noaa.gov,TRUE
sb.usembassy.gov,TRUE
detroit.jobcorps.gov,TRUE
pandora.gsfc.nasa.gov,TRUE
pmiweb.ornl.gov,TRUE
doj.usajobs.gov,TRUE
pubmed-ncbi-nlm-nih-gov.dml.regis.edu,TRUE
pubmed-ncbi-nlm-nih-gov.umassmed.idm.oclc.org,TRUE
economist.usajobs.gov,TRUE
ssp-llc.us,TRUE
ye.usembassy.gov,TRUE
jsf.mil,TRUE
shriver.jobcorps.gov,TRUE
aatc.ang.af.mil,TRUE
robins.tricare.mil,TRUE
2ndmarines.marines.mil,TRUE
search4.nlr.gov,TRUE
doecap.projectenhancement.com,TRUE
noaa-nos-coastal-lidar-pds.s3.amazonaws.com,TRUE
diabetespath2prevention.cdc.gov,TRUE
ly.usembassy.gov,TRUE
staging.disasterassistance.gov,TRUE
nccrexplorer.ccdi.cancer.gov,TRUE
owapps.epa.gov,TRUE
idp.staging.login.gov,TRUE
jwac.mil,TRUE
weather-1.llnl.gov,TRUE
cf.usembassy.gov,TRUE
antibodies.cancer.gov,TRUE
slds.ed.gov,TRUE
pstrainingtracker.fns.usda.gov,TRUE
so.usembassy.gov,TRUE
cic.gsa.gov,TRUE
52.37.121.124,TRUE
bondpro.gov,TRUE
hartford.jobcorps.gov,TRUE
aptcenter.research.va.gov,TRUE
3rdmlr.marines.mil,TRUE
westover.jobcorps.gov,TRUE
cn.usembassy.gov,TRUE
pmc-ncbi-nlm-nih-gov.bibliopass.unito.it,TRUE
ncrar.research.va.gov,TRUE
akaprod-foodsafety.gov,TRUE
108thwing.ang.af.mil,TRUE
fedpayvendor.gsa.gov,TRUE
usoecd.usmission.gov,TRUE
pubmed-ncbi-nlm-nih-gov.uplib.idm.oclc.org,TRUE
hill.tricare.mil,TRUE
doifirescareers.usajobs.gov,TRUE
trials.nci.nih.gov,TRUE
nh.ng.mil,TRUE
surveyreview.nass.usda.gov,TRUE
intranet.ninds.nih.gov,TRUE
nvlpubs.nist.gov,TRUE
ncc.usajobs.gov,TRUE
jsc.defense.gov,TRUE
pubmed-ncbi-nlm-nih-gov.erm.cch.org.tw,TRUE
restoreactscienceprogram.noaa.gov,TRUE
pubmed-ncbi-nlm-nih-gov.ezproxy1.lib.asu.edu,TRUE
dfc.usajobs.gov,TRUE
www-air.larc.nasa.gov,TRUE
moody.tricare.mil,TRUE
library.llnl.gov,TRUE
www-ncei-noaa-gov.translate.goog,TRUE
111attackwing.ang.af.mil,TRUE
refermyappraisalcomplaint.asc.gov,TRUE
pubmed-ncbi-nlm-nih-gov-ssl.libproxy.ncc.re.kr,TRUE
brunssum.armymwr.com,TRUE
eeotraining.eeoc.gov,TRUE
117arw.ang.af.mil,TRUE
wade.ornl.gov,TRUE
shaw.tricare.mil,TRUE
20cbrne.army.mil,TRUE
accesstocare.va.gov,TRUE
marine.usgs.gov,TRUE
www-grc-nasa-gov.translate.goog,TRUE
quentinnburdick.jobcorps.gov,TRUE
sab.noaa.gov,TRUE
cms.faa.gov,TRUE
blueridge.jobcorps.gov,TRUE
data.va.gov,TRUE
weather.dfrc.nasa.gov,TRUE
pineridge.jobcorps.gov,TRUE
stage.castlegardenapp.cloud,TRUE
usau.usmission.gov,TRUE
187fw.ang.af.mil,TRUE
dunham.tricare.mil,TRUE
lew.epa.gov,TRUE
infrastructure-exchange.energy.gov,TRUE
pubmed-ncbi-nlm-nih-gov.proxy.cau.ac.kr,TRUE
eeoccareers.usajobs.gov,TRUE
sab.epa.gov,TRUE
cascades.jobcorps.gov,TRUE
pubmed-ncbi-nlm-nih-gov.libproxy1.usc.edu,TRUE
astronautappearances.nasa.gov,TRUE
access.sandia.gov,TRUE
content.buoybay.noaa.gov,TRUE
columbiabasin.jobcorps.gov,TRUE
trappercreek.jobcorps.gov,TRUE
wmdcenter.ndu.edu,TRUE
by.usembassy.gov,TRUE
olddominion.jobcorps.gov,TRUE
alaska.jobcorps.gov,TRUE
aria-share.jpl.nasa.gov,TRUE
171arw.ang.af.mil,TRUE
opportunity.census.gov,TRUE
facilitycyber.labworks.org,TRUE
box.co.uk,TRUE
brfss-weat.cdc.gov,TRUE
treasurydirect.gov,TRUE
ecco-group.org,TRUE
moleculartargets.ccdi.cancer.gov,TRUE
sustainability.gov,TRUE
archive.gps.gov,TRUE
portallab.cms.cmstest,TRUE
datacatalog.ccdi.cancer.gov,TRUE
fedinvest.gov,TRUE
mcm.fas.gsa.gov,TRUE
sbir-test-acsf.cancer.gov,TRUE
12thmcd.marines.mil,TRUE
4thmcd.marines.mil,TRUE
techfarhub.usds.gov,TRUE
usajobs.local,TRUE
pins.ccr.cancer.gov,TRUE
188wg.ang.af.mil,TRUE
fprime.jpl.nasa.gov,TRUE
pubmed-ncbi-nlm-nih-gov.miman.bib.bth.se,TRUE
sz.usembassy.gov,TRUE
api.fdic.gov,TRUE
grcariverpermits.nps.gov,TRUE
uat-hazards.msc.fema.gov,TRUE
glenmont.jobcorps.gov,TRUE
stateoftheocean.osmc.noaa.gov,TRUE
axial.ceoas.oregonstate.edu,TRUE
montgomery.jobcorps.gov,TRUE
atf-eregs.app.cloud.gov,TRUE
c3f.navy.mil,TRUE
medicineonscreen.nlm.nih.gov,TRUE
access.preprod.fda.gov,TRUE
harpersferry.jobcorps.gov,TRUE
webapps.nwfsc.noaa.gov,TRUE
mississippi.jobcorps.gov,TRUE
usanca.army.mil,TRUE
enviroinfo.llnl.gov,TRUE
sprazurewebsites.us,TRUE
meshb.wip.nlm.nih.gov,TRUE
windriver.jobcorps.gov,TRUE
mutluer.av.tr,TRUE
landlordzone.co.uk,TRUE
pubmed-ncbi-nlm-nih-gov.proxy.unisanitas.edu.co,TRUE
datadashboard-fda-gov.translate.goog,TRUE
gmvs.fda.gov,TRUE
redlake.nsopw.gov,TRUE
outreach.navy.mil,TRUE
136aw.ang.af.mil,TRUE
facjj.ojp.gov,TRUE
1aauto.com,TRUE
ustraveldocs.com,TRUE
parker.gsfc.nasa.gov,TRUE
icrcc.fws.gov,TRUE
solarpaces.nlr.gov,TRUE
fim.noaa.gov,TRUE
dnc2s.ornl.gov,TRUE
jomashop.com,TRUE
ottumwa.jobcorps.gov,TRUE
pubmed-ncbi-nlm-nih-gov.libproxy.jnu.ac.kr,TRUE
oauth.cls.sba.gov,TRUE
155arw.ang.af.mil,TRUE
www-live.goesr.woc.noaa.gov,TRUE
aphill.armymwr.com,TRUE
mdctqmr.cms.gov,TRUE
cassadaga.jobcorps.gov,TRUE
oceanexplorer-x.woc.noaa.gov,TRUE
penobscot.jobcorps.gov,TRUE
pubmed-ncbi-nlm-nih-gov.librweb.laurentian.ca,TRUE
arscareers.usajobs.gov,TRUE
corpuschristi.tricare.mil,TRUE
immport.org,TRUE
researchlibrary.lanl.gov,TRUE
finddoxypep.cdc.gov,TRUE
registration.pps.eosdis.nasa.gov,TRUE
kirtland.tricare.mil,TRUE
sustainabilitydashboard.doe.gov,TRUE
sqmscenter.fnal.gov,TRUE
davidlcarrasco.jobcorps.gov,TRUE
irt.defense.gov,TRUE
usaarl.health.mil,TRUE
pubmed-ncbi-nlm-nih-gov.libaccess.lib.mcmaster.ca,TRUE
demographics.militaryonesource.mil,TRUE
responselink.orr.noaa.gov,TRUE
ssaidenver.usajobs.gov,TRUE
dayton.jobcorps.gov,TRUE
cdn.census.gov,TRUE
www-ncbi-nlm-nih-gov.libproxy1.nus.edu.sg,TRUE
pubmed-ncbi-nlm-nih-gov.insubria.idm.oclc.org,TRUE
geodata.nal.usda.gov,TRUE
iandl.marines.mil,TRUE
grafton.jobcorps.gov,TRUE
frenchburg.jobcorps.gov,TRUE
vulcan-cfd.larc.nasa.gov,TRUE
ssaiseattle.usajobs.gov,TRUE
geopub.epa.gov,TRUE
os1.cc.nih.gov,TRUE
usunrome.usmission.gov,TRUE
libraryguides.usgs.gov,TRUE
fbilabqsd.fbi.gov,TRUE
app.scrapingbee.com,TRUE
carldperkins.jobcorps.gov,TRUE
dakota.sandia.gov,TRUE
pubmed-ncbi-nlm-nih-gov.ezproxy.inn.no,TRUE
afotec.af.mil,TRUE
n3c.ncats.nih.gov,TRUE
rota.tricare.mil,TRUE
lmpublicsearch.lm.doe.gov,TRUE
mcsfr.marines.mil,TRUE
nssdc.gsfc.nasa.gov,TRUE
zazzle.com,TRUE
146aw.ang.af.mil,TRUE
compass.er.usgs.gov,TRUE
sih.bie.edu,TRUE
6thmcd.marines.mil,TRUE
gadsden.jobcorps.gov,TRUE
stall-fabricators.com,TRUE
pubmed-ncbi-nlm-nih-gov.libproxy.hallym.or.kr,TRUE
103aw.ang.af.mil,TRUE
training.nnlm.gov,TRUE
volcano.gov,TRUE
certificate.seafoodinspection.nmfs.noaa.gov,TRUE
cmb.ornl.gov,TRUE
laredo.jobcorps.gov,TRUE
mtf.helpdesk.cms.gov,TRUE
denali.gov,TRUE
crapes.fdic.gov,TRUE
translated.turbopages.org,TRUE
vgpenoi.epa.gov,TRUE
fcc.navy.mil,TRUE
pubmed-ncbi-nlm-nih-gov.fukuoka-u.idm.oclc.org,TRUE
buckley.tricare.mil,TRUE
pubmed-ncbi-nlm-nih-gov.byu.idm.oclc.org,TRUE
ibwc.azurewebsites.net,TRUE
ceac.state.gov,TRUE
rconnect.usgs.gov,TRUE
declassification.blogs.archives.gov,TRUE
signin.stage.usastaffing.gov,TRUE
angell.jobcorps.gov,TRUE
search.npdb.hrsa.gov,TRUE
satable.ncep.noaa.gov,TRUE
weather.llnl.gov,TRUE
www-energy-gov.translate.goog,TRUE
scribenet.response.epa.gov,TRUE
8thmcd.marines.mil,TRUE
denison.jobcorps.gov,TRUE
dowea-ed-aides.usajobs.gov,TRUE
nau.usace.army.mil,TRUE
www-faa-gov.translate.goog,TRUE
anaconda.jobcorps.gov,TRUE
spd.usace.army.mil,TRUE
ethics.va.gov,TRUE
www-ninds-nih-gov.translate.goog,TRUE
13thmeu.marines.mil,TRUE
152aw.ang.af.mil,TRUE
rcnsc.ndu.edu,TRUE
eppportal.ndc.nasa.gov,TRUE
americansamoa.nsopw.gov,TRUE
132dwing.ang.af.mil,TRUE
yokota.tricare.mil,TRUE
agingstats.gov,TRUE
pubmed-ncbi-nlm-nih-gov.kb.ezproxy1.sg.ch,TRUE
blackwell.jobcorps.gov,TRUE
aviation.marines.mil,TRUE
smmc.marines.mil,TRUE
training.ecomp.dol.gov,TRUE
northlands.jobcorps.gov,TRUE
ams.usda.gov,TRUE
fuji.marines.mil,TRUE
maxwell.tricare.mil,TRUE
iroquois.jobcorps.gov,TRUE
loring.jobcorps.gov,TRUE
109aw.ang.af.mil,TRUE
akastage3-ion-hhs.gov,TRUE
blast.fl.genedigtech.cloud,TRUE
eallegations.cbp.gov,TRUE
shreveport.jobcorps.gov,TRUE
useu.usmission.gov,TRUE
118wg.ang.af.mil,TRUE
vsat.epa.gov,TRUE
apps.fca.gov,TRUE
letterkenny.army.mil,TRUE
readmypins.state.gov,TRUE
statspolicy.gov,TRUE
star.nesdis.noaa.gov,TRUE
modis-land.gsfc.nasa.gov,TRUE
31stmeu.marines.mil,TRUE
www58-scan.imsweb.com,TRUE
ssaiboston.usajobs.gov,TRUE
hpt.cms.gov,TRUE
ai-challenges.nist.gov,TRUE
geraldrford.jobcorps.gov,TRUE
pubmed-ncbi-nlm-nih-gov.proxy.library.emory.edu,TRUE
safgc.hq.af.mil,TRUE
davismonthan.tricare.mil,TRUE
pmc-ncbi-nlm-nih-gov.proxy3.library.mcgill.ca,TRUE
exeter.jobcorps.gov,TRUE
maps.jpl.nasa.gov,TRUE
wind.nasa.gov,TRUE
woundedwarrior.marines.mil,TRUE
manhattanprojectbreactor.hanford.gov,TRUE
ui.wc1.screening.risk.lseg.com,TRUE
esml.epa.gov,TRUE
ntpsearch.niehs.nih.gov,TRUE
ww3.safaq.hq.af.mil,TRUE
invasivespeciesinfo.gov,TRUE
hdrl.gsfc.nasa.gov,TRUE
mrc-europe.army.mil,TRUE
alpenacrtc.ang.af.mil,TRUE
qa-ed.oversight.gov,TRUE
pubmed-ncbi-nlm-nih-gov.cyber.usask.ca,TRUE
ilthermo.boulder.nist.gov,TRUE
mh.usembassy.gov,TRUE
at.dod.mil,TRUE
mepi.state.gov,TRUE
niddk.nih.gov,TRUE
bluegrass.armymwr.com,TRUE
antlia.med.unipmn.it,TRUE
securefoia.gsa.gov,TRUE
137sow.ang.af.mil,TRUE
oui.doleta.gov,TRUE
paxriver.tricare.mil,TRUE
erddap.aoml.noaa.gov,TRUE
data-test3.hdw.hrsa.gov,TRUE
1stmcd.marines.mil,TRUE
pubmed-ncbi-nlm-nih-gov.ezproxy.library.wisc.edu,TRUE
naples.tricare.mil,TRUE
ai.jpl.nasa.gov,TRUE
history.fnal.gov,TRUE
xyce.sandia.gov,TRUE
flintgenesee.jobcorps.gov,TRUE
idcfd.bls.gov,TRUE
mcwl.marines.mil,TRUE
guesthouse.ornl.gov,TRUE
drumcorps.marines.mil,TRUE
opendap.co-ops.nos.noaa.gov,TRUE
visit-dav.github.io,TRUE
pubmed-ncbi-nlm-nih-gov.libproxy2.usc.edu,TRUE
employer.gov,TRUE
nara.usajobs.gov,TRUE
vacsp.research.va.gov,TRUE
home-treasury-gov.translate.goog,TRUE
128arw.ang.af.mil,TRUE
fbi.usajobs.gov,TRUE
pmc-ncbi-nlm-nih-gov.acces.bibl.ulaval.ca,TRUE
405d.hhs.gov,TRUE
pubmed-ncbi-nlm-nih-gov.ez.sun.ac.za,TRUE
ehbstg02.hrsa.gov,TRUE
request.hec.nasa.gov,TRUE
lanl.gov,TRUE
pubmed-ncbi-nlm-nih-gov.neomed.idm.oclc.org,TRUE
va.usembassy.gov,TRUE
pubmed-ncbi-nlm-nih-gov.proxy.dsmc.or.kr,TRUE
ffiec.beta.cfpb.gov,TRUE
orps.doe.gov,TRUE
41fab.army.mil,TRUE
pubmed-ncbi-nlm-nih-gov.albanymed.idm.oclc.org,TRUE
marforcom.marines.mil,TRUE
edit-26.blm.gov,TRUE
emcbc.doe.gov,TRUE
community.hrsa.gov,TRUE
pubmed-ncbi-nlm-nih-gov.sid2nomade-1.grenet.fr,TRUE
muhlenberg.jobcorps.gov,TRUE
finder.healthcare.gov,TRUE
heart-stroke-atlas.cdc.gov,TRUE
hmx-1.marines.mil,TRUE
diy.com,TRUE
dq.arm.gov,TRUE
prod-wwwhhsgov.cloud.hhs.gov,TRUE
oceannoise.noaa.gov,TRUE
pubmed-ncbi-nlm-nih-gov.proxy.bib.uottawa.ca,TRUE
119wg.ang.af.mil,TRUE
fqt2egrants.cns.gov,TRUE
houston.hsrd.research.va.gov,TRUE
beta.trade.gov,TRUE
pubmed-ncbi-nlm-nih-gov.mlprox.csmc.edu,TRUE
fm.usembassy.gov,TRUE
nhc-vm-nhcweb01.nhc.noaa.gov,TRUE
lc.llnl.gov,TRUE
134arw.ang.af.mil,TRUE
havasupai.nsopw.gov,TRUE
www-test-ac.cancer.gov,TRUE
pbpnation.nsopw.gov,TRUE
live-www-goesr.woc.noaa.gov,TRUE
schenck.jobcorps.gov,TRUE
test-tsdr.etc.uspto.gov,TRUE
hpc.netl.doe.gov,TRUE
incidenthistory.noaa.gov,TRUE
pubmed-ncbi-nlm-nih-gov.wwwproxy1.library.unsw.edu.au,TRUE
dtsa.mil,TRUE
origin-east-www-ospo.woc.noaa.gov,TRUE
sheppard.tricare.mil,TRUE
impl.ops.internal.cms.gov,TRUE
pubmed-ncbi-nlm-nih-gov.sid2nomade-2.grenet.fr,TRUE
stgforfeiture.gov,TRUE
test-fisheries.noaa.gov,TRUE
join.justice.gov,TRUE
frcse.navair.navy.mil,TRUE
inetdevaz,TRUE
ejobs.ro,TRUE
digitalgallery.nlm.nih.gov,TRUE
vetbiz.va.gov,TRUE
fourthfleet.navy.mil,TRUE
dover.tricare.mil,TRUE
oig.eac.gov,TRUE
ramey.jobcorps.gov,TRUE
web.kijiji.ca,TRUE
pubmed-ncbi-nlm-nih-gov.elib.tcd.ie,TRUE
collbran.jobcorps.gov,TRUE
dcs4.noaa.gov,TRUE
sd.usembassy.gov,TRUE
me.ng.mil,TRUE
finchhenry.jobcorps.gov,TRUE
blm.gov,TRUE
www-dea-gov.translate.goog,TRUE
ext.em-la.doe.gov,TRUE
rma.stg.platform.usda.gov,TRUE
wbc.llnl.gov,TRUE
jacobscreek.jobcorps.gov,TRUE
gsl.noaa.gov,TRUE
sa.www4.irs.gov,TRUE
inp2300irmaqa02.nps.doi.net,TRUE
imp.data.medicaid.gov,TRUE
search.noaa.gov,TRUE
taaps.gov,TRUE
signin.train.usastaffing.gov,TRUE
fdanj.awsprod.nlm.nih.gov,TRUE
spectrum.gov,TRUE
fact-efrc.ornl.gov,TRUE
charleston.tricare.mil,TRUE
vsc-ash.wr.usgs.gov,TRUE
pubmed-ncbi-nlm-nih-gov.lib.pepperdine.edu,TRUE
gs671-umbra.nascom.nasa.gov,TRUE
lawenforcement.marines.mil,TRUE
tonation.nsopw.gov,TRUE
pubmed-ncbi-nlm-nih-gov.proxy.library.ju.se,TRUE
swd.usace.army.mil,TRUE
pubmed-ncbi-nlm-nih-gov.proxy2.library.illinois.edu,TRUE
ctsu.org,TRUE
dunescience.org,TRUE
timberlake.jobcorps.gov,TRUE
ccdi.cancer.gov,TRUE
dev-www-goesr.woc.noaa.gov,TRUE
mechanical.usajobs.gov,TRUE
geonames.usgs.gov,TRUE
fortsimcoe.jobcorps.gov,TRUE
vhptools.usgs.gov,TRUE
pubmed-ncbi-nlm-nih-gov.bibproxy.kau.se,TRUE
iris.gsfc.nasa.gov,TRUE
pubmed-ncbi-nlm-nih-gov.ressources-electroniques.univ-lille.fr,TRUE
ace.cbp.dhs.gov,TRUE
26thmeu.marines.mil,TRUE
dds.cr.usgs.gov,TRUE
brussels.armymwr.com,TRUE
wolfcreek.jobcorps.gov,TRUE
pubmed-ncbi-nlm-nih-gov.proxy.library.cpp.edu,TRUE
queri.research.va.gov,TRUE
pubmed-ncbi-nlm-nih-gov.eu1.proxy.openathens.net,TRUE
webforms.fec.gov,TRUE
cidc.nci.nih.gov,TRUE
edit.cms.gov,TRUE
obisstage.osha.gov,TRUE
responder.llnl.gov,TRUE
ukraineoversight.gov,TRUE
pubmed-ncbi-nlm-nih-gov.dartmouth.idm.oclc.org,TRUE
postcalcsm.usps.com,TRUE
clinicaltrials-gov.translate.goog,TRUE
ready.marines.mil,TRUE
card.nih.gov,TRUE
edpass.ed.gov,TRUE
prod.mars.jpllab.net,TRUE
gulfport.jobcorps.gov,TRUE
public-environmental-data-partners.github.io,TRUE
annualreport.nichd.nih.gov,TRUE
bout.llnl.gov,TRUE
springdale.jobcorps.gov,TRUE
mcalester.armymwr.com,TRUE
azhrsautl1.amer.reisystems.com,TRUE
occgovwepsstg.occ.treas.gov,TRUE
api.seer.cancer.gov,TRUE
pubmed-ncbi-nlm-nih-gov.ezproxy.udes.edu.co,TRUE
pubmed-ncbi-nlm-nih-gov.libproxy.dcmc.co.kr,TRUE
pubmed-ncbi-nlm-nih-gov.proxy1.library.jhu.edu,TRUE
adios.orr.noaa.gov,TRUE
wisqars-viz.cdc.gov,TRUE
woodstock.jobcorps.gov,TRUE
blast-ncbi-nlm-nih-gov.kyoto-u.idm.oclc.org,TRUE
129rqw.ang.af.mil,TRUE
fl.genedigtech.cloud,TRUE
osc.gov,TRUE
pmc-ncbi-nlm-nih-gov.offcampus.lib.washington.edu,TRUE
voyager.gsfc.nasa.gov,TRUE
pubmed-ncbi-nlm-nih-gov.foyer.swmed.edu,TRUE
blastinjuryresearch.health.mil,TRUE
nrel.sitefinity.cloud,TRUE
pubmed-ncbi-nlm-nih-gov.ump.remotexs.co,TRUE
cidc-stage.nci.nih.gov,TRUE
littlerock.tricare.mil,TRUE
erulings.cbp.gov,TRUE
nasacentral--uat.sandbox.my.site.com,TRUE
obamalibrary.archives.gov,TRUE
pubmed-ncbi-nlm-nih-gov.merlin.u-picardie.fr,TRUE
learcat.bjs.ojp.gov,TRUE
cubit.sandia.gov,TRUE
edlprodapi-238911646.auto.earthdatacloud.nasa.gov,TRUE
nv.ng.mil,TRUE
cass.jobcorps.gov,TRUE
edlapi-2916243984.auto.earthdatacloud.nasa.gov,TRUE
magazine-local.medlineplus.gov,TRUE
www-int-ac.cancer.gov,TRUE
ahec.armywarcollege.edu,TRUE
gulfoilspill.jpl.nasa.gov,TRUE
ssis.nist.gov,TRUE
circinteractome.irp.nia.nih.gov,TRUE
dev-spot.weather.gov,TRUE
scisoft.fnal.gov,TRUE
stroke.cindrr.research.va.gov,TRUE
marfork.marines.mil,TRUE
lightning.nsstc.nasa.gov,TRUE
tropicalcyclone.jpl.nasa.gov,TRUE
pmc-ncbi-nlm-nih-gov.bvsp.idm.oclc.org,TRUE
mapspace.ornl.gov,TRUE
ncc.navfac.navy.mil,TRUE
hwt.nssl.noaa.gov,TRUE
essentials-stage.neh.gov,TRUE
mingo.jobcorps.gov,TRUE
pubmed-ncbi-nlm-nih-gov.moffitt.idm.oclc.org,TRUE
gq.usembassy.gov,TRUE
espanol.mycreditunion.gov,TRUE
pmc-ncbi-nlm-nih-gov.kyoto-u.idm.oclc.org,TRUE
static-site.staging.sti.appdat.jsc.nasa.gov,TRUE
whitneymyoung.jobcorps.gov,TRUE
pubmed-ncbi-nlm-nih-gov.ezproxy.jamk.fi,TRUE
pubmed-ncbi-nlm-nih-gov.tsukuba.idm.oclc.org,TRUE
student.helioviewer.org,TRUE
bioams.llnl.gov,TRUE
genomics.llnl.gov,TRUE
oconaluftee.jobcorps.gov,TRUE
osha-ita.staging.pace.dol.gov,TRUE
earthsciences.gsfc.nasa.gov,TRUE
planon.nci.nih.gov,TRUE
search.sit.earthdata.nasa.gov,TRUE
tsunami.coast.noaa.gov,TRUE
osha.staging.pace.dol.gov,TRUE
weberbasin.jobcorps.gov,TRUE
pubmed-ncbi-nlm-nih-gov.ez.srv.pmu.ac.at,TRUE
nwtrb.gov,TRUE
0-pubmed-ncbi-nlm-nih-gov.innopac.wits.ac.za,TRUE
vso1.nascom.nasa.gov,TRUE
pubmed-ncbi-nlm-nih-gov.newproxy.downstate.edu,TRUE
pubmed-ncbi-nlm-nih-gov.ez27.periodicos.capes.gov.br,TRUE
juvenilecouncil.ojp.gov,TRUE
www-tsa-gov.translate.goog,TRUE
repi.mil,TRUE
cloud.mil,TRUE
24thmeu.marines.mil,TRUE
marforcyber.marines.mil,TRUE
pubmed-ncbi-nlm-nih-gov.nelli.laurea.fi,TRUE
itools.od.nih.gov,TRUE
cherp.research.va.gov,TRUE
pubmed-ncbi-nlm-nih-gov.dlsw.tzuchi-healthcare.org.tw,TRUE
ofac-treasury-gov.translate.goog,TRUE
pmc-ncbi-nlm-nih-gov.cuml1.md.chula.ac.th,TRUE
ready2.arl.noaa.gov,TRUE
fourriversnuclearpartnership.com,TRUE
onegrants.hhs.gov,TRUE
pmc-ncbi-nlm-nih-gov.eproxy.lib.hku.hk,TRUE
pubmed-ncbi-nlm-nih-gov.lecom.idm.oclc.org,TRUE
11thmeu.marines.mil,TRUE
dlnseo.mil,TRUE
hl7v2-iz-r1-5-testing.nist.gov,TRUE
165aw.ang.af.mil,TRUE
dnn-consortium.ornl.gov,TRUE
pubmed-ncbi-nlm-nih-gov.ez76.periodicos.capes.gov.br,TRUE
www-preview.goesr.woc.noaa.gov,TRUE
strategy.data.gov,TRUE
watersgeo.epa.gov,TRUE
mysteries.jpl.nasa.gov,TRUE
www-ncbi-nlm-nih-gov.insb.bib.cnrs.fr,TRUE
jpra.mil,TRUE
ccrisktool.cancer.gov,TRUE
174attackwing.ang.af.mil,TRUE
pubmed-ncbi-nlm-nih-gov-s-65.lib1-fx.fjmu.edu.cn,TRUE
pubmed.proxyusc.elogim.com,TRUE
eonet.gsfc.nasa.gov,TRUE
llmpp.ccr.cancer.gov,TRUE
choir.research.va.gov,TRUE
paemaneuverground.army.mil,TRUE
172aw.ang.af.mil,TRUE
spl-mprweb-01.win.nara.gov,TRUE
planmymove.pre.militaryonesource.mil,TRUE
pubmed-ncbi-nlm-nih-gov.ezproxy.u-pec.fr,TRUE
descanso.jpl.nasa.gov,TRUE
minot.tricare.mil,TRUE
oceanwatch.noaa.gov,TRUE
uscybercommand.usajobs.gov,TRUE
ohmsett.bsee.gov,TRUE
usbiotechnologyregulation.mrp.usda.gov,TRUE
foia.army.mil,TRUE
lis.gsfc.nasa.gov,TRUE
cms.usmma.edu,TRUE
pmc-ncbi-nlm-nih-gov.ezproxy.u-paris.fr,TRUE
trmm-fc.gsfc.nasa.gov,TRUE
plus-nasa-gov.translate.goog,TRUE
pubmed-ncbi-nlm-nih-gov.docelec.univ-lyon1.fr,TRUE
saa.usace.army.mil,TRUE
oig.nsa.gov,TRUE
usariem.health.mil,TRUE
conexus.gsa.gov,TRUE
delawarevalley.jobcorps.gov,TRUE
pubmed-ncbi-nlm-nih-gov.umiss.idm.oclc.org,TRUE
crcca.archives.gov,TRUE
myhealthyvet.va.gov,TRUE
regulatory.ops.usace.army.mil,TRUE
usoas.usmission.gov,TRUE
jpssmis.gsfc.nasa.gov,TRUE
annotation.blogs.archives.gov,TRUE
doepeerreview.sandia.gov,TRUE
barquist.tricare.mil,TRUE
hpc4energyinnovation.llnl.gov,TRUE
cdn.clinicaltrials.gov,TRUE
tto.bie.edu,TRUE
capitraining.nass.usda.gov,TRUE
pubmed-ncbi-nlm-nih-gov.meir.portium.org,TRUE
peodigital.navy.mil,TRUE
tasc.llnl.gov,TRUE
iwrlibrary.sec.usace.army.mil,TRUE
usaisr.health.mil,TRUE
poj.usace.army.mil,TRUE
cdf.gsfc.nasa.gov,TRUE
fhwaapps.fhwa.dot.gov,TRUE
usiter.ornl.gov,TRUE
weatherization.ornl.gov,TRUE
astrogeology.usgs.gov,TRUE
depop.com,TRUE
pubmed.msu.aliya.filescenter.top,TRUE
quantum.llnl.gov,TRUE
space-science.llnl.gov,TRUE
pmc-ncbi-nlm-nih-gov.myaccess.library.utoronto.ca,TRUE
pubmed-ncbi-nlm-nih-gov.lmunet.idm.oclc.org,TRUE
jobcorps.tools,TRUE
gnome.orr.noaa.gov,TRUE
qsg.llnl.gov,TRUE
www-ncbi-nlm-nih-gov.proxy.kib.ki.se,TRUE
eastcoast.coastwatch.noaa.gov,TRUE
2cr.army.mil,TRUE
volttron.org,TRUE
weather.nifc.gov,TRUE
indypendence.jobcorps.gov,TRUE
wads.ang.af.mil,TRUE
computerscience.usajobs.gov,TRUE
blogs.cdc.gov,TRUE
nlrbcareers.usajobs.gov,TRUE
deepseacoraldata.noaa.gov,TRUE
www-justice-gov.translate.goog,TRUE
fungi.ars.usda.gov,TRUE
origin.arpa-h.gov,TRUE
registries.ncats.nih.gov,TRUE
myafn.dodlive.mil,TRUE
cnrfc.l.noaa.gov,TRUE
pubmed-ncbi-nlm-nih-gov.proxyiub.uits.iu.edu,TRUE
aviano.tricare.mil,TRUE
downsyndrome.nih.gov,TRUE
wilmington.jobcorps.gov,TRUE
calval.cr.usgs.gov,TRUE
im3.pnnl.gov,TRUE
ipacb.ecosphere.fws.gov,TRUE
nari.arc.nasa.gov,TRUE
pubmed-ncbi-nlm-nih-gov.proxy-remote.galib.uga.edu,TRUE
cssbmb.gov,TRUE
pubmed-ncbi-nlm-nih-gov.lib-ezproxy.concordia.ca,TRUE
cbexapp.noaa.gov,TRUE
burialatsea.epa.gov,TRUE
lyndonbjohnson.jobcorps.gov,TRUE
graphql.earthdata.nasa.gov,TRUE
landsatlook.usgs.gov,TRUE
misr.jpl.nasa.gov,TRUE
gcmd.earthdata.nasa.gov,TRUE
tours.hanford.gov,TRUE
101arw.ang.af.mil,TRUE
roswell.jobcorps.gov,TRUE
reports.fca.gov,TRUE
sc.water.usgs.gov,TRUE
pubmed-ncbi-nlm-nih-gov.proxy1.lib.trentu.ca,TRUE
mvpiccs-viz.cdc.gov,TRUE
cbioportal.ccdi.cancer.gov,TRUE
sisterstudy.niehs.nih.gov,TRUE
www-cisa-gov.translate.goog,TRUE
sigonella.tricare.mil,TRUE
honeybeenet.gsfc.nasa.gov,TRUE
neutronimaging.ornl.gov,TRUE
wisqars.glb.cdc.gov,TRUE
126arw.ang.af.mil,TRUE
gipoc.grc.nasa.gov,TRUE
othercyber.usajobs.gov,TRUE
hcup-ts.ahrq.gov,TRUE
www-nimh-nih-gov.translate.goog,TRUE
app-test2-dcc.ed.gov,TRUE
preview.osha.gov,TRUE
www528-scan.imsweb.com,TRUE
pubmed-ncbi-nlm-nih-gov.kaiserpermanente.idm.oclc.org,TRUE
www570-scan.imsweb.com,TRUE
askebsa.dol.gov,TRUE
10thaamdc.army.mil,TRUE
cannon.tricare.mil,TRUE
correlogo.cancer.gov,TRUE
trade.my.site.com,TRUE
pmc-ncbi-nlm-nih-gov.login.ezproxy.library.ualberta.ca,TRUE
barksdale.tricare.mil,TRUE
fewarren.tricare.mil,TRUE
122fw.ang.af.mil,TRUE
spotlight.llnl.gov,TRUE
uat1egrants.cns.gov,TRUE
atms.unca.edu,TRUE
cleancities-forum.nlr.gov,TRUE
crg.health.mil,TRUE
190arw.ang.af.mil,TRUE
oced-exchange.energy.gov,TRUE
dataguide.nlm.nih.gov,TRUE
12thmlr.marines.mil,TRUE
cms.water.noaa.gov,TRUE
seec.gsfc.nasa.gov,TRUE
miccosukeetribe.nsopw.gov,TRUE
988crisissystemshelp.samhsa.gov,TRUE
pubmed-ncbi-nlm-nih-gov.eoc.swissconsortium.ch,TRUE
fas-prod.azureedge.us,TRUE
pubmed-ncbi-nlm-nih-gov.ezproxymcp.flo.org,TRUE
appointment.treasury.gov,TRUE
mcieast.marines.mil,TRUE
cnrk.cnic.navy.mil,TRUE
airnow-green.app.cloud.gov,TRUE
pubmed-ncbi-nlm-nih-gov.easyaccess2.lib.cuhk.edu.hk,TRUE
pubmed-ncbi-nlm-nih-gov.ezproxy.normandie-univ.fr,TRUE
comments2.cftc.gov,TRUE
hanscom.tricare.mil,TRUE
blog-brigade.pre.militaryonesource.mil,TRUE
pubmed-ncbi-nlm-nih-gov.ezproxy.univ-catholille.fr,TRUE
brb.nci.nih.gov,TRUE
sealevel-nexus.jpl.nasa.gov,TRUE
dhssans.nvmc.uscg.gov,TRUE
search.farmers.gov,TRUE
cape.osd.mil,TRUE
edwards.tricare.mil,TRUE
nces.ed.gov.qipservices.com,TRUE
iocm.noaa.gov,TRUE
blm.usajobs.gov,TRUE
icsd.nist.gov,TRUE
semesterofservice.usajobs.gov,TRUE
mciwest.marines.mil,TRUE
preview-prod.cms.va.gov,TRUE
volkfield.ang.af.mil,TRUE
csl.llnl.gov,TRUE
dus.llnl.gov,TRUE
eventbrite.it,TRUE
mitigationcommission.gov,TRUE
q-next.org,TRUE
whiteman.tricare.mil,TRUE
zazzle.co.uk,TRUE
pubmed-ncbi-nlm-nih-gov.proxy.library.kent.edu,TRUE
ustranscom.mil,TRUE
pivot.jobcorps.gov,TRUE
sci.va.gov,TRUE
pubmed-ncbi-nlm-nih-gov.mrdc.idm.oclc.org,TRUE
pubmed-ncbi-nlm-nih-gov.erm.cych.org.tw,TRUE
virec.research.va.gov,TRUE
timp-ccid.fda.gov,TRUE
centennial.jobcorps.gov,TRUE
mentalhealth.va.gov,TRUE
subset.larc.nasa.gov,TRUE
petitions.trumpwhitehouse.archives.gov,TRUE
staging.bluebutton.cms.gov,TRUE
trainingproviderresults.gov,TRUE
losangeles.tricare.mil,TRUE
apps.militaryonesource.mil,TRUE
ocov2.jpl.nasa.gov,TRUE
www-ncbi-nlm-nih-gov.scd-rproxy.u-strasbg.fr,TRUE
fpd.fnal.gov,TRUE
mmr.osmre.gov,TRUE
pod.usace.army.mil,TRUE
zuni3.psb.bls.gov,TRUE
arecibo.jobcorps.gov,TRUE
espanol.airnow.gov,TRUE
misawa.tricare.mil,TRUE
pubmed-ncbi-nlm-nih-gov.bvsspa.idm.oclc.org,TRUE
usapc.army.mil,TRUE
avirisng.jpl.nasa.gov,TRUE
pubmed-ncbi-nlm-nih-gov.ezproxy.otago.ac.nz,TRUE
seattledenvercoin.research.va.gov,TRUE
umbra.gsfc.nasa.gov,TRUE
tcb.bie.edu,TRUE
151wg.af.mil,TRUE
pubmed-ncbi-nlm-nih-gov.ez11.periodicos.capes.gov.br,TRUE
eeo.nih.gov,TRUE
aad.archives.gov,TRUE
bptraining.ornl.gov,TRUE
cms.dot.gov,TRUE
acc.treasurydirect.gov,TRUE
130aw.ang.af.mil,TRUE
schoolsafety.gov,TRUE
pecosai.portal.cms.gov,TRUE
quickscore.epa.gov,TRUE
pubmed-ncbi-nlm-nih-gov.easyaccess1.lib.cuhk.edu.hk,TRUE
pubmed-ncbi-nlm-nih-gov.ufpcanarias.idm.oclc.org,TRUE
indexcat.wip.nlm.nih.gov,TRUE
gammaray.nsstc.nasa.gov,TRUE
isccp.giss.nasa.gov,TRUE
ammos.nasa.gov,TRUE
mymoney.gov,TRUE
cstl.nist.gov,TRUE
frcsw.navair.navy.mil,TRUE
ri.ng.mil,TRUE
dcs3.noaa.gov,TRUE
nrd-internal-portal.nhtsa.dot.gov,TRUE
neutrinos.llnl.gov,TRUE
pubmed-ncbi-nlm-nih-gov.gsk.idm.oclc.org,TRUE
satepsanone.nesdis.noaa.gov,TRUE
theory.fnal.gov,TRUE
apps.nmfs.noaa.gov,TRUE
atb-archive.nlr.gov,TRUE
thecommunityguide.org,TRUE
cyber.army.mil,TRUE
12cab.army.mil,TRUE
situationroom.archives.gov,TRUE
hl7v2-gvt.nist.gov,TRUE
ccdor.research.va.gov,TRUE
irresistiblemail.com,TRUE
eyes-nasa-gov.translate.goog,TRUE
getactive.gov,TRUE
hrsautl30-is.amer.reisystems.com,TRUE
tox21.gov,TRUE
computing.fnal.gov,TRUE
greatonyx.jobcorps.gov,TRUE
la.defense.gov,TRUE
kirk.tricare.mil,TRUE
marforeur.marines.mil,TRUE
pubmed-ncbi-nlm-nih-gov.ezproxy.univ-orleans.fr,TRUE
whs.bie.edu,TRUE
acf.ornl.gov,TRUE
pubmed-ncbi-nlm-nih-gov.bvsp2.idm.oclc.org,TRUE
kijiji.ca,TRUE
gric.nsopw.gov,TRUE
bic.marines.mil,TRUE
pubmed-ncbi-nlm-nih-gov.proxy.bib.uclouvain.be,TRUE
pubmed-ncbi-nlm-nih-gov.wake.idm.oclc.org,TRUE
patriotbonds.gov,TRUE
ibuildfellowship.ornl.gov,TRUE
mrs.nci.nih.gov,TRUE
blsa.nih.gov,TRUE
idcftoews.bls.gov,TRUE
api.reporter.nih.gov,TRUE
marshallislands.llnl.gov,TRUE
ssd-api.jpl.nasa.gov,TRUE
irs.gov,TRUE
coldcaserecords.gov,TRUE
jfklibrary-qmrsxf76mzhsvj58tnw7rgtitnuypqqx.tugboatqa.com,TRUE
software.af.mil,TRUE
details.usajobs.gov,TRUE
integration.example.nsidc.org,TRUE
pineknot.jobcorps.gov,TRUE
pascuayaqui.nsopw.gov,TRUE
training.simpler.grants.gov,TRUE
ndclibrary.sec.usace.army.mil,TRUE
akastage-foodsafety.gov,TRUE
sc.emsl.pnnl.gov,TRUE
178wing.ang.af.mil,TRUE
csg4.usff.navy.mil,TRUE
spangdahlem.tricare.mil,TRUE
mdctmfp.cms.gov,TRUE
usawhc.army.mil,TRUE
gsa-calm.octo.us,TRUE
pubmed-ncbi-nlm-nih-gov.adelphi.idm.oclc.org,TRUE
pubmed-ncbi-nlm-nih-gov.libra.eulji.ac.kr,TRUE
pubmed.ucm.elogim.com,TRUE
147atkw.ang.af.mil,TRUE
pubmed-ncbi-nlm-nih-gov.lp.hscl.ufl.edu,TRUE
pubmed-ncbi-nlm-nih-gov.ezproxy.icr.ac.uk,TRUE
integration.nsidc.org,TRUE
andersen.tricare.mil,TRUE
redriver.armymwr.com,TRUE
microdevices.jpl.nasa.gov,TRUE
scifli.larc.nasa.gov,TRUE
permitsearch.epa.gov,TRUE
121arw.ang.af.mil,TRUE
annarbor.hsrd.research.va.gov,TRUE
gcbs.sandia.gov,TRUE
calmed.tricare.mil,TRUE
ptfcehs.niehs.nih.gov,TRUE
maui.jobcorps.gov,TRUE
testpp.fbijobs.gov,TRUE
pace.gsfc.nasa.gov,TRUE
astro.fnal.gov,TRUE
federation.nih.gov,TRUE
carville.jobcorps.gov,TRUE
ce.permitting.innovation.gov,TRUE
webapps.ncua.gov,TRUE
vantage-va-gov-develop.go-vip.net,TRUE
travel.his.com,TRUE
floodmaps.fema.gov,TRUE
officeofbudget.od.nih.gov,TRUE
fsa.stg.platform.usda.gov,TRUE
143aw.ang.af.mil,TRUE
siren.fort.usgs.gov,TRUE
nmed.inl.gov,TRUE
pmc-ncbi-nlm-nih-gov.ucsf.idm.oclc.org,TRUE
m2m.cr.usgs.gov,TRUE
gpp.tokyo-med.ac.jp,TRUE
udr.epa.gov,TRUE
ret.gsa.gov,TRUE
famauth-qa.wildfire.gov,TRUE
lg.com,TRUE
rfpb.defense.gov,TRUE
caps.gsfc.nasa.gov,TRUE
default.kinfra.myqcloud.com,TRUE
pubmed-ncbi-nlm-nih-gov.proxy-ln.researchport.umd.edu,TRUE
www-prod.goesr.woc.noaa.gov,TRUE
gis.usgs.gov,TRUE
idp.dm.login.gov,TRUE
pmc-ncbi-nlm-nih-gov.libproxy.lib.unc.edu,TRUE
physicalscience.usajobs.gov,TRUE
gpdashboard.epa.gov,TRUE
cebs.nci.nih.gov,TRUE
physics.usajobs.gov,TRUE
pmc-ncbi-nlm-nih-gov.pucdechile.idm.oclc.org,TRUE
ie-exchange.energy.gov,TRUE
pubmed-ncbi-nlm-nih-gov.juntendo.idm.oclc.org,TRUE
pubmed-ncbi-nlm-nih-gov.sheba.portium.org,TRUE
flatwoods.jobcorps.gov,TRUE
hmda-eks.staging-regtech.aws.cfpb.gov,TRUE
neutronssandbox.ornl.gov,TRUE
blackjet.com,TRUE
inlsoftware.inl.gov,TRUE
eads.ang.af.mil,TRUE
pubmed-ncbi-nlm-nih-gov-ssl.libpro1.kku.ac.kr,TRUE
mescforyou.ksc.nasa.gov,TRUE
crossfunctional.usajobs.gov,TRUE
svs-gsfc-nasa-gov.translate.goog,TRUE
fwsprimary.wim.usgs.gov,TRUE
cms.fs.usda.gov,TRUE
lima.usgs.gov,TRUE
mccjobs.usajobs.gov,TRUE
trec.nist.gov,TRUE
exis.tsa.dhs.gov,TRUE
marcent.marines.mil,TRUE
together.gov,TRUE
atwork.dunescience.org,TRUE
acesso.kissmyscore.com,TRUE
es.vecteezy.com,TRUE
waa.epa.gov,TRUE
www-climate-gov.translate.goog,TRUE
taplio.com,TRUE
emc.ncep.noaa.gov,TRUE
app.epa.gov,TRUE
10thmarines.marines.mil,TRUE
pubmed-ncbi-nlm-nih-gov.childrensmercy.idm.oclc.org,TRUE
pubmed-ncbi-nlm-nih-gov.ezproxy.canberra.edu.au,TRUE
aiaccelerator.af.mil,TRUE
savingmatters.dol.gov,TRUE
webapps2.ncua.gov,TRUE
wwwnc-cdc-gov.translate.goog,TRUE
cftc.gov,TRUE
fairchild.tricare.mil,TRUE
holloman.tricare.mil,TRUE
staging.mars.jpllab.net,TRUE
alzped.nia.nih.gov,TRUE
pci.nsopw.gov,TRUE
uat.cmist.noaa.gov,TRUE
isleta.nsopw.gov,TRUE
usda-fsa.usajobs.gov,TRUE
tyndall.tricare.mil,TRUE
nlm.nih.gov,TRUE
data.globe.gov,TRUE
156wg.ang.af.mil,TRUE
pubmed-ncbi-nlm-nih-gov.husson.idm.oclc.org,TRUE
mountainhome.tricare.mil,TRUE
uploader.arms.epa.gov,TRUE
blogs.anl.gov,TRUE
mutcd-dr.fhwa.dot.gov,TRUE
seymourjohnson.tricare.mil,TRUE
pivauth.nih.gov,TRUE
qed.epa.gov,TRUE
pubmed-ncbi-nlm-nih-gov.lhs.idm.oclc.org,TRUE
bcda.cms.gov,TRUE
ecomp.dol.gov,TRUE
dsac.gov,TRUE
fda.usajobs.gov,TRUE
odni.gov,TRUE
doe417.pnnl.gov,TRUE
prescancerpanel.cancer.gov,TRUE
usanato.army.mil,TRUE
recent5300.ncua.gov,TRUE
airnow-blue.app.cloud.gov,TRUE
optevfor.navy.mil,TRUE
pubmed-ncbi-nlm-nih-gov.ezproxy.med.nyu.edu,TRUE
mcconnell.tricare.mil,TRUE
msha.gov,TRUE
jlf.llnl.gov,TRUE
wtbn.marines.mil,TRUE
www-ncbi-nlm-nih-gov.humanitas.idm.oclc.org,TRUE
dha.mil,TRUE
tedb.ornl.gov,TRUE
ofm.od.nih.gov,TRUE
impl.harp.cms.gov,TRUE
186arw.ang.af.mil,TRUE
forensicscience.llnl.gov,TRUE
pubmed-ncbi-nlm-nih-gov.eps.cc.ysu.edu,TRUE
iolp.gsa.gov,TRUE
qa.nsidc.org,TRUE
doloiglocats.secureocp.com,TRUE
radiationcalculators.cancer.gov,TRUE
dbb.defense.gov,TRUE
pubmed-ncbi-nlm-nih-gov.ezproxy.uni-giessen.de,TRUE
150sow.ang.af.mil,TRUE
edit2.atf.gov,TRUE
podaac.github.io,TRUE
csrc.test-e1c.nist.gov,TRUE
pmc-ncbi-nlm-nih-gov.ezaccess.libraries.psu.edu,TRUE
ira-rebates.labworks.org,TRUE
dmf.ntis.gov,TRUE
uat.tidesandcurrents.noaa.gov,TRUE
maccs.sandia.gov,TRUE
jblmdesignstandards.army.mil,TRUE
ntl.bts.gov,TRUE
chtn.cancer.gov,TRUE
mrisktool.cancer.gov,TRUE
pubmed-ncbi-nlm-nih-gov.proxy.kennesaw.edu,TRUE
pmc-ncbi-nlm-nih-gov.laneproxy.stanford.edu,TRUE
rosebud.nsopw.gov,TRUE
srst.nsopw.gov,TRUE
www-ncbi-nlm-nih-gov.mime.uit.no,TRUE
aaec.ed.gov,TRUE
tbportals.niaid.nih.gov,TRUE
154wg.ang.af.mil,TRUE
apps.conservation.gov,TRUE
pubmed-ncbi-nlm-nih-gov.proxy.unice.fr,TRUE
qa.idmanagement.gov,TRUE
styleguide.militaryonesource.mil,TRUE
colvilletribes.nsopw.gov,TRUE
vance.tricare.mil,TRUE
pubmed-ncbi-nlm-nih-gov.ezproxy.fh-muenster.de,TRUE
southcomclinic.tricare.mil,TRUE
ttp-dhs-gov.translate.goog,TRUE
edwards.af.mil,TRUE
cusoregistry.ncua.gov,TRUE
pubmed-ncbi-nlm-nih-gov.manchester.idm.oclc.org,TRUE
tracktable.sandia.gov,TRUE
dir.nichd.nih.gov,TRUE
li41-71.members.linode.com,TRUE
pubmed-ncbi-nlm-nih-gov.ukzn.idm.oclc.org,TRUE
malmstrom.tricare.mil,TRUE
rarediseases-info-nih-gov.translate.goog,TRUE
pubmed-ncbi-nlm-nih-gov.bris.idm.oclc.org,TRUE
oneida.nsopw.gov,TRUE
pfabankfindui-n.app.cloud.gov,TRUE
hls.gsfc.nasa.gov,TRUE
nareeeab.ree.usda.gov,TRUE
statistics.usajobs.gov,TRUE
perkins.ed.gov,TRUE
intercomparisonstudies.ornl.gov,TRUE
cams.llnl.gov,TRUE
whispers.usgs.gov,TRUE
dcsa.mil,TRUE
cmor.llnl.gov,TRUE
geonarrative.usgs.gov,TRUE
treatments.hhs.gov,TRUE
pubmed-ncbi-nlm-nih-gov.yale.idm.oclc.org,TRUE
mdsap.fda.gov,TRUE
teamsite.nlm.nih.gov,TRUE
138fw.ang.af.mil,TRUE
dyess.tricare.mil,TRUE
107attackwing.ang.af.mil,TRUE
opendata.ncats.nih.gov,TRUE
riverstreamassessment.epa.gov,TRUE
virtualsolar.org,TRUE
163atkw.ang.af.mil,TRUE
pubmed-ncbi-nlm-nih-gov.radford.idm.oclc.org,TRUE
hrom.marines.mil,TRUE
pfdps.tsa.dhs.gov,TRUE
pubmed-ncbi-nlm-nih-gov.libproxy.umassd.edu,TRUE
mathematics.usajobs.gov,TRUE
taskforce.coralreef.noaa.gov,TRUE
dataentrystagingnew.globe.gov,TRUE
etic2.nps.gov,TRUE
15thmeu.marines.mil,TRUE
vwac.defense.gov,TRUE
edit.manufacturingusa.com,TRUE
afod.eur.army.mil,TRUE
fincen105.sat.mesh.cbp.dhs.gov,TRUE
164aw.ang.af.mil,TRUE
heronext.epa.gov,TRUE
pubmed-ncbi-nlm-nih-gov.uniovi.idm.oclc.org,TRUE
seaborg.llnl.gov,TRUE
execsec.od.nih.gov,TRUE
urbanai.ornl.gov,TRUE
data.epa.gov,TRUE
navair.usajobs.gov,TRUE
mudah.my,TRUE
edfacts.communities.ed.gov,TRUE
pvpact.sandia.gov,TRUE
zuni3po.psb.bls.gov,TRUE
nbdc-biobank.nida.nih.gov,TRUE
adac.ornl.gov,TRUE
darpacareers.usajobs.gov,TRUE
hpt-impl.cms.gov,TRUE
reservations.com,TRUE
120thairliftwing.ang.af.mil,TRUE
pa.sandia.gov,TRUE
pubmed-ncbi-nlm-nih-gov.vdic.idm.oclc.org,TRUE
pubmed-ncbi-nlm-nih-gov.lynchburg.idm.oclc.org,TRUE
teepublic.com,TRUE
cylofold.cancer.gov,TRUE
nwd.acl.gov,TRUE
pubmed-ncbi-nlm-nih-gov.rjl.idm.oclc.org,TRUE
lift.llnl.gov,TRUE
trade-point.co.uk,TRUE
183wg.ang.af.mil,TRUE
askncua.ncua.lan,TRUE
habsos.noaa.gov,TRUE
stage.cms.doe.gov,TRUE
library.usgs.gov,TRUE
pmc-ncbi-nlm-nih-gov.recursosbiblioteca.unab.cl,TRUE
pmc-ncbi-nlm-nih-gov.ez.srv.meduniwien.ac.at,TRUE
webharvest.gov,TRUE
110wg.ang.af.mil,TRUE
analysistools.cancer.gov,TRUE
ozoneaq.gsfc.nasa.gov,TRUE
midc.nrel.gov,TRUE
mdphd.gpp.nih.gov,TRUE
pubmed-ncbi-nlm-nih-gov.dbproxy.umfiasi.ro,TRUE
securefoia.epa.gov,TRUE
privacy.af.mil,TRUE
travelingsciencefair.ornl.gov,TRUE
w55exjiwextzexwveuy4-s-a2360.r1.duohuijixie.com,TRUE
walkerbranch.ornl.gov,TRUE
storms.ngs.noaa.gov,TRUE
www-prod-acsf.cancer.gov,TRUE
nifuserguide.llnl.gov,TRUE
treasurydirect.services.treasury.gov,TRUE
dtops-sit.sat.cbp.dhs.gov,TRUE
pinebluff.armymwr.com,TRUE
millifelearning.pre.militaryonesource.mil,TRUE
www2.ed.gov,TRUE
pubmed-ncbi-nlm-nih-gov.umlwrha.idm.oclc.org,TRUE
daaf-wx.army.mil,TRUE
pubmed-ncbi-nlm-nih-gov.technion.idm.oclc.org,TRUE
tdb.epa.gov,TRUE
ehpd.gsfc.nasa.gov,TRUE
mcis.marines.mil,TRUE
pubmed-ncbi-nlm-nih-gov.ucfcomhsl.idm.oclc.org,TRUE
procurement.llnl.gov,TRUE
zuni2.psb.bls.gov,TRUE
hl7v2-lab-testing.nist.gov,TRUE
marforsouth.marines.mil,TRUE
pmc-ncbi-nlm-nih-gov.ezproxy.newcastle.edu.au,TRUE
pubmed-ncbi-nlm-nih-gov.ummc.idm.oclc.org,TRUE
sopsdatabase.ahrq.gov,TRUE
earthobservatory.nasa.gov,TRUE
nwdc.usff.navy.mil,TRUE
clwp.navy.mil,TRUE
cidr-webadmin.econ.census.gov,TRUE
pubmed.ncbi.nlm.nih.govhttps,TRUE
vorocrust.sandia.gov,TRUE
healthphysics.usajobs.gov,TRUE
psrs.arc.nasa.gov,TRUE
pubmed-ncbi-nlm-nih-gov-ssl.oca.korea.ac.kr,TRUE
pubmed-ncbi-nlm-nih-gov.cedarville.ohionet.org,TRUE
sicapdep.ncua.gov,TRUE
cloud.nih.gov,TRUE
pubmed-ncbi-nlm-nih-gov.amu.idm.oclc.org,TRUE
realpropertyprofile.gov,TRUE
pmc-ncbi-nlm-nih-gov.uc.idm.oclc.org,TRUE
workspace.my.site.com,TRUE
fedpay.gsa.gov,TRUE
hubblesite.org,TRUE
ims.cr.usgs.gov,TRUE
deepspace.jpl.nasa.gov,TRUE
donotcall.gov,TRUE
fsdx.fda.gov,TRUE
pir.doe.gov,TRUE
ssp.usajobs.gov,TRUE
mttc.jpl.nasa.gov,TRUE
pubmed-ncbi-nlm-nih-gov.ez10.periodicos.capes.gov.br,TRUE
elwha.nsopw.gov,TRUE
noaa.inl.gov,TRUE
pubmed-ncbi-nlm-nih-gov.ez20.periodicos.capes.gov.br,TRUE
psdi.astrogeology.usgs.gov,TRUE
pubmed-ncbi-nlm-nih-gov.ez14.periodicos.capes.gov.br,TRUE
rmcprofile.ornl.gov,TRUE
acquia-stage-fhwa.dot.gov,TRUE
aft3.af.mil,TRUE
dodmwrandresalepolicy.defense.gov,TRUE
cmts.gov,TRUE
mwsci.jpl.nasa.gov,TRUE
pubmed-ncbi-nlm-nih-gov.cmich.idm.oclc.org,TRUE
pubmed3.ilibs.cn,TRUE
bush41library.gov,TRUE
wyandotte.nsopw.gov,TRUE
qa.clinicaltrials.gov,TRUE
kdi.ornl.gov,TRUE
wic.ornl.gov,TRUE
data.permits.performance.gov,TRUE
idcft.bls.gov,TRUE
echo.jpl.nasa.gov,TRUE
moles-melanoma-tool.cancer.gov,TRUE
pbgc.gov,TRUE
goodfellow.tricare.mil,TRUE
pubmed-ncbi-nlm-nih-gov.sabidi.urv.cat,TRUE
116acw.ang.af.mil,TRUE
cscrip.ntia.gov,TRUE
hytes.jpl.nasa.gov,TRUE
lpvs.gsfc.nasa.gov,TRUE
pubmed-ncbi-nlm-nih-gov.aurarialibrary.idm.oclc.org,TRUE
pubmed-ncbi-nlm-nih-gov.soleproxy.hsc.wvu.edu,TRUE
nhbpi.nsopw.gov,TRUE
ttgp.navy.mil,TRUE
actuary.defense.gov,TRUE
wcc.nrcs.usda.gov,TRUE
inp2300irmadv04.nps.doi.net,TRUE
159.142.122.37,TRUE
pubmed-ncbi-nlm-nih-gov.ez3.periodicos.capes.gov.br,TRUE
creator.nightcafe.studio,TRUE
nl.vecteezy.com,TRUE
flsm-agents-floodsmart-v2-prod.apps.os4.production.gcp-pivot.fema.net,TRUE
kaw.nsopw.gov,TRUE
preview.gsa.gov,TRUE
coastwatch.star.nesdis.noaa.gov,TRUE
c00lkiddtech.live,TRUE
data.hrsa.gov,TRUE
energyefficiency.ornl.gov,TRUE
dso.marines.mil,TRUE
pubmed-ncbi-nlm-nih-gov.tudelft.idm.oclc.org,TRUE
temp.usaspending.gov,TRUE
csms.nci.nih.gov,TRUE
pubmed-ncbi-nlm-nih-gov.proxy-hs.researchport.umd.edu,TRUE
epa.gov,TRUE
smc-datachallenge.ornl.gov,TRUE
www-ncbi-nlm-nih-gov.soleproxy.hsc.wvu.edu,TRUE
data.lhncbc.nlm.nih.gov,TRUE
pubmed-ncbi-nlm-nih-gov.ezproxy.is.cuni.cz,TRUE
pubmed-ncbi-nlm-nih-gov.libproxy.helsinki.fi,TRUE
ht.taxpayeradvocate.irs.gov,TRUE
mc-review-val.onemac.cms.gov,TRUE
pubmed-ncbi-nlm-nih-gov.webopac.lib.iwate-med.ac.jp,TRUE
flsm-consumer-flsm-consumer-stage.apps.os4.preprod.gcp-pivot.fema.net,TRUE
pubmed-ncbi-nlm-nih-gov.jerome.stjohns.edu,TRUE
beta.ncbi.nlm.nih.gov,TRUE
zuni4.psb.bls.gov,TRUE
casl.gov,TRUE
navfac.usajobs.gov,TRUE
reconnect-apply.rd.usda.gov,TRUE
api.open.fec.gov,TRUE
historicproperties.arc.nasa.gov,TRUE
findtreatment.gov,TRUE
cmip-publications.llnl.gov,TRUE
states.ornl.gov,TRUE
staging.nsidc.org,TRUE
ehbsec.hrsa.gov,TRUE
sae.cancer.gov,TRUE
acreditor.section508.gov,TRUE
ctdb.nichd.nih.gov,TRUE
plpt.nsopw.gov,TRUE
www-help-cbp-gov.translate.goog,TRUE
everytrycounts.betobaccofree.hhs.gov,TRUE
iswa.gsfc.nasa.gov,TRUE
ncua1.my.site.com,TRUE
chickasaw.nsopw.gov,TRUE
pubmed-ncbi-nlm-nih-gov.carmelmc.portium.org,TRUE
pubmed-ncbi-nlm-nih-gov.libproxy.unl.edu,TRUE
metrology.ornl.gov,TRUE
rd.usda.gov,TRUE
0.comy.workers.dev,TRUE
pubdocs.pad.pppo.gov,TRUE
pubmed-ncbi-nlm-nih-gov.ezproxy.lib.torontomu.ca,TRUE
unemployment.gov,TRUE
cheyenneriver.nsopw.gov,TRUE
cov.lanl.gov,TRUE
anniston.armymwr.com,TRUE
coastal.er.usgs.gov,TRUE
carrier.opm.gov,TRUE
cms.bea.gov,TRUE
shoreline.noaa.gov,TRUE
fim.nimh.nih.gov,TRUE
idcftars.bls.gov,TRUE
mccog.marines.mil,TRUE
nedm.ornl.gov,TRUE
anywhere.sandia.gov,TRUE
devtestdomain3.nih.gov,TRUE
tmbci.nsopw.gov,TRUE
pubmed-ncbi-nlm-nih-gov.libproxy.umflint.edu,TRUE
oglala.nsopw.gov,TRUE
above.gsfc.nasa.gov,TRUE
berstructuralbioportal.org,TRUE
miramar-ems.marines.mil,TRUE
pubmed-ncbi-nlm-nih-gov.bases-doc.univ-lorraine.fr,TRUE
section14c.dol.gov,TRUE
shoalwaterbay.nsopw.gov,TRUE
knowyourchances.cancer.gov,TRUE
safety.marines.mil,TRUE
upperskagit.nsopw.gov,TRUE
northernarapaho.nsopw.gov,TRUE
installations.gcn.militaryonesource.mil,TRUE
tscportal.fas.gsa.gov,TRUE
22ndmeu.marines.mil,TRUE
apps.ocfo.gsa.gov,TRUE
ellsworth.tricare.mil,TRUE
wof.nssl.noaa.gov,TRUE
dementia.cindrr.research.va.gov,TRUE
dev-y.lanl.gov,TRUE
confocal.ccr.cancer.gov,TRUE
webbtelescope.org,TRUE
124thfighterwing.ang.af.mil,TRUE
ncapps.acl.gov,TRUE
simplereport.gov,TRUE
winmd.ird.appdat.jsc.nasa.gov,TRUE
pubmed-ncbi-nlm-nih-gov.libproxy.lib.csusb.edu,TRUE
honyung.ornl.gov,TRUE
pubmed-ncbi-nlm-nih-gov.asmn-re.idm.oclc.org,TRUE
fankangli.ornl.gov,TRUE
bamc.usajobs.gov,TRUE
ecbp-ui.sat.mesh.cbp.dhs.gov,TRUE
presidentscup.cisa.gov,TRUE
pubmed-ncbi-nlm-nih-gov.smatteo.idm.oclc.org,TRUE
pmc-ncbi-nlm-nih-gov.scd-rproxy.u-strasbg.fr,TRUE
staging.cbp.gov,TRUE
columbus.tricare.mil,TRUE
pawboost.com,TRUE
pmc-ncbi-nlm-nih-gov.proxy.lib.umich.edu,TRUE
dprp.cdc.gov,TRUE
pubmed-ncbi-nlm-nih-gov.beckerproxy.wustl.edu,TRUE
pmc-ncbi-nlm-nih-gov.jumper.tmu.edu.tw,TRUE
pubmed-ncbi-nlm-nih-gov.ezproxyhhs.nihlibrary.nih.gov,TRUE
trademark.marines.mil,TRUE
fascareers.usajobs.gov,TRUE
fic.nih.gov,TRUE
gendart.seegene.com,TRUE
pmc-ncbi-nlm-nih-gov.autorpa.cmu.edu.tw,TRUE
pubmed-ncbi-nlm-nih-gov.logan.idm.oclc.org,TRUE
fmrif.nimh.nih.gov,TRUE
gdo-dcp.llnl.gov,TRUE
durham.hsrd.research.va.gov,TRUE
www-ncbi-nlm-nih-gov.eproxy.lib.hku.hk,TRUE
wmat.nsopw.gov,TRUE
www-ncbi-nlm-nih-gov-443.webvpn.ccmu.edu.cn,TRUE
fits.nist.gov,TRUE
media.ksc.nasa.gov,TRUE
altus.tricare.mil,TRUE
bg-crawford.tricare.mil,TRUE
generalcounsel.fnal.gov,TRUE
preview-onrr-frontend.app.cloud.gov,TRUE
distribution.charts.noaa.gov,TRUE
winmd.staging.ird.appdat.jsc.nasa.gov,TRUE
hmt.noaa.gov,TRUE
origin-catpx-about.usps.com,TRUE
pubmed-ncbi-nlm-nih-gov.passerelle.univ-rennes.fr,TRUE
kkday.com,TRUE
dev-blog-nrrd.app.cloud.gov,TRUE
owcpmed.uat.dol.gov,TRUE
vandenberg.tricare.mil,TRUE
dev-onrr-frontend.app.cloud.gov,TRUE
stg.geoplatform.gov,TRUE
pmc-ncbi-nlm-nih-gov.ezproxy.mnsu.edu,TRUE
www-medlineplus-gov.translate.goog,TRUE
179cw.ang.af.mil,TRUE
ctss.nih.gov,TRUE
osrp.lanl.gov,TRUE
pivot-beta.fema.gov,TRUE
trade--cops.sandbox.my.site.com,TRUE
pmc-ncbi-nlm-nih-gov.kumc.idm.oclc.org,TRUE
pmc-ncbi-nlm-nih-gov.proxy.library.vcu.edu,TRUE
attains.epa.gov,TRUE
e2f8d90095a4ddba175fe646c3217a98c6e2dc49.vetisonline.com,TRUE
pubmed-ncbi-nlm-nih-gov-ssl.openlink.khu.ac.kr,TRUE
csat.bjs.ojp.gov,TRUE
pmc-ncbi-nlm-nih-gov.mu.idm.oclc.org,TRUE
pubmed-ncbi-nlm-nih-gov.ez24.periodicos.capes.gov.br,TRUE
prs.bie.edu,TRUE
pubmed-ncbi-nlm-nih-gov.ezproxy.library.qmul.ac.uk,TRUE
talkingleaves.jobcorps.gov,TRUE
lewismcchord.tricare.mil,TRUE
cpl.gsfc.nasa.gov,TRUE
pmc-ncbi-nlm-nih-gov.uml.idm.oclc.org,TRUE
www-ncbi-nlm-nih-gov.uc.idm.oclc.org,TRUE
dirseminar.nlm.nih.gov,TRUE
preprod.vlm.cem.va.gov,TRUE
mvpiccs-viz.glb.cdc.gov,TRUE
swpc.noaa.gov,TRUE
extranet.osha.gov,TRUE
gpm-nasa-gov.translate.goog,TRUE
bia.gov,TRUE
fas.usda.gov,TRUE
181iw.ang.af.mil,TRUE
jamrs.war.gov,TRUE
wwwn-cdc-gov.translate.goog,TRUE
irrigationviz.pnnl.gov,TRUE
lummi.nsopw.gov,TRUE
sos26.ornl.gov,TRUE
tad.usace.army.mil,TRUE
pubmed-ncbi-nlm-nih-gov.sccmedlib.remotexs.co,TRUE
wi.ng.mil,TRUE
rsp.cbp.gov,TRUE
njang.ang.af.mil,TRUE
0-pubmed-ncbi-nlm-nih-gov.liucat.lib.liu.edu,TRUE
osep.communities.ed.gov,TRUE
fempcentral.energy.gov,TRUE
dceg2.cancer.gov,TRUE
crtp.ccr.cancer.gov,TRUE
fortpecktribes.nsopw.gov,TRUE
energystoragera.org,TRUE
escweb.wr.usgs.gov,TRUE
jfklibrary-88nzdcqwdpv8kxod3tqx00auikel7m6c.tugboatqa.com,TRUE
nwis.waterservices.usgs.gov,TRUE
lhcforms.nlm.nih.gov,TRUE
nih.usajobs.gov,TRUE
pubmed-ncbi-nlm-nih-gov.kmclibproxy.khu.ac.kr,TRUE
ds.nccs.nasa.gov,TRUE
pt.taxpayeradvocate.irs.gov,TRUE
clearinghouse.marinedebris.noaa.gov,TRUE
ewtgpac.navy.mil,TRUE
elmo.portal.cms.gov,TRUE
www-army-mil.translate.goog,TRUE
fmtbneast.marines.mil,TRUE
nationalcancerplan.cancer.gov,TRUE
parks.armymwr.com,TRUE
pubmed-ncbi-nlm-nih-gov.libproxy.cgh.org.tw,TRUE
recellcenter.org,TRUE
pubmed-ncbi-nlm-nih-gov.ezproxy.uwc.ac.za,TRUE
drupal-preview.bls.gov,TRUE
pubmed-ncbi-nlm-nih-gov.libezproxy.open.ac.uk,TRUE
hud.usajobs.gov,TRUE
id.wip.nlm.nih.gov,TRUE
coral.aoml.noaa.gov,TRUE
efileqa.fara.gov,TRUE
srpmic.nsopw.gov,TRUE
isd-atwork.fnal.gov,TRUE
psychologytraining.va.gov,TRUE
test-tracieweb.rocbis.com,TRUE
mping.nssl.noaa.gov,TRUE
hfradar.ndbc.noaa.gov,TRUE
afrims.health.mil,TRUE
www-lmmb.ncifcrf.gov,TRUE
phzm-prod.ars.usda.gov,TRUE
ww2.nrc.gov,TRUE
159fw.ang.af.mil,TRUE
fr.taxpayeradvocate.irs.gov,TRUE
pubmed-ncbi-nlm-nih-gov.ez49.periodicos.capes.gov.br,TRUE
wrclib.noaa.gov,TRUE
pubmed-ncbi-nlm-nih-gov-443.webvpn.cams.cn,TRUE
fdic.usajobs.gov,TRUE
staging-mobile.health.mil,TRUE
tftc-istehdaf.org,TRUE
kwajalein.armymwr.com,TRUE
uat.ovc.ojp.gov,TRUE
eloka.nsidc.org,TRUE
pmc-ncbi-nlm-nih-gov.proxy.library.vanderbilt.edu,TRUE
wdc-usda--rfrcintf01.sandbox.my.site.com,TRUE
prod.eqrs.cms.gov,TRUE
ctsedwweb.ee.doe.gov,TRUE
edit.ftc.gov,TRUE
jtnc.mil,TRUE
nirp.sandia.gov,TRUE
psoppc.org,TRUE
cpc.ncep.noaa.gov,TRUE
history.arc.nasa.gov,TRUE
imp2.openpaymentsdata.cms.gov,TRUE
floatplan.noaa.gov,TRUE
author.history.navy.mil,TRUE
pmc-ncbi-nlm-nih-gov.ejournal.mahidol.ac.th,TRUE
hiv.gov,TRUE
2009--2017-state-gov.translate.goog,TRUE
aghealth.nih.gov,TRUE
don-medical.usajobs.gov,TRUE
pubmed-ncbi-nlm-nih-gov.ez151.periodicos.capes.gov.br,TRUE
dev-hazards.fematdl.net,TRUE
eforms.cdc.gov,TRUE
applicationdashboard.ncua.lan,TRUE
strs.grc.nasa.gov,TRUE
astribe.nsopw.gov,TRUE
tvp.tsa.dhs.gov,TRUE
rnastructure.cancer.gov,TRUE
pandr.marines.mil,TRUE
eielson.tricare.mil,TRUE
seed-sfa.ornl.gov,TRUE
t2.army.mil,TRUE
dowea-subs.usajobs.gov,TRUE
ocmgeodatastor1.blob.core.windows.net,TRUE
pubmed-ncbi-nlm-nih-gov.libproxy.knu.ac.kr,TRUE
pubmed-ncbi-nlm-nih-gov.proxy1.cl.msu.edu,TRUE
ttr.sandia.gov,TRUE
natwebcaas01.wr.usgs.gov,TRUE
data.defense.gov,TRUE
ford.blogs.archives.gov,TRUE
modaps.modaps.eosdis.nasa.gov,TRUE
pubs.nps.gov,TRUE
sbir-dev-acsf.cancer.gov,TRUE
carriersedge.com,TRUE
tscaguideme.epa.gov,TRUE
ko.taxpayeradvocate.irs.gov,TRUE
pubmed-ncbi-nlm-nih-gov.ajinomoto.remotexs.co,TRUE
annarbor.research.va.gov,TRUE
cameochemicals-noaa-gov.translate.goog,TRUE
imp.cqr.cms.gov,TRUE
vanguard.sandia.gov,TRUE
knowledgestore.nmb.gov,TRUE
enviroflash.info,TRUE
navyclosuretaskforce.navy.mil,TRUE
ftp.nohrsc2.noaa.gov,TRUE
hddsexplorer.usgs.gov,TRUE
zuni.nsopw.gov,TRUE
georgewbush--whitehouse-archives-gov.translate.goog,TRUE
cris-njs-custsvc-stage.apps.k8s-ext.uscis.dhs.gov,TRUE
pubmed-ncbi-nlm-nih-gov.ezproxy.ub.gu.se,TRUE
195wg.ang.af.mil,TRUE
pubmed.0009.myie.top,TRUE
akaprod-stopbullying.gov,TRUE
10x.gsa.gov,TRUE
lwrs.inl.gov,TRUE
pmc-ncbi-nlm-nih-gov.treadwell.idm.oclc.org,TRUE
data.ntmportals.niaid.nih.gov,TRUE
mces.marines.mil,TRUE
scientificadvisoryboard.af.mil,TRUE
spiritlake.nsopw.gov,TRUE
epilepsy.va.gov,TRUE
srleaders.army.mil,TRUE
apisstaging.niaaa.nih.gov,TRUE
cedcd.nci.nih.gov,TRUE
qa.coast.noaa.gov,TRUE
citenet.nlrb.gov,TRUE
sonet.ornl.gov,TRUE
avo-volcview.wr.usgs.gov,TRUE
mynavi-agent.jp,TRUE
nationalcoalcouncil.energy.gov,TRUE
blackfeet.nsopw.gov,TRUE
jumper.fy.edu.tw,TRUE
amputation.research.va.gov,TRUE
mipav.cit.nih.gov,TRUE
pmc-ncbi-nlm-nih-gov.jmul.idm.oclc.org,TRUE
visitorusemanagement.nps.gov,TRUE
wildfire.pnnl.gov,TRUE
eic.pad.pppo.gov,TRUE
duramat.org,TRUE
homeadmin.army.mil,TRUE
www-ncbi-nlm-nih-gov.ezproxy.utu.fi,TRUE
beale.tricare.mil,TRUE
clinicaltrialsapi.cancer.gov,TRUE
gosupps.com,TRUE
evchart.driveelectric.gov,TRUE
flsm-consumer-floodsmart-v2-prod.apps.os4.production.gcp-pivot.fema.net,TRUE
band.eur.army.mil,TRUE
pubmed-ncbi-nlm-nih-gov.ez15.periodicos.capes.gov.br,TRUE
casebrowser.tbportals.niaid.nih.gov,TRUE
isd.fnal.gov,TRUE
remoteapps.nci.nih.gov,TRUE
cidr.cr.usgs.gov,TRUE
pubmed-ncbi-nlm-nih-gov.elibrary.mdanderson.org,TRUE
api.childwelfare.gov,TRUE
hub-stage.datacommons.cancer.gov,TRUE
dcegsystem.nci.nih.gov,TRUE
eap.llnl.gov,TRUE
ehbomint2.ehbsbx.work,TRUE
uat.ojjdp.ojp.gov,TRUE
qa.ncbi.nlm.nih.gov,TRUE
eamlis.osmre.gov,TRUE
https-pmc-ncbi-nlm-nih-gov-443.vpn.cdutcm.edu.cn,TRUE
store.accuristech.com,TRUE
floats.pmel.noaa.gov,TRUE
sqa.vlm.cem.va.gov,TRUE
pubmed-ncbi-nlm-nih-gov.csub.idm.oclc.org,TRUE
pubmed-ncbi-nlm-nih-gov.ezproxy.uakron.edu,TRUE
crn.reentry.gov,TRUE
oakridgereservationhunts.ornl.gov,TRUE
tidesandcurrents.noaa.gov,TRUE
candidfellowship.ornl.gov,TRUE
pip2.fnal.gov,TRUE
pubmed-ncbi-nlm-nih-gov.ezproxy.lau.edu.lb,TRUE
153aw.ang.af.mil,TRUE
consumer-ftc-gov.translate.goog,TRUE
km.usembassy.gov,TRUE
grandforks.tricare.mil,TRUE
168wg.ang.af.mil,TRUE
guantanamo.tricare.mil,TRUE
www-nlm-nih-gov.translate.goog,TRUE
cms.fta.dot.gov,TRUE
wrdb.nlr.gov,TRUE
atf.usajobs.gov,TRUE
pubmed-ncbi-nlm-nih-gov.ez16.periodicos.capes.gov.br,TRUE
dev-sciencebase.usgs.gov,TRUE
api.abmc.gov,TRUE
cms.fnal.gov,TRUE
wisqars-viz.glb.cdc.gov,TRUE
c-rads.od.nih.gov,TRUE
pmc-ncbi-nlm-nih-gov.mhdla.flysheet.com.tw,TRUE
zeno.nist.gov,TRUE
natick.armymwr.com,TRUE
wcms.nhlbi.nih.gov,TRUE
training.reginfo.gov,TRUE
eyes.jpl.nasa.gov,TRUE
ugo-zapad.ua,TRUE
pubmed-ncbi-nlm-nih-gov.libra.cnu.ac.kr,TRUE
warmsprings.nsopw.gov,TRUE
hfp-onlinesubmissions.fda.gov,TRUE
rtc.sandia.gov,TRUE
crex.nih.gov,TRUE
mcic.marines.mil,TRUE
visualization.osdr.nasa.gov,TRUE
dmcs.marines.mil,TRUE
ctuir.nsopw.gov,TRUE
jira.imp.cms.gov,TRUE
joltsdatat.bls.gov,TRUE
origin-cdrh-rst.fda.gov,TRUE
cfpub2.epa.gov,TRUE
fmtbnwest.marines.mil,TRUE
ecofoci.noaa.gov,TRUE
mrdc-pdp.health.mil,TRUE
ibccareers.usajobs.gov,TRUE
to.usembassy.gov,TRUE
ngst.nasa.gov,TRUE
pubmed-ncbi-nlm-nih-gov.proxy.lib.sfu.ca,TRUE
cra.fdic.gov,TRUE
phceast.health.mil,TRUE
learningconnection.opm.gov,TRUE
oceanservice-noaa-gov.translate.goog,TRUE
pmc-ncbi-nlm-nih-gov.ezproxy.lib.utexas.edu,TRUE
tf515.marines.mil,TRUE
jtfn.northcom.mil,TRUE
hysplit2.arl.noaa.gov,TRUE
specimens.cancer.gov,TRUE
ecology.fnal.gov,TRUE
net.fnal.gov,TRUE
fims.doe.gov,TRUE
sdr.gov,TRUE
pivot.apps.os4.production.gcp-pivot.fema.net,TRUE
nomads.gfdl.noaa.gov,TRUE
archives.gov,TRUE
datasharing.cancer.gov,TRUE
smoke-historical.airnow.gov,TRUE
brandcrowd.com,TRUE
dugway.armymwr.com,TRUE
pathfinder.va.gov,TRUE
fds.ornl.gov,TRUE
tsaenrollmentbyidemia.staging.ues.us.idemia.io,TRUE
pubmed-ncbi-nlm-nih-gov.ez43.periodicos.capes.gov.br,TRUE
elmo.portalval.cms.gov,TRUE
uat-vsac.nlm.nih.gov,TRUE
psoppc.org,TRUE
accountcreation.cftc.gov,TRUE
scat.nsopw.gov,TRUE
pubmed-ncbi-nlm-nih-gov.ezproxy.elib11.ub.unimaas.nl,TRUE
mhanation.nsopw.gov,TRUE
dojoigcareers.usajobs.gov,TRUE
d1tidwb7hrqonk.cloudfront.net,TRUE
fermipayroll.fnal.gov,TRUE
tpwb.nci.nih.gov,TRUE
natwebsdas01.cr.usgs.gov,TRUE
ngst.gsfc.nasa.gov,TRUE
vi.taxpayeradvocate.irs.gov,TRUE
ci2i.research.va.gov,TRUE
metallurgy.nist.gov,TRUE
cpardpub.epa.gov,TRUE
nrcs.stg.platform.usda.gov,TRUE
spokanetribe.nsopw.gov,TRUE
ufs.epic.noaa.gov,TRUE
csrc-nist-gov.translate.goog,TRUE
pubmed-ncbi-nlm-nih-gov.kansascity.idm.oclc.org,TRUE
shield.gfdl.noaa.gov,TRUE
content.consumerfinance.gov,TRUE
mic.llnl.gov,TRUE
sc-programs.llnl.gov,TRUE
www-ncbi-nlm-nih-gov.ezproxy.lib.ucalgary.ca,TRUE
omaha.nsopw.gov,TRUE
api.allorigins.win,TRUE
gems.lm.doe.gov,TRUE
astrocloud.wr.usgs.gov,TRUE
pubmed-ncbi-nlm-nih-gov.autorpa.tpech.gov.tw,TRUE
swo.nsopw.gov,TRUE
pubmed-ncbi-nlm-nih-gov.fontys.idm.oclc.org,TRUE
pubmed-ncbi-nlm-nih-gov.ezproxy.library.yorku.ca,TRUE
141arw.ang.af.mil,TRUE
pubmed-ncbi-nlm-nih-gov.ezproxy.library.unlv.edu,TRUE
pubmed-ncbi-nlm-nih-gov.libproxy.furman.edu,TRUE
stgsearch.forfeiture.gov,TRUE
apps-afsc.fisheries.noaa.gov,TRUE
biomassboard.gov,TRUE
combomatch.nci.nih.gov,TRUE
convergeoperations.com,TRUE
pmc-ncbi-nlm-nih-gov.proxy1.lib.uwo.ca,TRUE
vmis.inl.gov,TRUE
apod.com,TRUE
live-neutrons.pantheonsite.io,TRUE
niwc.noaa.inel.gov,TRUE
prs-beta.clinicaltrials.gov,TRUE
pubmed-ncbi-nlm-nih-gov.nottingham.idm.oclc.org,TRUE
eores.nesdis-hq.noaa.gov,TRUE
iceworkshop.ornl.gov,TRUE
sbtribes.nsopw.gov,TRUE
benefits.ornl.gov,TRUE
pubmed-ncbi-nlm-nih-gov.uiwtx.idm.oclc.org,TRUE
hi.taxpayeradvocate.irs.gov,TRUE
nrrd-preview.app.cloud.gov,TRUE
crit.nsopw.gov,TRUE
cce-signin.gsfc.nasa.gov,TRUE
pmc-ncbi-nlm-nih-gov.ezproxy.bu.edu,TRUE
hy-vee.com,TRUE
edit.beta.dol.gov,TRUE
www-staging.jpl.nasa.gov,TRUE
dev-nrrd.app.cloud.gov,TRUE
pubmed-ncbi-nlm-nih-gov.uaccess.univie.ac.at,TRUE
portlandcoin.research.va.gov,TRUE
opd-ui-sit.etc.uspto.gov,TRUE
pubmed-ncbi-nlm-nih-gov.rockhurst.idm.oclc.org,TRUE
www-nccih-nih-gov.translate.goog,TRUE
helioviewer.ias.u-psud.fr,TRUE
189aw.ang.af.mil,TRUE
gridmodernizationtechnologies.ornl.gov,TRUE
handls.nih.gov,TRUE
pubmed-ncbi-nlm-nih-gov.emek.portium.org,TRUE
prototype.cdc.gov,TRUE
mescaleroapache.nsopw.gov,TRUE
strap.trials.nci.nih.gov,TRUE
crownations.nsopw.gov,TRUE
snapshot2024atsdr.cdc.gov,TRUE
researchoptimizer-qa2.cancer.gov,TRUE
sfa-biofuels.ornl.gov,TRUE
jensa.ornl.gov,TRUE
analytics-staging.app.cloud.gov,TRUE
sdac.virtualsolar.org,TRUE
www-ncbi-nlm-nih-gov.bibliopass.unito.it,TRUE
actribe.nsopw.gov,TRUE
science.nichd.nih.gov,TRUE
pty2egrants.cns.gov,TRUE
tooele.armymwr.com,TRUE
primecontract.ornl.gov,TRUE
permitting.innovation.gov,TRUE
pmc-ncbi-nlm-nih-gov.une.idm.oclc.org,TRUE
pubmed-ncbi-nlm-nih-gov.libproxy.kbsmclib.co.kr,TRUE
crt-portal-django-prod.app.cloud.gov,TRUE
pubmed-ncbi-nlm-nih-gov.kaplanmc.portium.org,TRUE
cris-njs-custsvc-dt.apps.k8s-nonprod.uscis.dhs.gov,TRUE
nccs.ornl.gov,TRUE
laketahoe.jpl.nasa.gov,TRUE
qsb.usgs.gov,TRUE
pmc-ncbi-nlm-nih-gov.ezproxy.utas.edu.au,TRUE
pubmed-ncbi-nlm-nih-gov.trinityhealth.proxy.liblynxgateway.com,TRUE
fitbir-stage.cit.nih.gov,TRUE
pmc-ncbi-nlm-nih-gov.ezproxy.csu.edu.au,TRUE
pubmed-ncbi-nlm-nih-gov.ez.lapinamk.fi,TRUE
sortd.com,TRUE
tulalip.nsopw.gov,TRUE
activetk.jp,TRUE
training.owcp.industrypartners.dol.gov,TRUE
pubmed-ncbi-nlm-nih-gov.kpsom.idm.oclc.org,TRUE
pubmed-ncbi-nlm-nih-gov.sll.idm.oclc.org,TRUE
vera.ornl.gov,TRUE
art.inl.gov,TRUE
monarch-qa.niaid.nih.gov,TRUE
militaryreviewboards.mil,TRUE
omtribe.nsopw.gov,TRUE
pubmed-ncbi-nlm-nih-gov.ezproxy.uef.fi,TRUE
replacements.com,TRUE
pmc-ncbi-nlm-nih-gov.e.bibl.liu.se,TRUE
natwebvaas01.er.usgs.gov,TRUE
pubmed-ncbi-nlm-nih-gov.ez22.periodicos.capes.gov.br,TRUE
cdo.hhs.gov,TRUE
mfh.bie.edu,TRUE
impl-green.ops.internal.cms.gov,TRUE
armychildcarejobs.usajobs.gov,TRUE
ovis.ca.sandia.gov,TRUE
nc-cherokee.nsopw.gov,TRUE
pubmed-ncbi-nlm-nih-gov.ezproxy.library.uvic.ca,TRUE
pubmed-ncbi-nlm-nih-gov.cardiff.idm.oclc.org,TRUE
dlap.sandbox.lending.sba.gov,TRUE
lscms-sci.fema.gov,TRUE
azhrsautl6.amer.reisystems.com,TRUE
pmc-ncbi-nlm-nih-gov.ezp3.lib.umn.edu,TRUE
ar.marines.mil,TRUE
partzilla.com,TRUE
meskwaki.nsopw.gov,TRUE
vipir.llnl.gov,TRUE
edit.msha.gov,TRUE
miamination.nsopw.gov,TRUE
gs674-webtools1.ccmc.gsfc.nasa.gov,TRUE
socrates.pnnl.gov,TRUE
dctaskforce.usajobs.gov,TRUE
vsac-qa.nlm.nih.gov,TRUE
locator.ice.gov,TRUE
rodriguez.tricare.mil,TRUE
urban.llnl.gov,TRUE
seminolenation.nsopw.gov,TRUE
cape.osd.mil,TRUE
orsportal.pnnl.gov,TRUE
pubmed-ncbi-nlm-nih-gov.ezproxy.uvm.edu,TRUE
d32i4z0dxazdtp.cloudfront.net,TRUE
autonomy.sandia.gov,TRUE
analytics.app.cloud.gov,TRUE
rdms-tmep-vip.uspto.gov,TRUE
tl.taxpayeradvocate.irs.gov,TRUE
helixweb.nih.gov,TRUE
oshrc.gov,TRUE
ecsinfo.gsfc.nasa.gov,TRUE
pubmed-ncbi-nlm-nih-gov.ezproxy.library.ubc.ca,TRUE
pubmed-ncbi-nlm-nih-gov.ferris.idm.oclc.org,TRUE
pmc-ncbi-nlm-nih-gov.ezp2.lib.umn.edu,TRUE
pubmed-ncbi-nlm-nih-gov.bham-ezproxy.idm.oclc.org,TRUE
rma.usda.gov,TRUE
carbon.nasa.gov,TRUE
janaf.nist.gov,TRUE
matsg21.marines.mil,TRUE
25atkw.af.mil,TRUE
marrowfailure.cancer.gov,TRUE
pmc-ncbi-nlm-nih-gov.ezproxy.library.wisc.edu,TRUE
pubmed-ncbi-nlm-nih-gov.ez67.periodicos.capes.gov.br,TRUE
nobel.ornl.gov,TRUE
grsp-dev-windows-eastus-as-nchsdqs.azurewebsites.net,TRUE
oceanexplorer-noaa-gov.translate.goog,TRUE
pmc-ncbi-nlm-nih-gov.proxy.lib.uiowa.edu,TRUE
harmony.sit.earthdata.nasa.gov,TRUE
actuary.usajobs.gov,TRUE
pubmed-ncbi-nlm-nih-gov.proxy.library.cornell.edu,TRUE
blog-cms.marinedebris.noaa.gov,TRUE
login.staging.acquisition.gov,TRUE
edit.insurekidsnow.gov,TRUE
pubmed-ncbi-nlm-nih-gov.proxy.ulib.csuohio.edu,TRUE
vqeg.org,TRUE
cbirf.marines.mil,TRUE
general.datacommons.cancer.gov,TRUE
mls.jpl.nasa.gov,TRUE
bycatchreporting.fisheries.noaa.gov,TRUE
data1.gfdl.noaa.gov,TRUE
www-bls-gov.translate.goog,TRUE
dev-foia.gov,TRUE
nccrdataplatform-stage.ccdi.cancer.gov,TRUE
pubmed-ncbi-nlm-nih-gov.ez52.periodicos.capes.gov.br,TRUE
jem.gov,TRUE
pubmed-ncbi-nlm-nih-gov.rrh.idm.oclc.org,TRUE
fecnotify.fec.gov,TRUE
pki.treas.gov,TRUE
pmc-ncbi-nlm-nih-gov.ezproxy.canberra.edu.au,TRUE
engage.dhs.gov,TRUE
taki.bie.edu,TRUE
pmc-ncbi-nlm-nih-gov.proxyonelk.flysheet.com.tw,TRUE
pubmed-ncbi-nlm-nih-gov.courseinfo.wssu.edu,TRUE
eeoc.gov,TRUE
ttru-smg.wwbp.org,TRUE
blscompdatat.bls.gov,TRUE
guess.eu,TRUE
ivscc.oan.es,TRUE
pubmed-ncbi-nlm-nih-gov.proxy.ulib.uits.iu.edu,TRUE
newengland.water.usgs.gov,TRUE
pmc-ncbi-nlm-nih-gov.libproxy.tuni.fi,TRUE
tmss.preprod-acqit.helix.gsa.gov,TRUE
ddshub.nih.gov,TRUE
pmc-ncbi-nlm-nih-gov.unimib.idm.oclc.org,TRUE
pubmed-ncbi-nlm-nih-gov.access.semantak.com,TRUE
dq-explorer-ui.svcs.arm.gov,TRUE
usda.stg.platform.usda.gov,TRUE
softwaredataexpo.ornl.gov,TRUE
pubmed-ncbi-nlm-nih-gov.ez54.periodicos.capes.gov.br,TRUE
issm.jpl.nasa.gov,TRUE
documentation.uts.wip.nlm.nih.gov,TRUE
laptopregistration.ncua.lan,TRUE
obesityresearch.nih.gov,TRUE
peprec.research.va.gov,TRUE
gams.preprod.fda.gov,TRUE
d3vpnmsr9g81nw.cloudfront.net,TRUE
pubmed-ncbi-nlm-nih-gov.gate.lib.buffalo.edu,TRUE
ost-recruit.energy.gov,TRUE
bottle.org,TRUE
ofacp.nih.gov,TRUE
pubmed-ncbi-nlm-nih-gov.ezproxy.neu.edu,TRUE
doc.usajobs.gov,TRUE
drupaluat.nichd.nih.gov,TRUE
pubmed-ncbi-nlm-nih-gov.ezproxy.scu.edu.au,TRUE
stg-foia.gov,TRUE
www-ftc-gov.translate.goog,TRUE
pubmed-ncbi-nlm-nih-gov.medproxy.hofstra.edu,TRUE
sas2018.anl.gov,TRUE
ocov3.jpl.nasa.gov,TRUE
pubmed-ncbi-nlm-nih-gov.ezproxy.utlib.ut.ee,TRUE
sfgate.com,TRUE
pubmed-ncbi-nlm-nih-gov.proxy.uchicago.edu,TRUE
sai.inl.gov,TRUE
ams.usajobs.gov,TRUE
sor-scc-api.epa.gov,TRUE
rcv.va.gov,TRUE
etrailer.com,TRUE
grids.ornl.gov,TRUE
pubmed-ncbi-nlm-nih-gov.proxy.library.upei.ca,TRUE
veterans.llnl.gov,TRUE
www-fsis-usda-gov.translate.goog,TRUE
compsysbio.ornl.gov,TRUE
oigempowerline.com,TRUE
slst.usajobs.gov,TRUE
hp.com,TRUE
pubmed-ncbi-nlm-nih-gov.aure.unab.edu.co,TRUE
waterqualitydata.lbd.epa.gov,TRUE
pubmed-ncbi-nlm-nih-gov.unican.idm.oclc.org,TRUE
digitop.nal.usda.gov,TRUE
webworkspace.nei.nih.gov,TRUE
pubmed-ncbi-nlm-nih-gov.proxy1-bib.sdu.dk,TRUE
rconnect.chs.usgs.gov,TRUE
gw.usmission.gov,TRUE
pubmed-ncbi-nlm-nih-gov.uobezsecureaccess.idm.oclc.org,TRUE
www-staging.goesr.woc.noaa.gov,TRUE
npgalleryservices.nps.gov,TRUE
pubmed-ncbi-nlm-nih-gov.ez9.periodicos.capes.gov.br,TRUE
aetc.af.mil,TRUE
ismo.ndu.edu,TRUE
webbook-nist-gov.translate.goog,TRUE
methane.app.cloud.gov,TRUE
odocs.osmre.gov,TRUE
www-pmel-noaa-gov.translate.goog,TRUE
amphib7flt.navy.mil,TRUE
pubmed-ncbi-nlm-nih-gov.oxfordbrookes.idm.oclc.org,TRUE
vi.ng.mil,TRUE
pmc-ncbi-nlm-nih-gov.ez18.periodicos.capes.gov.br,TRUE
cm.water.usgs.gov,TRUE
packaging.llnl.gov,TRUE
cdi.code-pages.usgs.gov,TRUE
ldesconsortium.sandia.gov,TRUE
pmc-ncbi-nlm-nih-gov.ezproxy.unibo.it,TRUE
staging-tricare.mil,TRUE
pmc-ncbi-nlm-nih-gov.ezproxy.cul.columbia.edu,TRUE
cytosig.ccr.cancer.gov,TRUE
pubmed-ncbi-nlm-nih-gov.usj-ezproxy.usj.edu,TRUE
zh-reg.usps.com,TRUE
pubmed-ncbi-nlm-nih-gov.ezproxy.muni.cz,TRUE
pubmed-ncbi-nlm-nih-gov.uproxy.library.dc-uoit.ca,TRUE
pubmed-ncbi-nlm-nih-gov.proxy2.cl.msu.edu,TRUE
ehbstg01.hrsa.gov,TRUE
erm.chgh.org.tw,TRUE
oig.hhs.gov,TRUE
campedwards.ng.mil,TRUE
technology.fnal.gov,TRUE
pubmed-ncbi-nlm-nih-gov.ez25.periodicos.capes.gov.br,TRUE
pubmed-ncbi-nlm-nih-gov.proxy.chamc.co.kr,TRUE
drupal9-production.store.chs.usgs.gov,TRUE
www-ncbi-nlm-nih-gov.mu.idm.oclc.org,TRUE
www-ncbi-nlm-nih-gov-443.vpnm.ccmu.edu.cn,TRUE
blast.ams.genedigtech.cloud,TRUE
maia.jpl.nasa.gov,TRUE
irrigationviz-inl.pnnl.gov,TRUE
pbrb.gov,TRUE
pubmed-ncbi-nlm-nih-gov-ssl.lib.jejunu.ac.kr,TRUE
sac.gov,TRUE
mvpsuat.cdc.gov,TRUE
pubmed-ncbi-nlm-nih-gov.pacificcollege.idm.oclc.org,TRUE
collab-irc-f5.lanl.gov,TRUE
pubmed-ncbi-nlm-nih-gov.unh.idm.oclc.org,TRUE
trecvid.nist.gov,TRUE
utetribe.nsopw.gov,TRUE
egscbeowulf.er.usgs.gov,TRUE
911.gov,TRUE
neutrinophysics.fnal.gov,TRUE
kids.usmint.gov,TRUE
ru.taxpayeradvocate.irs.gov,TRUE
cmn.nimh.nih.gov,TRUE
https-www-ncbi-nlm-nih-gov-443.vpn.cdutcm.edu.cn,TRUE
icons.ornl.gov,TRUE
nifti.nimh.nih.gov,TRUE
pmc-ncbi-nlm-nih-gov.jikei.idm.oclc.org,TRUE
hotel.com.au,TRUE
visualization.ornl.gov,TRUE
www-ncbi-nlm-nih-gov.echo.louisville.edu,TRUE
pubmed-ncbi-nlm-nih-gov.bmv.idm.oclc.org,TRUE
pubmed-ncbi-nlm-nih-gov.hpu.idm.oclc.org,TRUE
cog.llnl.gov,TRUE
poca.fda.gov,TRUE
eis-agency-pricer.eos.gsa.gov,TRUE
ssctdpub.ssc.nasa.gov,TRUE
cshiip.research.va.gov,TRUE
nigos.nist.gov,TRUE
sandbox.hescore.labworks.org,TRUE
blast-ncbi-nlm-nih-gov.libproxy1.nus.edu.sg,TRUE
pubmed-ncbi-nlm-nih-gov.ez45.periodicos.capes.gov.br,TRUE
pubmed-ncbi-nlm-nih-gov.ezproxy.hofstra.edu,TRUE
pubmed.wwaker.top,TRUE
pubmed-ncbi-nlm-nih-gov.musashino-u.idm.oclc.org,TRUE
oceanwatch.pifsc.noaa.gov,TRUE
kirtland.af.mil,TRUE
cd.marines.mil,TRUE
fda-cdrh.my.salesforce-sites.com,TRUE
www-ncbi-nlm-nih-gov.ejournal.mahidol.ac.th,TRUE
matchfold.cancer.gov,TRUE
dctd-cms.cancer.gov,TRUE
newfrontiers.larc.nasa.gov,TRUE
pmc-ncbi-nlm-nih-gov.pc124152.oulu.fi,TRUE
chemcatbio.org,TRUE
winnebagotribe.nsopw.gov,TRUE
goes-r.nsstc.nasa.gov,TRUE
intel.usajobs.gov,TRUE
pivot-pie-beta.apps.os4.production.gcp-pivot.fema.net,TRUE
qpl.sandia.gov,TRUE
ihscphsofficers.usajobs.gov,TRUE
playerauctions.com,TRUE
pmc-ncbi-nlm-nih-gov.ezproxy.usherbrooke.ca,TRUE
pubmed-ncbi-nlm-nih-gov.libproxy.albany.edu,TRUE
wamssostg.epa.gov,TRUE
search.vcf.gov,TRUE
cmc3.research.va.gov,TRUE
laundryheap.com,TRUE
pubmed-ncbi-nlm-nih-gov.ez69.periodicos.capes.gov.br,TRUE
tenshoku.mynavi.jp,TRUE
tobyhanna.armymwr.com,TRUE
sumissura.com,TRUE
agwaterassessment.fda.gov,TRUE
asett.cms.gov,TRUE
nweb.ngs.noaa.gov,TRUE
eui.elastic.co,TRUE
benjamindoughty.ornl.gov,TRUE
reaganlibrary.archives.gov,TRUE
help.stg2.hrsa.gov,TRUE
dctc.mil,TRUE
directreadout.sci.gsfc.nasa.gov,TRUE
zazzle.ca,TRUE
trade.cbp.gov,TRUE
appliancepartspros.com,TRUE
uat.oceanservice.noaa.gov,TRUE
cnls-lanl.gov,TRUE
datamanager.dol.gov,TRUE
graphing.cbex.noaa.gov,TRUE
pubmed-ncbi-nlm-nih-gov.ptchproxy.flysheet.com.tw,TRUE
imef.marines.mil,TRUE
msd.ornl.gov,TRUE
akastage-hhs.gov,TRUE
niaidcrmsqa.niaid.nih.gov,TRUE
pubmed-ncbi-nlm-nih-gov.libproxy.chungbuk.ac.kr,TRUE
share-america.mwp.usembassy.gov,TRUE
bda.bie.edu,TRUE
flsm-agents-floodsmart-beta.apps.os4.production.gcp-pivot.fema.net,TRUE
pubmed-ncbi-nlm-nih-gov.qub.idm.oclc.org,TRUE
www-jpl-nasa-gov.translate.goog,TRUE
planetaryprotection.jpl.nasa.gov,TRUE
cfccharities.opm.gov,TRUE
dev-01-alb-www-swpc.woc.noaa.gov,TRUE
novaexperiment.fnal.gov,TRUE
chic.research.va.gov,TRUE
pubmed-ncbi-nlm-nih-gov.libproxy.ks.ac.kr,TRUE
pubmed-ncbi-nlm-nih-gov.proxy.lib.duke.edu,TRUE
open.obamawhitehouse.archives.gov,TRUE
dimoc.mil,TRUE
puebloofacoma.nsopw.gov,TRUE
pubmed-ncbi-nlm-nih-gov-ssl.openlink.inha.ac.kr,TRUE
uat-open.ctsu.org,TRUE
wdc-usda--rfrcdevd03.sandbox.my.site.com,TRUE
nezperce.nsopw.gov,TRUE
ehbuat05t01.hrsa.gov,TRUE
pubmed-ncbi-nlm-nih-gov.ezproxy.cad.univpm.it,TRUE
mathematicalstatistics.usajobs.gov,TRUE
nonb-abcc.ncifcrf.gov,TRUE
pubmed-ncbi-nlm-nih-gov.lib.proxy.csustan.edu,TRUE
test-my.ttb.gov,TRUE
wes.bie.edu,TRUE
ni.com,TRUE
studycatalog.cancer.gov,TRUE
nohrsc2.noaa.gov,TRUE
data.at.census.gov,TRUE
pcmdi.github.io,TRUE
pids-stg.cdc.gov,TRUE
sbx.harp.cms.gov,TRUE
standards.digital.gov,TRUE
kaixiao.ornl.gov,TRUE
www-ncbi-nlm-nih-gov.ezproxy.u-paris.fr,TRUE
code.mil,TRUE
juryinstruction.ca7.uscourts.gov,TRUE
passiveacoustics.fisheries.noaa.gov,TRUE
pubmed-ncbi-nlm-nih-gov.ejproxy.a-star.edu.sg,TRUE
cwcaribbean.aoml.noaa.gov,TRUE
pmc-ncbi-nlm-nih-gov.ezproxy.scu.edu.au,TRUE
www-ncbi-nlm-nih-gov.myaccess.library.utoronto.ca,TRUE
bio-sfa.llnl.gov,TRUE
staging.globe.gov,TRUE
www-ncbi-nlm-nih-gov.uml.idm.oclc.org,TRUE
procurement.fnal.gov,TRUE
pubmed-ncbi-nlm-nih-gov.proxy.cc.uic.edu,TRUE
mcsf-nola.marines.mil,TRUE
pmc-ncbi-nlm-nih-gov.sw.lib.csmu.edu.tw,TRUE
inldigitallibrary.inl.gov,TRUE
pabloseleson.ornl.gov,TRUE
fedinvest.com,TRUE
azhrsautl2.amer.reisystems.com,TRUE
blast-ncbi-nlm-nih-gov.insb.bib.cnrs.fr,TRUE
training.dcmwc.dol.gov,TRUE
ccgdata.cancer.gov,TRUE
designsystem.cancer.gov,TRUE
mcaspendleton.marines.mil,TRUE
cbioportal-qa.ccdi.cancer.gov,TRUE
dcma.usajobs.gov,TRUE
acd.od.nih.gov,TRUE
awsfinancialaidtoolkit.ed.gov,TRUE
onr.navy.mil,TRUE
neams.inl.gov,TRUE
pubmed-ncbi-nlm-nih-gov.uoeh-u.remotexs.xyz,TRUE
pubmed-ncbi-nlm-nih-gov.istituto-besta.idm.oclc.org,TRUE
pmc-ncbi-nlm-nih-gov.ez.urosario.edu.co,TRUE
pmc-ncbi-nlm-nih-gov.proxy.library.emory.edu,TRUE
cdat.github.io,TRUE
lasermaterials.llnl.gov,TRUE
pacom.mil,TRUE
ptsd.va.gov,TRUE
muon-g-2.fnal.gov,TRUE
mdctmcrval.cms.gov,TRUE
seattle.eric.research.va.gov,TRUE
2ndmeb.marines.mil,TRUE
eite.edit.irs.gov,TRUE
pmc-ncbi-nlm-nih-gov.proxy.lib.uwaterloo.ca,TRUE
topcv.vn,TRUE
nia.navy.mil,TRUE
developer.sba.gov,TRUE
nfs-stg.fs2c.usda.gov,TRUE
www-ncbi-nlm-nih-gov.ezproxy.lib.utexas.edu,TRUE
adr.af.mil,TRUE
cable-bigidea.anl.gov,TRUE
kbic.nsopw.gov,TRUE
bosc.helpdesk.cms.gov,TRUE
cbpworkforce.cbp.gov,TRUE
dodclearinghouse.osd.mil,TRUE
engineering.larc.nasa.gov,TRUE
monarch.niaid.nih.gov,TRUE
pubmed-ncbi-nlm-nih-gov.ludwig.lub.lu.se,TRUE
pubmed-ncbi-nlm-nih-gov.ezproxy.nihlibrary.nih.gov,TRUE
pubmed-ncbi-nlm-nih-gov.ru.idm.oclc.org,TRUE
pubmed-ncbi-nlm-nih-gov.proxy.queensu.ca,TRUE
data.gov,TRUE
ttp-external-web-service-test2.sat.mesh.cbp.dhs.gov,TRUE
spaceforcecareers.usajobs.gov,TRUE
conferences.fnal.gov,TRUE
pmc-ncbi-nlm-nih-gov.ez35.periodicos.capes.gov.br,TRUE
pubmed-ncbi-nlm-nih-gov.proxy.yu.ac.kr,TRUE
warcapps.usgs.gov,TRUE
pubmed-ncbi-nlm-nih-gov.ksgr.swissconsortium.ch,TRUE
sv.vecteezy.com,TRUE
owa.nicic.gov,TRUE
pubmed-ncbi-nlm-nih-gov.sidra.idm.oclc.org,TRUE
d2fw5iw7htzlo2.cloudfront.net,TRUE
fingerprint.nist.gov,TRUE
3rdmeb.marines.mil,TRUE
strs-grc-nasa-gov.translate.goog,TRUE
polarwatch.noaa.gov,TRUE
littlerock.af.mil,TRUE
coastaloceanmodels.noaa.gov,TRUE
cprosite.ccr.cancer.gov,TRUE
ehbuat03t01.hrsa.gov,TRUE
ibwc-dr.azurewebsites.net,TRUE
developer.ornl.gov,TRUE
hvacresourcemap.nlr.gov,TRUE
pmc-ncbi-nlm-nih-gov.turing.library.northwestern.edu,TRUE
usaf-hpc11.ornl.gov,TRUE
orta.research.noaa.gov,TRUE
eehpcwg.llnl.gov,TRUE
pubmed-ncbi-nlm-nih-gov.recursosbiblioteca.eia.edu.co,TRUE
research.ari.army.mil,TRUE
stageagid.acl.gov,TRUE
ww2.glerl.noaa.gov,TRUE
pubmed-ncbi-nlm-nih-gov.human.idm.oclc.org,TRUE
researchoptimizer-stage.cancer.gov,TRUE
pubmed-ncbi-nlm-nih-gov.ucundinamarca.basesdedatosezproxy.com,TRUE
spdatawarehouse.gsa.gov,TRUE
pmc-ncbi-nlm-nih-gov.consultaremota.upb.edu.co,TRUE
ree.usda.gov,TRUE
travel.fnal.gov,TRUE
pmc-ncbi-nlm-nih-gov.bibliosan.idm.oclc.org,TRUE
cleanairnortheast.epa.gov,TRUE
ppb.cancer.gov,TRUE
hill.af.mil,TRUE
pubmed-ncbi-nlm-nih-gov.washburn.idm.oclc.org,TRUE
www55.dev06.imsweb.com,TRUE
ftbf.fnal.gov,TRUE
www-aphis-usda-gov.translate.goog,TRUE
cesdatat.bls.gov,TRUE
www-usa-gov.translate.goog,TRUE
sarape.sandia.gov,TRUE
68tmc.army.mil,TRUE
gsablogs.gsa.gov,TRUE
nqisrc.org,TRUE
staging-cms.health.mil,TRUE
wdc-usda--rfrcqap02.sandbox.my.site.com,TRUE
cms-prod.fsis.usda.gov,TRUE
azhrsaint.amer.reisystems.com,TRUE
its90.nist.gov,TRUE
displacement.asf.alaska.edu,TRUE
partnerservices-staging.nws.noaa.gov,TRUE
zazzle.com.br,TRUE
pmc-ncbi-nlm-nih-gov.proxy1.library.jhu.edu,TRUE
laughlin.tricare.mil,TRUE
pmc-ncbi-nlm-nih-gov.eur.idm.oclc.org,TRUE
ovcttac.gov,TRUE
pubmed-ncbi-nlm-nih-gov.chapman.idm.oclc.org,TRUE
vac.niaid.nih.gov,TRUE
www-history-navy-mil.translate.goog,TRUE
devgcp.eqrs.internal.cms.gov,TRUE
www-ncbi-nlm-nih-gov.ezaccess.libraries.psu.edu,TRUE
cmit-impl.nonprod.qmms.internal.cms.gov,TRUE
trainingt.bls.gov,TRUE
dsmes-program-locator.cdc.gov,TRUE
hl7v2-igamt-2.nist.gov,TRUE
pubmed-ncbi-nlm-nih-gov.ez371.periodicos.capes.gov.br,TRUE
prod-01-asg-toolkit-climate.woc.noaa.gov,TRUE
stage.data.cms.gov,TRUE
charon.sandia.gov,TRUE
edit.medicare.gov,TRUE
npc.fnal.gov,TRUE
ofia.gov,TRUE
trumpwhitehouse-archives-gov.translate.goog,TRUE
qa.pay.gov,TRUE
sierrawild.gov,TRUE
pubmed-ncbi-nlm-nih-gov.queens.ezproxy.cuny.edu,TRUE
simlearn.va.gov,TRUE
istockphoto.com,TRUE
pmc-ncbi-nlm-nih-gov.ezproxy.lib.kyushu-u.ac.jp,TRUE
pubmed-ncbi-nlm-nih-gov.federation.unimes.fr,TRUE
pubmed-ncbi-nlm-nih-gov.libproxy.cu.ac.kr,TRUE
hrsautl11-is.amer.reisystems.com,TRUE
umbra.sandia.gov,TRUE
d25lk3k1yka5fb.cloudfront.net,TRUE
mspbpublic.azurewebsites.net,TRUE
d11phh4h66yddz.cloudfront.net,TRUE
dnation.nsopw.gov,TRUE
pmc-ncbi-nlm-nih-gov.eu1.proxy.openathens.net,TRUE
sgita.epa.gov,TRUE
cid.doe.gov,TRUE
ddtrb.larc.nasa.gov,TRUE
mdctseds.cms.gov,TRUE
thefincengov.com,TRUE
chippewacree.nsopw.gov,TRUE
nationalguardbureau.usajobs.gov,TRUE
pubmed-ncbi-nlm-nih-gov.libroxy.yonsei.ac.kr,TRUE
comanche.nsopw.gov,TRUE
design.com,TRUE
pmc-ncbi-nlm-nih-gov.ezp1.lib.umn.edu,TRUE
afaa.af.mil,TRUE
blog.onrr.gov,TRUE
nro.dod.afpims.mil,TRUE
rid.cancer.gov,TRUE
study-volunteers.ornl.gov,TRUE
insurv.usff.navy.mil,TRUE
pubmed-ncbi-nlm-nih-gov.ezpupv.scdi-montpellier.fr,TRUE
controlbanding.llnl.gov,TRUE
nij-ojp-gov.translate.goog,TRUE
opd-ui-fqt.etc.uspto.gov,TRUE
pmc-ncbi-nlm-nih-gov-443.webvpn.bjmu.edu.cn,TRUE
pubmed-ncbi-nlm-nih-gov.libraryproxy.harding.edu,TRUE
hpcic.llnl.gov,TRUE
cirp.usace.army.mil,TRUE
sc.usembassy.gov,TRUE
web.intg.research.gov,TRUE
installations.pre.militaryonesource.mil,TRUE
training.deeoic.dol.gov,TRUE
pubmed-ncbi-nlm-nih-gov.access.library.miami.edu,TRUE
lps3.pubmed.ncbi.nlm.nih.gov.libproxy.samsunghospital.com,TRUE
fsr5.usajobs.gov,TRUE
sm.usmission.gov,TRUE
guardian.jpl.nasa.gov,TRUE
pmc-ncbi-nlm-nih-gov.nuigalway.idm.oclc.org,TRUE
pubmed-ncbi-nlm-nih-gov.caiuipr.idm.oclc.org,TRUE
akastage-stopbullying.gov,TRUE
kickapoo.nsopw.gov,TRUE
nswccarderock.usajobs.gov,TRUE
pmc-ncbi-nlm-nih-gov.ez17.periodicos.capes.gov.br,TRUE
immport-user-admin.niaid.nih.gov,TRUE
mpex.ornl.gov,TRUE
vsac.wip.nlm.nih.gov,TRUE
aires.ornl.gov,TRUE
blsprod.psb.bls.gov,TRUE
whistleblowers.staging.pace.dol.gov,TRUE
metrics.llnl.gov,TRUE
rewordify.com,TRUE
mcrdpi.marines.mil,TRUE
ncrmsstd.digitalinfuzion.com,TRUE
lnxroc03.roc.noaa.gov,TRUE
jwst.gsfc.nasa.gov,TRUE
pmc-ncbi-nlm-nih-gov.libproxy.temple.edu,TRUE
blsrev.psb.bls.gov,TRUE
pubmed-ncbi-nlm-nih-gov.wrair.idm.oclc.org,TRUE
environment.arc.nasa.gov,TRUE
triton.ornl.gov,TRUE
rafalconbury.tricare.mil,TRUE
trip.llnl.gov,TRUE
cms.fmcsa.dot.gov,TRUE
pubmed-ncbi-nlm-nih-gov.stanford.idm.oclc.org,TRUE
vso.nascom.nasa.gov,TRUE
scalemeetings.ornl.gov,TRUE
treasury.gov,TRUE
hpcwebapps.cit.nih.gov,TRUE
pmc-ncbi-nlm-nih-gov.proxy-hs.researchport.umd.edu,TRUE
technology-atwork.fnal.gov,TRUE
tmcpfs.ops.fhwa.dot.gov,TRUE
pmc-ncbi-nlm-nih-gov.ez15.periodicos.capes.gov.br,TRUE
pubmed-ncbi-nlm-nih-gov.online.uchc.edu,TRUE
quinault.nsopw.gov,TRUE
soldiersolutions.staging.swf.army.mil,TRUE
poland.armymwr.com,TRUE
pubmed-ncbi-nlm-nih-gov.croaviano.idm.oclc.org,TRUE
www-itl-nist-gov.translate.goog,TRUE
bbddata.nist.gov,TRUE
pmc-ncbi-nlm-nih-gov.libproxy.usouthal.edu,TRUE
pmc-ncbi-nlm-nih-gov.proxy1.library.virginia.edu,TRUE
dni.gov,TRUE
sme.qa.bidenlibrary.gov,TRUE
cwa401a2notifications.epa.gov,TRUE
hanhongju.com,TRUE
daac.hpc.mil,TRUE
returntowork.llnl.gov,TRUE
atsdr-origin.cdc.gov,TRUE
pubmed-ncbi-nlm-nih-gov.ez51.periodicos.capes.gov.br,TRUE
hfpappexternal.preprod.fda.gov,TRUE
ecbp-ui-uat.sat.mesh.cbp.dhs.gov,TRUE
policies.fnal.gov,TRUE
cobra.epa.gov,TRUE
phcm.health.mil,TRUE
www-dhs-gov.translate.goog,TRUE
cms.tricare.mil,TRUE
windwatts.nlr.gov,TRUE
files.asprtracie.hhs.gov,TRUE
www-accessdata-fda-gov.translate.goog,TRUE
tfi.usajobs.gov,TRUE
stemgateway.nasa.gov,TRUE
hpc.sandia.gov,TRUE
icao.usmission.gov,TRUE
nesaragesaraofficialtoken.netlify.app,TRUE
safsq.hq.af.mil,TRUE
weathermachine.lanl.gov,TRUE
afrc.af.mil,TRUE
pmc-ncbi-nlm-nih-gov.ezproxy.dbazes.lsmuni.lt,TRUE
training.llnl.gov,TRUE
northerncheyenne.nsopw.gov,TRUE
pubmed-ncbi-nlm-nih-gov.ezproxy.universite-paris-saclay.fr,TRUE
researchoptimizer-dev2.cancer.gov,TRUE
pmc-ncbi-nlm-nih-gov.libraryproxy.griffith.edu.au,TRUE
icfa.hep.net,TRUE
ihs.gov,TRUE
www-ncbi-nlm-nih-gov.mhdla.flysheet.com.tw,TRUE
ncrmsid.digitalinfuzion.com,TRUE
cusoregistry.ncua.lan,TRUE
pubmed-ncbi-nlm-nih-gov.udaezproxy.idm.oclc.org,TRUE
cola.bie.edu,TRUE
stage-api.digitalmedia.hhs.gov,TRUE
dcmwc.dol.gov,TRUE
genecollections.nci.nih.gov,TRUE
pubmed-ncbi-nlm-nih-gov.methodist.idm.oclc.org,TRUE
pmc-ncbi-nlm-nih-gov.opbg.idm.oclc.org,TRUE
pmc-ncbi-nlm-nih-gov.webproxy2.ouhsc.edu,TRUE
cftc.prod.acquia-sites.com,TRUE
pubmed-ncbi-nlm-nih-gov.proxyonekel.flysheet.com.tw,TRUE
boisforte.nsopw.gov,TRUE
moomoo.com,TRUE
pubmed-ncbi-nlm-nih-gov.libproxy.uthscsa.edu,TRUE
static.prototype.cdc.gov,TRUE
ttlplus.gov,TRUE
makah.nsopw.gov,TRUE
www-ncbi-nlm-nih-gov.acces.bibl.ulaval.ca,TRUE
cms.bts.dot.gov,TRUE
federalfleets.energy.gov,TRUE
staff.mindwellkw.com,TRUE
earthandenergy.pnnl.gov,TRUE
hualapai.nsopw.gov,TRUE
www-ams-usda-gov.translate.goog,TRUE
epublication.fda.gov,TRUE
mcaf.marines.mil,TRUE
communities-talk.com,TRUE
atlhmscatchshares.fisheries.noaa.gov,TRUE
ecc.nist.gov,TRUE
pubmed-ncbi-nlm-nih-gov.ezproxy.library.dal.ca,TRUE
cms.tsm.nhtsa.dot.gov,TRUE
apps.fas.usda.gov,TRUE
pubmed-ncbi-nlm-nih-gov.wv-o-ursus-proxy01.ursus.maine.edu,TRUE
uae.yallamotor.com,TRUE
opcintra.ncep.noaa.gov,TRUE
devaws3.nosngs.noaa,TRUE
pmc-ncbi-nlm-nih-gov.ez11.periodicos.capes.gov.br,TRUE
ams.genedigtech.cloud,TRUE
pubmed-ncbi-nlm-nih-gov.ez74.periodicos.capes.gov.br,TRUE
pubmed-ncbi-nlm-nih-gov.ezproxy.usherbrooke.ca,TRUE
neutrons-user-facilities.ornl.gov,TRUE
pubmed-ncbi-nlm-nih-gov.lib.assumption.edu,TRUE
neuroscience.sandia.gov,TRUE
quapaw.nsopw.gov,TRUE
pubmed-ncbi-nlm-nih-gov.marionegri.idm.oclc.org,TRUE
dodnafaccounting.defense.gov,TRUE
maldi.nist.gov,TRUE
zds.bie.edu,TRUE
prod-onrr-frontend.app.cloud.gov,TRUE
qat.usaspending.gov,TRUE
time.gov,TRUE
hehr.cdc.gov,TRUE
www-bea-gov.translate.goog,TRUE
fsweb.wo.fs.fed.us,TRUE
tab.memoryback.online,TRUE
account-ncbi-nlm-nih-gov.proxy.kib.ki.se,TRUE
soma.cr.usgs.gov,TRUE
pbs-billing.gsa.gov,TRUE
pmc-ncbi-nlm-nih-gov.ezproxy.its.uu.se,TRUE
business.cpsc.gov,TRUE
formbuilder.nlm.nih.gov,TRUE
omh-qa.app.cloud.gov,TRUE
pubmed-ncbi-nlm-nih-gov.ezproxy.medma.uni-heidelberg.de,TRUE
pmc-ncbi-nlm-nih-gov.ez25.periodicos.capes.gov.br,TRUE
nmio.ise.gov,TRUE
pmc-ncbi-nlm-nih-gov.ezpum.scdi-montpellier.fr,TRUE
americorps.gov,TRUE
409csb.army.mil,TRUE
cms.digital.gov,TRUE
nih3d-app-v2.threed.niaidqa.net,TRUE
s1p-extdrup8-01.uxpax.usitc.gov,TRUE
vt.usembassy.gov,TRUE
edis.army.mil,TRUE
minerva.fnal.gov,TRUE
trip.com,TRUE
ebit.llnl.gov,TRUE
geology.usgs.gov,TRUE
lmf.llnl.gov,TRUE
pmc-ncbi-nlm-nih-gov.echo.louisville.edu,TRUE
sctribe.nsopw.gov,TRUE
eventbrite.fr,TRUE
amnestyusa.org,TRUE
lance.modaps.eosdis.nasa.gov,TRUE
matichon.co.th,TRUE
nexo.llnl.gov,TRUE
uat.arpa-h.gov,TRUE
pubmed-ncbi-nlm-nih-gov.mc.opal-libraries.org,TRUE
beta3-idt.sns-beta.com,TRUE
pubmed-ncbi-nlm-nih-gov.libproxy.gnu.ac.kr,TRUE
af.mil,TRUE
ebg.llnl.gov,TRUE
gasp.uscourts.gov,TRUE
pmc-ncbi-nlm-nih-gov.cyber.usask.ca,TRUE
pubmed-ncbi-nlm-nih-gov.ccmain.ohionet.org,TRUE
pubmed-ncbi-nlm-nih-gov.eux.idm.oclc.org,TRUE
ngfamily.vt.gov,TRUE
tours.jpl.nasa.gov,TRUE
coherent.ornl.gov,TRUE
ferretop.pmel.noaa.gov,TRUE
pubmed-ncbi-nlm-nih-gov.proxy.library.stonybrook.edu,TRUE
fdic-search.app.cloud.gov,TRUE
networx-public-pricer.eos.gsa.gov,TRUE
saugatr-organization384669.beetax.uk,TRUE
kewapueblo.nsopw.gov,TRUE
pubmed-ncbi-nlm-nih-gov.libproxy.kosinmed.kr,TRUE
www-mslmb.niddk.nih.gov,TRUE
ffb.treasury.gov,TRUE
acs.bie.edu,TRUE
brrc.research.va.gov,TRUE
pmc-ncbi-nlm-nih-gov.ez24.periodicos.capes.gov.br,TRUE
s1p-extdrup8-00.uxpax.usitc.gov,TRUE
mmt.sit.earthdata.nasa.gov,TRUE
pubmed-ncbi-nlm-nih-gov.proxy.ub.uni-frankfurt.de,TRUE
nist.usajobs.gov,TRUE
epi-grants.st.beta.imsweb.com,TRUE
geonetcastamericas.noaa.gov,TRUE
frppmap.gsa.gov,TRUE
download.jpl.nasa.gov,TRUE
usda-students.usajobs.gov,TRUE
www-ncbi-nlm-nih-gov.buadistant.univ-angers.fr,TRUE
orsbloodtool.sandia.gov,TRUE
pubmed-ncbi-nlm-nih-gov-443.webvpn.bua.edu.cn,TRUE
pubmed-ncbi-nlm-nih-gov.manowar.tamucc.edu,TRUE
pubmed-ncbi-nlm-nih-gov.uni-wh.idm.oclc.org,TRUE
childcare.acf.gov,TRUE
pubmed.unicartagenaproxy.elogim.com,TRUE
zazzle.com.au,TRUE
hrsaperf6.amer.reisystems.com,TRUE
midlibrary.io,TRUE
olms.dev-ent.dev-dir.labor.gov,TRUE
pzal.metoc.navy.mil,TRUE
idcfdoews.bls.gov,TRUE
stage.fmc.gov,TRUE
www-ers-usda-gov.translate.goog,TRUE
pubmed-ncbi-nlm-nih-gov.fernuni.swissconsortium.ch,TRUE
pubmed-ncbi-nlm-nih-gov.luks1.swissconsortium.ch,TRUE
hhs-ihs.usajobs.gov,TRUE
pubmed-ncbi-nlm-nih-gov.shamir.portium.org,TRUE
gab.usps.com,TRUE
erd.llnl.gov,TRUE
niaidcrmsval.niaid.nih.gov,TRUE
staging-erma-ui.orr.noaa.gov,TRUE
pdc-docs.cancer.gov,TRUE
cats.gsfc.nasa.gov,TRUE
pmc-ncbi-nlm-nih-gov.humanitas.idm.oclc.org,TRUE
smh.ornl.gov,TRUE
first.uscis.gov,TRUE
pps.gsfc.nasa.gov,TRUE
registry.fgdc.gov,TRUE
tds.bie.edu,TRUE
int.treasurydirect.gov,TRUE
dev-c-e.cbp.dhs.gov,TRUE
gridtechpedia.inl.gov,TRUE
yavapaiapache.nsopw.gov,TRUE
oedca.va.gov,TRUE
seqapass.epa.gov,TRUE
wolfswinkel.shop,TRUE
pubmed-ncbi-nlm-nih-gov.ucc.idm.oclc.org,TRUE
state-tables.fdic.gov,TRUE
pmc-ncbi-nlm-nih-gov.emedien.ub.uni-muenchen.de,TRUE
mcasyuma.marines.mil,TRUE
gams.fda.gov,TRUE
ies.bie.edu,TRUE
pubmed-ncbi-nlm-nih-gov.assutaashdod.portium.org,TRUE
secretservice.gov,TRUE
j1visa-state-gov.translate.goog,TRUE
pubmed-ncbi-nlm-nih-gov.fhv.swissconsortium.ch,TRUE
nlmportal.dynamics365portals.us,TRUE
jp-usembassy-gov.translate.goog,TRUE
volcano.wr.usgs.gov,TRUE
edit2.dol.gov,TRUE
exoplanets.nasa.gov,TRUE
w3auth.nist.gov,TRUE
afpc.af.mil,TRUE
artificialintelligence.fnal.gov,TRUE
jko.jten.mil,TRUE
www-census-gov.translate.goog,TRUE
conferencerooms.ornl.gov,TRUE
jplopensourcerover.com,TRUE
nswcihd.usajobs.gov,TRUE
pubmed-ncbi-nlm-nih-gov.libproxy.unm.edu,TRUE
www-ncbi-nlm-nih-gov.kyoto-u.idm.oclc.org,TRUE
pubmed-ncbi-nlm-nih-gov.libproxy.wku.ac.kr,TRUE
nhgri.prod.acquia-sites.com,TRUE
kadena.af.mil,TRUE
calm.gsa.gov,TRUE
pubmed-ncbi.ezproxy.univ-ubs.fr,TRUE
www-ncbi-nlm-nih-gov.pucdechile.idm.oclc.org,TRUE
eglin.af.mil,TRUE
pubmed-ncbi-nlm-nih-gov.ezproxyworc.helmlib.org,TRUE
tcots.epa.gov,TRUE
boxofficeticketsales.com,TRUE
astereds.cr.usgs.gov,TRUE
heliophysicsdata.gsfc.nasa.gov,TRUE
pmc-ncbi-nlm-nih-gov.ezproxy.utu.fi,TRUE
pubmed-ncbi-nlm-nih-gov.libproxy.catholic.ac.kr,TRUE
reginquiries.consumerfinance.gov,TRUE
wdc-usda--rfcrtf01.sandbox.my.site.com,TRUE
cadre.research.va.gov,TRUE
cbp-hrm.my.site.com,TRUE
dtp.cancer.gov,TRUE
pmc-ncbi-nlm-nih-gov.udea.lookproxy.com,TRUE
gsa-stg-ecas.gsa.gov,TRUE
jtapic.health.mil,TRUE
uat.ojp.gov,TRUE
activefitnessstore.com,TRUE
pmc-ncbi-nlm-nih-gov.autorpa.ntunhs.edu.tw,TRUE
pubmed-ncbi-nlm-nih-gov-ssl.proxy.konkuk.ac.kr,TRUE
washoetribe.nsopw.gov,TRUE
fehrm.gov,TRUE
sss.bie.edu,TRUE
ftbelknap.nsopw.gov,TRUE
tortoise.nibib.nih.gov,TRUE
adoption.his.com,TRUE
bookretreats.com,TRUE
coolmod-review.s3.amazonaws.com,TRUE
lre.nist.gov,TRUE
ctinsider.com,TRUE
cindrr.research.va.gov,TRUE
digital-gov-static-prod.app.cloud.gov,TRUE
incirlik.tricare.mil,TRUE
reeves.dgp.toronto.edu,TRUE
ehbomsbxt01.ehbsbx.work,TRUE
pmc-ncbi-nlm-nih-gov.ezproxy.otago.ac.nz,TRUE
pubmed-ncbi-nlm-nih-gov.flclosrios.idm.oclc.org,TRUE
kcs.bie.edu,TRUE
ar.taxpayeradvocate.irs.gov,TRUE
165.112.140.35,TRUE
chemm-cms.beam.hhs.gov,TRUE
epabap.my.site.com,TRUE
nooksack.nsopw.gov,TRUE
far-qc.sandia.gov,TRUE
statuschecker.fgdc.gov,TRUE
sortd.webflow.io,TRUE
stage.usmarshals.gov,TRUE
blast-ncbi-nlm-nih-gov.bases-doc.univ-lorraine.fr,TRUE
clintonwhitehouse1.archives.gov,TRUE
fisherybiologist.usajobs.gov,TRUE
micksgarage.com,TRUE
pmc-ncbi-nlm-nih-gov.northernkentuckyuniversity.idm.oclc.org,TRUE
water.llnl.gov,TRUE
pubmed-ncbi-nlm-nih-gov.uhcl.idm.oclc.org,TRUE
travelstate-usdos.msappproxy.net,TRUE
vision.research.va.gov,TRUE
api.digitalmedia.hhs.gov,TRUE
doi.org,TRUE
prod.edit.irs.gov,TRUE
pubmed-ncbi-nlm-nih-gov.soton.idm.oclc.org,TRUE
csdet.inl.gov,TRUE
ask.ncua.gov,TRUE
lhea.gsfc.nasa.gov,TRUE
pubmed-ncbi-nlm-nih-gov.ezproxy.augsburg.edu,TRUE
wcms-wp-atsdr.cdc.gov,TRUE
arssandbox.arsnet.usda.gov,TRUE
navsea.usajobs.gov,TRUE
fis.bie.edu,TRUE
pubmed-ncbi-nlm-nih-gov.nyit.idm.oclc.org,TRUE
temp-fiscaldata.treasury.gov,TRUE
usembassy-sa.com,TRUE
images-nasa-gov.translate.goog,TRUE
matsg23.marines.mil,TRUE
avreap.research.va.gov,TRUE
nhtsa.lndo.site,TRUE
bss.bie.edu,TRUE
jemez.nsopw.gov,TRUE
lfs.cancer.gov,TRUE
mynavyhr.navy.afpims.mil,TRUE
pmc-ncbi-nlm-nih-gov.libaccess.lib.mcmaster.ca,TRUE
ak-chin.nsopw.gov,TRUE
pubmed-ncbi-nlm-nih-gov.ezproxy.montclair.edu,TRUE
pubmed.uajs.lookproxy.com,TRUE
ai-atwork.fnal.gov,TRUE
semd-atwork.fnal.gov,TRUE
stg-wwwhhsgov.cloud.hhs.gov,TRUE
api22.meetcarrot.com,TRUE
nswcdd.usajobs.gov,TRUE
pmc-ncbi-nlm-nih-gov.sid2nomade-2.grenet.fr,TRUE
www-fws-gov.translate.goog,TRUE
osage.nsopw.gov,TRUE
acc.af.mil,TRUE
modis-snow-ice.gsfc.nasa.gov,TRUE
retuning.pnnl.gov,TRUE
fdc-nal-usda-gov.translate.goog,TRUE
sierra.armymwr.com,TRUE
data.sandbox1.census.gov,TRUE
rsic.nsopw.gov,TRUE
cmt.usgs.gov,TRUE
imp.data.healthcare.gov,TRUE
jfk.bie.edu,TRUE
beta.floodsmart.gov,TRUE
fedinvest.org,TRUE
cross-sim.sandia.gov,TRUE
pmc-ncbi-nlm-nih-gov.ezproxylr.med.und.edu,TRUE
pubmed-ncbi-nlm-nih-gov.ezproxy.med.cornell.edu,TRUE
alpha.cpars.gov,TRUE
studentsabroad.his.com,TRUE
jicarilla.nsopw.gov,TRUE
stage.public.csr.nih.gov,TRUE
eric-ed-gov.ezproxy.iielearn.ac.za,TRUE
nal.primo.exlibrisgroup.com,TRUE
staging.usaspending.gov,TRUE
wasteplan.epa.gov,TRUE
asc-406-lrc-belvoir.army.mil,TRUE
login.glnpo.net,TRUE
ems.gov,TRUE
wwwapprmr.nimh.nih.gov,TRUE
cmweb-beta.llnl.gov,TRUE
nt1.ntsca.com,TRUE
sanipueblo.nsopw.gov,TRUE
aesics.cr.usgs.gov,TRUE
maps.wildlandfiresmoke.net,TRUE
pmc-ncbi-nlm-nih-gov.ru.idm.oclc.org,TRUE
trainingd.bls.gov,TRUE
166aw.ang.af.mil,TRUE
account-ncbi-nlm-nih-gov.pbidi.unam.mx,TRUE
cprw1.navy.mil,TRUE
pdbpcld-stage.cit.nih.gov,TRUE
airquality.lanl.gov,TRUE
lws-set.gsfc.nasa.gov,TRUE
next.studentaid.gov,TRUE
pecat.cdc.gov,TRUE
usar.army.mil,TRUE
cas.niddk.nih.gov,TRUE
esafe-external-web.sat.mesh.cbp.dhs.gov,TRUE
sfe.bie.edu,TRUE
ntn.fnal.gov,TRUE
pmc-ncbi-nlm-nih-gov.ezproxy.lib.utah.edu,TRUE
myna.pmel.noaa.gov,TRUE
realpropertyprofile.gov,TRUE
tontoapache.nsopw.gov,TRUE
tricare,TRUE
weathergov-staging.app.cloud.gov,TRUE
www-ahrq-gov.translate.goog,TRUE
cms.nhtsa.dot.gov,TRUE
ilrs.dgfi.tum.de,TRUE
afmccareers.usajobs.gov,TRUE
cmn-meetings.nimh.nih.gov,TRUE
aqua.gsfc.nasa.gov,TRUE
edit.apprenticeship.gov,TRUE
peomlb.navy.mil,TRUE
iowanation.nsopw.gov,TRUE
pmc-ncbi-nlm-nih-gov.libproxy1.usc.edu,TRUE
shadesofgreen.org,TRUE
pubmed-ncbi-nlm-nih-gov.uc.opal-libraries.org,TRUE
pubmed-ncbi-nlm-nih-gov.wolfson.portium.org,TRUE
tux.wr.usgs.gov,TRUE
pubmed-ncbi-nlm-nih-gov.libproxy.ucl.ac.uk,TRUE
uat-foia.gov,TRUE
passports.travel.his.com,TRUE
pubmed-ncbi-nlm-nih-gov.rpa.skh.org.tw,TRUE
sts.bie.edu,TRUE
hymarc.org,TRUE
www-ncbi-nlm-nih-gov.proxy.lib.umich.edu,TRUE
monash.figshare.network,TRUE
pubmed-ncbi-nlm-nih-gov.ezproxy2.library.arizona.edu,TRUE
cbptrade--iprd1.sandbox.my.site.com,TRUE
gulflink.health.mil,TRUE
partnerships.fnal.gov,TRUE
usvisas.travel.his.com,TRUE
applocker.navy.mil,TRUE
globalprotect.auctane.com,TRUE
pubmed-ncbi-nlm-nih-gov.ez78.periodicos.capes.gov.br,TRUE
search.eda.gov,TRUE
www-ncbi-nlm-nih-gov.ezproxy.library.wisc.edu,TRUE
capitrainingbeta.nass.usda.gov,TRUE
search.ada.gov,TRUE
cnap.nhlbi.nih.gov,TRUE
edsitement.neh.gov,TRUE
ngs.l.noaa.gov,TRUE
agencyportal.uat.usajobs.gov,TRUE
alaska.usgs.gov,TRUE
archief27.sitearchief.nl,TRUE
gs674-proxy.ccmc.gsfc.nasa.gov,TRUE
quickstats-review.nass.usda.net,TRUE
test-stawebapp.edpass.us,TRUE
kwla.llnl.gov,TRUE
ohkayowingeh.nsopw.gov,TRUE
pubmed-ncbi-nlm-nih-gov.choa.proxy.liblynxgateway.com,TRUE
pubmed-ncbi-nlm-nih-gov.operapadrepio.idm.oclc.org,TRUE
childabduction.travel.his.com,TRUE
testdeveloper.nvmc.uscg.gov,TRUE
www2.abmc.gov,TRUE
matsg22.marines.mil,TRUE
test-iis.ocfo.gsa.gov,TRUE
knetfold.cancer.gov,TRUE
tes.jpl.nasa.gov,TRUE
pubmed-ncbi-nlm-nih-gov.ezproxy.wadsworth.org,TRUE
www-ncbi-nlm-nih-gov.libproxy.jnu.ac.kr,TRUE
www2.dol.gov,TRUE
rconnect-public.epa.gov,TRUE
uat.bjs.ojp.gov,TRUE
ottawatribe.nsopw.gov,TRUE
pubmed-ncbi-nlm-nih-gov.michener.idm.oclc.org,TRUE
pubmed-ncbi-nlm-nih-gov.su.idm.oclc.org,TRUE
sotocano.armymwr.com,TRUE
calval.jpl.nasa.gov,TRUE
lantern.healthit.gov,TRUE
maps.airfire.org,TRUE
militarypay.dod.afpims.mil,TRUE
cot.figsh.com,TRUE
joe.co.uk,TRUE
pubmed-ncbi-nlm-nih-gov.ez32.periodicos.capes.gov.br,TRUE
pubmed-ncbi-nlm-nih-gov.ezproxy-prd.bodleian.ox.ac.uk,TRUE
staging.dmap-prod.aws.epa.gov,TRUE
uec.fnal.gov,TRUE
pubmed-ncbi-nlm-nih-gov.units.idm.oclc.org,TRUE
www-ncbi-nlm-nih-gov.autorpa.ntunhs.edu.tw,TRUE
metlakatla.nsopw.gov,TRUE
pah.nist.gov,TRUE
peoriatribe.nsopw.gov,TRUE
nns.bie.edu,TRUE
www107.dev02.imsweb.com,TRUE
kaibabpaiute.nsopw.gov,TRUE
nerp.ornl.gov,TRUE
pubmed-ncbi-nlm-nih-gov.uaeu.idm.oclc.org,TRUE
nichd.nih.gov,TRUE
pubmed-ncbi-nlm-nih-gov.proxy.scd.univ-tours.fr,TRUE
eric-ed-gov.pbidi.unam.mx,TRUE
mls.bie.edu,TRUE
pubmed-ncbi-nlm-nih-gov.dcccd.idm.oclc.org,TRUE
pubmed-ncbi-nlm-nih-gov.proxy.libraeumc.kr,TRUE
pubmed-ncbi-nlm-nih-gov.clalit.portium.org,TRUE
pubmed.fl.genedigtech.cloud,TRUE
avo-vsc-ash.wr.usgs.gov,TRUE
pubmed-ncbi-nlm-nih-gov.ezproxy.rowan.edu,TRUE
cocopah.nsopw.gov,TRUE
pubmed-ncbi-nlm-nih-gov.uhn.idm.oclc.org,TRUE
tsgauthor.intranet.ca.state.sbu,TRUE
catribes.nsopw.gov,TRUE
fosterscholars.noaa.gov,TRUE
estoo.nsopw.gov,TRUE
pmc-ncbi-nlm-nih-gov.rockhurst.idm.oclc.org,TRUE
communities.sunlightfoundation.com,TRUE
icpc.cancer.gov,TRUE
radar-staging.app.cloud.gov,TRUE
www-login-gov.translate.goog,TRUE
ourcommons.ca,TRUE
kunsan.tricare.mil,TRUE
santee.nsopw.gov,TRUE
xd.gov,TRUE
rqcalculator.projectenhancement.com,TRUE
pubmed-ncbi-nlm-nih-gov.pugetsound.idm.oclc.org,TRUE
pmc-ncbi-nlm-nih-gov.libproxy.library.unt.edu,TRUE
pmc-ncbi-nlm-nih-gov.shh.idm.oclc.org,TRUE
pubmed-ncbi-nlm-nih-gov.publicaciones.umh.es,TRUE
usaceportland.usajobs.gov,TRUE
airpaz.com,TRUE
bioesep.org,TRUE
ehbuat02t01.hrsa.gov,TRUE
microboone.fnal.gov,TRUE
mmhsrp.nmfs.noaa.gov,TRUE
navwar.usajobs.gov,TRUE
55samfrontendminc.apps.prod-iae.bsp.gsa.gov,TRUE
eur.army.mil,TRUE
www-ncbi-nlm-nih-gov.miman.bib.bth.se,TRUE
classic.clinicaltrials.gov,TRUE
pmc-ncbi-nlm-nih-gov.libproxy.samsunghospital.com,TRUE
ftmcdowell.nsopw.gov,TRUE
invezz.com,TRUE
jp.mwp.usembassy.gov,TRUE
cyber-internship.llnl.gov,TRUE
forecast-weather-gov.translate.goog,TRUE
fsst.nsopw.gov,TRUE
cde-qa.nlm.nih.gov,TRUE
latex.llnl.gov,TRUE
pubmed-ncbi-nlm-nih-gov.ez37.periodicos.capes.gov.br,TRUE
pubmed-ncbi-nlm-nih-gov.libezproxy2.syr.edu,TRUE
staging.apprenticeship.gov,TRUE
developer.cloud.tencent.cn,TRUE
glihtdata.gsfc.nasa.gov,TRUE
rcmes.jpl.nasa.gov,TRUE
outreachpro.nia.nih.gov,TRUE
pope.tricare.mil,TRUE
pubmed-ncbi-nlm-nih-gov.libproxy.donga.ac.kr,TRUE
simplex.giss.nasa.gov,TRUE
todaysdocument.tumblr.com,TRUE
fatherhood.gov,TRUE
hmddirectory.wip.nlm.nih.gov,TRUE
old-pcmdi.llnl.gov,TRUE
apps-st.fisheries.noaa.gov,TRUE
blast-ncbi-nlm-nih-gov.oregonstate.idm.oclc.org,TRUE
fcoi.llnl.gov,TRUE
pubmed-ncbi-nlm-nih-gov.proxy.westernu.edu,TRUE
unitedkeetoowahband.nsopw.gov,TRUE
archives.hud.gov,TRUE
pmc-ncbi-nlm-nih-gov.proxy.bib.uottawa.ca,TRUE
pubmed-ncbi-nlm-nih-gov.eres.qnl.qa,TRUE
prs.mil,TRUE
www-nal-usda-gov.translate.goog,TRUE
ai-coding.fnal.gov,TRUE
companyprofiles.healthcare.gov,TRUE
copyscape.com,TRUE
pmc-ncbi-nlm-nih-gov.ez10.periodicos.capes.gov.br,TRUE
pubmed-ncbi-nlm-nih-gov.ezproxy.weizmann.ac.il,TRUE
pubmed-ncbi-nlm-nih-gov.rproxy.tau.ac.il,TRUE
blast-ncbi-nlm-nih-gov.proxy2.library.illinois.edu,TRUE
fluidflowvisualization.sandia.gov,TRUE
genomics.ccr.cancer.gov,TRUE
staging.ice.gov,TRUE
stagorise.orau.gov,TRUE
www-nidcd-nih-gov.translate.goog,TRUE
niehs.nih.gov,TRUE
modsimtools.sandia.gov,TRUE
wetp.dev,TRUE
choise-efrc.org,TRUE
gdo152.llnl.gov,TRUE
data.ci3.census.gov,TRUE
learn.alphapaw.com,TRUE
pubmed-ncbi-nlm-nih-gov.huaryu.kl.oakland.edu,TRUE
snpinfo.niehs.nih.gov,TRUE
casl.ndu.edu,TRUE
eis.epa.gov,TRUE
www-ncbi-nlm-nih-gov-443.webvpn.sysu.edu.cn,TRUE
pubmed-ncbi-nlm-nih-gov.ezp.twu.edu,TRUE
pubmed-ncbi-nlm-nih-gov.gcsom.idm.oclc.org,TRUE
2025dodtransition.defense.gov,TRUE
gdo127.llnl.gov,TRUE
officialnesaragesaratoken.netlify.app,TRUE
jba.af.mil,TRUE
caddo.nsopw.gov,TRUE
swfsc-publications.fisheries.noaa.gov,TRUE
spinquest.fnal.gov,TRUE
uqtools.larc.nasa.gov,TRUE
beta.nicic.gov,TRUE
energybootcamp.ornl.gov,TRUE
mia-django-main.app.cloud.gov,TRUE
beta-staging.clinicaltrials.gov,TRUE
pmc-ncbi-nlm-nih-gov.erm.mmh.org.tw,TRUE
mildenhall.af.mil,TRUE
cms.phmsa.dot.gov,TRUE
dic.pixiv.net,TRUE
nasa.github.io,TRUE
nigms-nih-gov.translate.goog,TRUE
asthmabirthcohorts.niaid.nih.gov,TRUE
puyallup-tribe.nsopw.gov,TRUE
pubmed-ncbi-nlm-nih-gov.kkh.remotexs.co,TRUE
pubmed-ncbi-nlm-nih-gov.usu01.idm.oclc.org,TRUE
worldview.uat.earthdata.nasa.gov,TRUE
spitr.ccr.cancer.gov,TRUE
airbnb.com,TRUE
daacweb-prod.ornl.gov,TRUE
sass.fletc.dhs.gov,TRUE
atms.fleta.gov,TRUE
gigsalad.com,TRUE
nahw.jpl.nasa.gov,TRUE
pmc-ncbi-nlm-nih-gov.ezproxy.nsuok.edu,TRUE
training.dmp.dol.gov,TRUE
hrsautl9-is.amer.reisystems.com,TRUE
pic-dev-frontend.app.cloud.gov,TRUE
pubmed-ncbi-nlm-nih-gov-ssl.eproxy.sch.ac.kr,TRUE
wwwapp.nimh.nih.gov,TRUE
ehbuat04t01.hrsa.gov,TRUE
www527.dev08.imsweb.com,TRUE
author.1.stage.tsg.aws.reingoldms.com,TRUE
e-cfr.ecfr.gov,TRUE
rafcroughton.tricare.mil,TRUE
cptoolkitcatalog.peerta.acf.hhs.gov,TRUE
ngmdb-usgs-gov.translate.goog,TRUE
cmr.sit.earthdata.nasa.gov,TRUE
pawneenation.nsopw.gov,TRUE
pubmed-ncbi-nlm-nih-gov.rosalindfranklin.idm.oclc.org,TRUE
clindev21,TRUE
mojaveindiantribe.nsopw.gov,TRUE
nuclearfuel.inl.gov,TRUE
ois.bie.edu,TRUE
pubmed-ncbi-nlm-nih-gov-ssl.lib.kuh.ac.kr,TRUE
am-autoparts.com,TRUE
dev-childwelfare.cwigng.com,TRUE
moon.nasa.gov,TRUE
pmc-ncbi-nlm-nih-gov.lib-ezproxy.concordia.ca,TRUE
mptn.nsopw.gov,TRUE
pmc-ncbi-nlm-nih-gov.libproxy2.usc.edu,TRUE
pubmed-ncbi-nlm-nih-gov.nycpm.idm.oclc.org,TRUE
drupal.bls.gov,TRUE
pmc-ncbi-nlm-nih-gov.ez26.periodicos.capes.gov.br,TRUE
prod-01-alb-www-oe.woc.noaa.gov,TRUE
data-science.usajobs.gov,TRUE
pmc-ncbi-nlm-nih-gov.qulib.idm.oclc.org,TRUE
pubmed-ncbi-nlm-nih-gov.ccl.idm.oclc.org,TRUE
pubmed-ncbi-nlm-nih-gov.ezproxy.haifa.ac.il,TRUE
pubmed-ncbi-nlm-nih-gov.inc.bib.cnrs.fr,TRUE
dcegconnect-cms.cancer.gov,TRUE
fdicode5.prod.acquia-sites.com,TRUE
pmc-ncbi-nlm-nih-gov.bvsspa.idm.oclc.org,TRUE
pmc-ncbi-nlm-nih-gov.uab.idm.oclc.org,TRUE
pubmed-ncbi-nlm-nih-gov.utalca.idm.oclc.org,TRUE
rrbprod.rrb.gov,TRUE
veterinaryjobs.usajobs.gov,TRUE
www-ncbi-nlm-nih-gov.offcampus.lib.washington.edu,TRUE
journal-reports.nlm.nih.gov,TRUE
pmc-ncbi-nlm-nih-gov.ezproxy.u-pec.fr,TRUE
pubmed-ncbi-nlm-nih-gov.ez35.periodicos.capes.gov.br,TRUE
www-neh-gov.translate.goog,TRUE
quantico.marines.mil,TRUE
acehardware.com,TRUE
class.cancer.gov,TRUE
edit.armytenmiler.com,TRUE
pubmed-ncbi-nlm-nih-gov.ezproxy.baylor.edu,TRUE
datamanagerstage.dol.gov,TRUE
ypit.nsopw.gov,TRUE
sscc.nimh.nih.gov,TRUE
pdts.ccr.cancer.gov,TRUE
pmc-ncbi-nlm-nih-gov.ezoris.lib.hokudai.ac.jp,TRUE
www-niehs-nih-gov.translate.goog,TRUE
confortanimal.pt,TRUE
epi-grants-cancer-gov.translate.goog,TRUE
pubmed-ncbi-nlm-nih-gov.ez82.periodicos.capes.gov.br,TRUE
ccp2025.ornl.gov,TRUE
srag-msrem.jsc.nasa.gov,TRUE
dmtenrspjuuhr.cloudfront.net,TRUE
prod-web-alb-tg.uspto.gov,TRUE
staging.ftc.gov,TRUE
arpa-h-careers.usajobs.gov,TRUE
nctnbanks.cancer.gov,TRUE
santaana.nsopw.gov,TRUE
swinomish.nsopw.gov,TRUE
unemployment.staging.pace.dol.gov,TRUE
nustec.fnal.gov,TRUE
pmc-ncbi-nlm-nih-gov.ez27.periodicos.capes.gov.br,TRUE
pubmed-ncbi-nlm-nih-gov.academie-medecine.idm.oclc.org,TRUE
cacb-admin.jdc.ao.dcn,TRUE
help.fedramp.gov,TRUE
pmc-ncbi-nlm-nih-gov.ez20.periodicos.capes.gov.br,TRUE
d1i7emf07tpw3f.cloudfront.net,TRUE
d3d17n3hadce2c.cloudfront.net,TRUE
enr.com,TRUE
pubmed-ncbi-nlm-nih-gov.ez163.periodicos.capes.gov.br,TRUE
kkday.com,TRUE
edit.staging.cbp.gov,TRUE
pubmed-ncbi-nlm-nih-gov.eznvcc.vccs.edu,TRUE
armynafciviliancareers.usajobs.gov,TRUE
uk-usembassy-gov.translate.goog,TRUE
edit.cbp.gov,TRUE
airnowtomed.app.cloud.gov,TRUE
bbd.labworks.org,TRUE
councils.fisheries.noaa.gov,TRUE
modsimtoolsdownloads.sandia.gov,TRUE
mgmt.bpa.gov,TRUE
lvn.bie.edu,TRUE
pmc-ncbi-nlm-nih-gov.sid2nomade-1.grenet.fr,TRUE
stg.fiscaldata.treasury.gov,TRUE
taos.nsopw.gov,TRUE
tra.cloud.cms.gov,TRUE
preview.ers.usda.gov,TRUE
igamthl7.caasprodrcp.roche.com,TRUE
pubmed-ncbi-nlm-nih-gov.ez34.periodicos.capes.gov.br,TRUE
usadepartmentofstate.org,TRUE
cat-tools.usps.com,TRUE
pmc-ncbi-nlm-nih-gov.proxy.unibs.it,TRUE
cbes.ornl.gov,TRUE
anl.gov,TRUE
wdob.sandbox.adsd.census.gov,TRUE
www-ncbi-nlm-nih-gov.ezproxy.utas.edu.au,TRUE
50.fnal.gov,TRUE
ca.water.usgs.gov,TRUE
ftp.legia.com,TRUE
https-pubmed-ncbi-nlm-nih-gov-443.webvpn1.cams.cn,TRUE
nmfs-ost.github.io,TRUE
pubmed-ncbi-nlm-nih-gov.proxy.libraries.rutgers.edu,TRUE
cades.ornl.gov,TRUE
pubmed-ncbi-nlm-nih-gov-ssl.proxy.medicalinfo.or.kr,TRUE
pubmed-ncbi-nlm-nih-gov.inee.bib.cnrs.fr,TRUE
www-stage.nasa.gov,TRUE
dev-cdmrp.health.mil,TRUE
pmc-ncbi-nlm-nih-gov.ezp.twu.edu,TRUE
psd.cancer.gov,TRUE
blscompdataorigin1.bls.gov,TRUE
modoc.nsopw.gov,TRUE
tcamt.nist.gov,TRUE
tonkawa.nsopw.gov,TRUE
datapub.nist.gov,TRUE
pubmed-ncbi-nlm-nih-gov.proxy.lib.csus.edu,TRUE
pubmed-ncbi-nlm-nih-gov.proxy.library.maryville.edu,TRUE
ssapathways.usajobs.gov,TRUE
cms.bts.gov,TRUE
usff.usajobs.gov,TRUE
pvrw.nlr.gov,TRUE
rsc-prod.niaid.nih.gov,TRUE
wdc-usda--rfcie2ef01.sandbox.my.site.com,TRUE
fda.gov,TRUE
respondentst.bls.gov,TRUE
clintonwhitehouse2.archives.gov,TRUE
tadp.astrogeology.usgs.gov,TRUE
wise.er.usgs.gov,TRUE
nmssanctuarieseus2.azurewebsites.net,TRUE
www-fhwa-dot-gov.translate.goog,TRUE
194wg.ang.af.mil,TRUE
it.data.census.gov,TRUE
microbio.llnl.gov,TRUE
pubmed-ncbi-nlm-nih-gov.ez68.periodicos.capes.gov.br,TRUE
demographics.pre.militaryonesource.mil,TRUE
pmc-ncbi-nlm-nih-gov.ezproxy.med.nyu.edu,TRUE
opencsp.sandia.gov,TRUE
the-star.co.ke,TRUE
airsar.jpl.nasa.gov,TRUE
idcfdars.bls.gov,TRUE
immoafrica.net,TRUE
uts.awsprod.nlm.nih.gov,TRUE
firms-modaps-eosdis-nasa-gov.translate.goog,TRUE
pubs.er.usgs.gov,TRUE
fairchild.af.mil,TRUE
gulfportcrtc.ang.af.mil,TRUE
idp.pt.identitysandbox.gov,TRUE
respond-lab.app.cloud.gov,TRUE
sandbox.dpc.cms.gov,TRUE
recaptcha.net,TRUE
subcontractorheld.ornl.gov,TRUE
www-ecfr-gov.translate.goog,TRUE
acquia-test-fhwa.dot.gov,TRUE
gs674-iswaweb3.ccmc.gsfc.nasa.gov,TRUE
laboremploymenttraining.ornl.gov,TRUE
jtfgtmo.southcom.mil,TRUE
tesseract.af.mil,TRUE
capabilites-ornl-d10.pantheonsite.io,TRUE
cidr-webadmin.train.econ.census.gov,TRUE
pubmed-ncbi-nlm-nih-gov.szmc.portium.org,TRUE
yankton.nsopw.gov,TRUE
mcia.marines.mil,TRUE
pubmed-ncbi-nlm-nih-gov.ez47.periodicos.capes.gov.br,TRUE
qa.medlineplus.gov,TRUE
star.llnl.gov,TRUE
chitimacha.nsopw.gov,TRUE
gudid.preprod.fda.gov,TRUE
keystone.ndu.edu,TRUE
pmc-ncbi-nlm-nih-gov.docelec.univ-lyon1.fr,TRUE
alltricks.com,TRUE
jfklibrary-vlx4zzmlccipxsho1nmimoxazjxbbvyc.tugboatqa.com,TRUE
nswcpcd.usajobs.gov,TRUE
pmc-ncbi-nlm-nih-gov.gorgone.univ-toulouse.fr,TRUE
tse.bie.edu,TRUE
batsandwind.org,TRUE
cbptrade--iprp1.sandbox.my.site.com,TRUE
devens.armymwr.com,TRUE
gis.fema.gov,TRUE
pubmed-ncbi-nlm-nih-gov.ez433.periodicos.capes.gov.br,TRUE
pubmed-ncbi-nlm-nih-gov.ez46.periodicos.capes.gov.br,TRUE
pubmed-ncbi-nlm-nih-gov.libproxy.kangwon.ac.kr,TRUE
pubmed-ncbi-nlm-nih-gov.redeemer.idm.oclc.org,TRUE
azhrsauat1.amer.reisystems.com,TRUE
pmc-ncbi-nlm-nih-gov.ez.sun.ac.za,TRUE
pmc-ncbi-nlm-nih-gov.wku.idm.oclc.org,TRUE
iarc.fnal.gov,TRUE
jp.trip.com,TRUE
nps.nmfs.noaa.gov,TRUE
va.ornl.gov,TRUE
fbi-gov.one,TRUE
admin.ahrq.gov,TRUE
khaosod.co.th,TRUE
pubmed-ncbi-nlm-nih-gov.sagecolleges.idm.oclc.org,TRUE
coralreef.noaa.gov,TRUE
pmc-ncbi-nlm-nih-gov.husson.idm.oclc.org,TRUE
squaxinisland.nsopw.gov,TRUE
bds.bie.edu,TRUE
whbstewardship.blm.gov,TRUE
landweb.modaps.eosdis.nasa.gov,TRUE
lhncbc-portal.lhcaws-prod-pub.nlm.nih.gov,TRUE
mvpsonboard.cdc.gov,TRUE
pubmed-ncbi-nlm-nih-gov.ezproxy.vdu.lt,TRUE
household-survey-d.fdic.gov,TRUE
cms.marad.dot.gov,TRUE
gautamthakur.ornl.gov,TRUE
postcalcea.usps.com,TRUE
elyshoshonetribe.nsopw.gov,TRUE
pmc-ncbi-nlm-nih-gov.lsuhscno.idm.oclc.org,TRUE
pubmed-ncbi-nlm-nih-gov.uws.idm.oclc.org,TRUE
ipm.nist.gov,TRUE
srs.gov,TRUE
www-spaceweather-gov.translate.goog,TRUE
bnm.llnl.gov,TRUE
magazine-medlineplus-gov.translate.goog,TRUE
orslearn.pnnl.gov,TRUE
pmc-ncbi-nlm-nih-gov.ez3.periodicos.capes.gov.br,TRUE
clinicalinfo-nihodmeoprod.prod.acquia-sites.com,TRUE
gulfatlas.noaa.gov,TRUE
amp.eventbrite.es,TRUE
justices.ws,TRUE
nsidc-org.translate.goog,TRUE
www-usda-gov.translate.goog,TRUE
cms-drupal-intranet-prod.hhs.gov,TRUE
dod-civ-cool-review.s3.amazonaws.com,TRUE
pubmed-ncbi-nlm-nih-gov.ez79.periodicos.capes.gov.br,TRUE
lsg3.nlm.nih.gov,TRUE
edit.cisa.gov,TRUE
exemptedhmspermits.fisheries.noaa.gov,TRUE
gtb.nsopw.gov,TRUE
aphysics2.lanl.gov,TRUE
csdap-staging.ds.io,TRUE
erm.tahsda.org.tw,TRUE
ocean.weather.gov,TRUE
pubmed-ncbi-nlm-nih-gov.ezpdhcs.nt.gov.au,TRUE
umesc-gisdb03.er.usgs.gov,TRUE
ny.water.usgs.gov,TRUE
cybereffects.usajobs.gov,TRUE
pinnacle.ndu.edu,TRUE
profiles-explorer.cdc.gov,TRUE
collections-us-east-1.awsqa.nlm.nih.gov,TRUE
fqt2my.americorps.gov,TRUE
prime-contract.nlr.gov,TRUE
pubmed-ncbi-nlm-nih-gov.ezproxy.lib.uconn.edu,TRUE
securitymagazine.com,TRUE
vbasea.usajobs.gov,TRUE
www-nlpir.nist.gov,TRUE
wwwlink.cdc.gov,TRUE
amlis.osmre.gov,TRUE
hometreasurygov.netlify.app,TRUE
pubmed-ncbi-nlm-nih-gov.monash.idm.oclc.org,TRUE
archivesaotus.wpcomstaging.com,TRUE
pmc-ncbi-nlm-nih-gov.geihsl.idm.oclc.org,TRUE
site-app-9560--qa.sandbox.my.site.com,TRUE
parts.jpl.nasa.gov,TRUE
ashanti.bja.ojp.gov,TRUE
hhs.github.io,TRUE
pubmed-ncbi-nlm-nih-gov.ez83.periodicos.capes.gov.br,TRUE
pubmed-ncbi-nlm-nih-gov.sheffield.idm.oclc.org,TRUE
trials-staging.nci.nih.gov,TRUE
watervliet.armymwr.com,TRUE
juntos.gov,TRUE
pmc-ncbi-nlm-nih-gov.ez29.periodicos.capes.gov.br,TRUE
nuwckeyport.usajobs.gov,TRUE
pubmed-ncbi-nlm-nih-gov.libux.utmb.edu,TRUE
www-stopbullying-gov.translate.goog,TRUE
aser.llnl.gov,TRUE
pivot.fema.gov,TRUE
www97.dev04.imsweb.com,TRUE
pubmed-ncbi-nlm-nih-gov.wilkes.idm.oclc.org,TRUE
sinardaily.my,TRUE
nesdis.prod.acquia-sites.com,TRUE
pubmed-ncbi-nlm-nih-gov.cuanschutz.idm.oclc.org,TRUE
uptodate.com,TRUE
shapememory.grc.nasa.gov,TRUE
dbs.bie.edu,TRUE
migrate.earthdata.nasa.gov,TRUE
pubmed-ncbi-nlm-nih-gov.casper.idm.oclc.org,TRUE
pmc-ncbi-nlm-nih-gov.uplib.idm.oclc.org,TRUE
pubmed-ncbi-nlm-nih-gov.bibliochudequebec.idm.oclc.org,TRUE
pubmed-ncbi-nlm-nih-gov.dliproxy.kangwon.ac.kr,TRUE
fermiworks.fnal.gov,TRUE
www-star-nesdis-noaa-gov.translate.goog,TRUE
clinicalcommons-qa.ccdi.cancer.gov,TRUE
justiceus.us,TRUE
www-ncbi-nlm-nih-gov.kumc.idm.oclc.org,TRUE
pmc-ncbi-nlm-nih-gov.lmunet.idm.oclc.org,TRUE
pubmed-ncbi-nlm-nih-gov-ssl.libproxy.inje.ac.kr,TRUE
www-ncbi-nlm-nih-gov.consultaremota.upb.edu.co,TRUE
lop.gsa.gov,TRUE
research-stg.fs2c.usda.gov,TRUE
ck12.org,TRUE
idcfarsorigin1.bls.gov,TRUE
pmc-ncbi-nlm-nih-gov.eres.library.manoa.hawaii.edu,TRUE
stage.madeinamerica.gov,TRUE
theluxurycloset.com,TRUE
beacons.labworks.org,TRUE
cesdataorigin1.bls.gov,TRUE
chldata.erdc.dren.mil,TRUE
pmc-ncbi-nlm-nih-gov.ez69.periodicos.capes.gov.br,TRUE
chornobyltissuebank.cancer.gov,TRUE
cyote.inl.gov,TRUE
pubmed-ncbi-nlm-nih-gov.ezproxy.lib.ndsu.nodak.edu,TRUE
pubmed-ncbi-nlm-nih-gov.libproxy.berkeley.edu,TRUE
seer-cancer-gov.translate.goog,TRUE
ostc.marines.mil,TRUE
pubmed-ncbi-nlm-nih-gov.libproxykel.cgmh.org.tw,TRUE
shadowsedge.mil,TRUE
windriver.nsopw.gov,TRUE
safetydata.fra.dot.gov,TRUE
pubmed-ncbi-nlm-nih-gov.libproxy.changwon.ac.kr,TRUE
www-ncbi-nlm-nih-gov.treadwell.idm.oclc.org,TRUE
hudexchange.info,TRUE
av.startpage.com,TRUE
innovationcenter.cafc.uscourts.gov,TRUE
local.asf.alaska.edu,TRUE
staging.ppms.gov,TRUE
www-ncbi-nlm-nih-gov.libproxy.lib.unc.edu,TRUE
pubmed-ncbi-nlm-nih-gov.ezp.slu.edu,TRUE
ttx.epa.gov,TRUE
sedupdate.gsfc.nasa.gov,TRUE
jfklibrary.archives.gov,TRUE
pmc-ncbi-nlm-nih-gov.yale.idm.oclc.org,TRUE
ncpc.gov,TRUE
edna.usgs.gov,TRUE
idcfoewsorigin1.bls.gov,TRUE
mia-django-develop.app.cloud.gov,TRUE
powerapi.sandia.gov,TRUE
pubmed-ncbi-nlm-nih-gov.cedarcrestcollege.idm.oclc.org,TRUE
hydro.digitaltwin.labworks.org,TRUE
imagesense.ornl.gov,TRUE
pubmed-ncbi-nlm-nih-gov.iss.idm.oclc.org,TRUE
gsa-geo--geofl3dvp.sandbox.my.site.com,TRUE
saphire.inl.gov,TRUE
pubmed-ncbi-nlm-nih-gov.ez39.periodicos.capes.gov.br,TRUE
pmc-ncbi-nlm-nih-gov.us1.proxy.openathens.net,TRUE
pubmed-ncbi-nlm-nih-gov.proxy.biblioteche.unical.it,TRUE
srs.fs.usda.gov,TRUE
ucum.nlm.nih.gov,TRUE
comps-stage.aem-tx.com,TRUE
devlandfire.cr.usgs.gov,TRUE
ereplacementparts.com,TRUE
pmc-ncbi-nlm-nih-gov.ezproxy.bolton.ac.uk,TRUE
hhs.gov,TRUE
sw-eng.larc.nasa.gov,TRUE
www-ncbi-nlm-nih-gov.login.ezproxy.library.ualberta.ca,TRUE
basketball.com.au,TRUE
cerc.research.va.gov,TRUE
developer-ncsesweb-local.nsf.gov,TRUE
ecolibrary.sec.usace.army.mil,TRUE
narwhal.arc.nasa.gov,TRUE
potawatomi.nsopw.gov,TRUE
pubmed-ncbi-nlm-nih-gov.3bi.idm.oclc.org,TRUE
pubmed-ncbi-nlm-nih-gov.ezproxy.newcastle.edu.au,TRUE
www-ars-usda-gov.translate.goog,TRUE
psaap.llnl.gov,TRUE
cpcco.hanford.gov,TRUE
farmtoschoolcensus.fns.usda.gov,TRUE
pubmed.lasallebajio.elogim.com,TRUE
www-fs-usda-gov.translate.goog,TRUE
myplate-prd.kwaps.platform.usda.gov,TRUE
www-usmarshals-gov.translate.goog,TRUE
ebuy-test2.fas.gsa.gov,TRUE
fhfawwwstage.fhfa.gov,TRUE
pmc-ncbi-nlm-nih-gov.uaccess.univie.ac.at,TRUE
pubmed-ncbi-nlm-nih-gov.proxyone.lis.nsysu.edu.tw,TRUE
respondents.bls.gov,TRUE
overqc.sandia.gov,TRUE
radiate.fnal.gov,TRUE
www-ncbi-nlm-nih-gov.ezproxy.bu.edu,TRUE
pubmed-ncbi-nlm-nih-gov.tum-eaccess.de,TRUE
stage.grants.nih.gov,TRUE
workatferc.usajobs.gov,TRUE
colleeniversen.ornl.gov,TRUE
frtibrecruitment.usajobs.gov,TRUE
efilingapps.fec.gov,TRUE
pmc-ncbi-nlm-nih-gov.proxy2.library.illinois.edu,TRUE
pubmed-ncbi-nlm-nih-gov.mgs.jmc.ac.il,TRUE
iiimef.marines.mil,TRUE
fdp.astrogeology.usgs.gov,TRUE
kbs.bie.edu,TRUE
patentsview.org,TRUE
asrprod.ornl.gov,TRUE
coil.census.gov,TRUE
extapps.ksc.nasa.gov,TRUE
pubmed-ncbi-nlm-nih-gov.lillukka.samk.fi,TRUE
pzjexjiwextzexwveuy4-s-a2360.r1.duohuijixie.com,TRUE
rrd.bie.edu,TRUE
test-cdmrp.health.mil,TRUE
tmf.jpl.nasa.gov,TRUE
vms.fnal.gov,TRUE
glioma-biodp.nci.nih.gov,TRUE
pmc-ncbi-nlm-nih-gov.ejku.idm.oclc.org,TRUE
pmc-ncbi-nlm-nih-gov.qe2a-proxy.mun.ca,TRUE
toh.bie.edu,TRUE
netoff.co.jp,TRUE
pmc-ncbi-nlm-nih-gov.wwwproxy1.library.unsw.edu.au,TRUE
zfish.nichd.nih.gov,TRUE
api.patentsview.org,TRUE
oss.research.noaa.gov,TRUE
pubmed-ncbi-nlm-nih-gov.ez29.periodicos.capes.gov.br,TRUE
treasury-occ.usajobs.gov,TRUE
mor.lhcaws-stage-pub.nlm.nih.gov,TRUE
radar.epa.gov,TRUE
med-magazin.ua,TRUE
www-ndbc-noaa-gov.translate.goog,TRUE
pubmed-ncbi-nlm-nih-gov.ez.library.latrobe.edu.au,TRUE
geomine.osmre.gov,TRUE
cg-f7a6dbc1-b791-40b1-9eeb-e725679c82c9.sites.pages.cloud.gov,TRUE
devpki.treasury.gov,TRUE
lightmat.org,TRUE
ejje.weblio.jp,TRUE
lhcfhirtools.nlm.nih.gov,TRUE
mars-nasa-gov.translate.goog,TRUE
ktf.sandia.gov,TRUE
www-ncbi-nlm-nih-gov.ezp2.lib.umn.edu,TRUE
nccdphp.my.site.com,TRUE
pmc-ncbi-nlm-nih-gov.uchile.idm.oclc.org,TRUE
glamr.gsfc.nasa.gov,TRUE
mwp.usembassy.gov,TRUE
zazzle.fr,TRUE
ferretr.pmel.noaa.gov,TRUE
pmc-ncbi-nlm-nih-gov.cardiff.idm.oclc.org,TRUE
pmc-ncbi-nlm-nih-gov.library.capella.edu,TRUE
pubmed-ncbi-nlm-nih-gov.hbkulib.idm.oclc.org,TRUE
technologytransfer.health.mil,TRUE
forgedb.cancer.gov,TRUE
uat.nsopw.gov,TRUE
fspa.fnal.gov,TRUE
ntrs.staging.sti.appdat.jsc.nasa.gov,TRUE
pmc-ncbi-nlm-nih-gov.proxy.queensu.ca,TRUE
pps.bie.edu,TRUE
resilience.ccr.cancer.gov,TRUE
cms.volpe.dot.gov,TRUE
g20-org.translate.goog,TRUE
pfcu.ncua.gov,TRUE
pmc-ncbi-nlm-nih-gov.proxy.lib.wayne.edu,TRUE
pubmed-ncbi-nlm-nih-gov.ez93.periodicos.capes.gov.br,TRUE
pmc-ncbi-nlm-nih-gov.ezproxy.library.yorku.ca,TRUE
statepolicy.pre.militaryonesource.mil,TRUE
training.rocis.gov,TRUE
amspaces.state.gov,TRUE
datasearch.globe.gov,TRUE
pubmed-ncbi-nlm-nih-gov.mfu.idm.oclc.org,TRUE
gsavets.usajobs.gov,TRUE
pubmed-ncbi-nlm-nih-gov.mclibrary.idm.oclc.org,TRUE
pubmed-ncbi-nlm-nih-gov.springfieldcollege.idm.oclc.org,TRUE
stuff.co.za,TRUE
developer.uat.usajobs.gov,TRUE
ikndata.insurekidsnow.gov,TRUE
pmc-ncbi-nlm-nih-gov.ezproxy.lib.ou.edu,TRUE
pubmed-ncbi-nlm-nih-gov.mwu.idm.oclc.org,TRUE
locator-ice-gov.translate.goog,TRUE
psl-noaa-gov.translate.goog,TRUE
vaww.internet.staging.va.gov,TRUE
eventbrite.com,TRUE
lc-idm.llnl.gov,TRUE
pasteur.epa.gov,TRUE
pubmed-ncbi-nlm-nih-gov.ez33.periodicos.capes.gov.br,TRUE
pubmed-ncbi-nlm-nih-gov.felician.idm.oclc.org,TRUE
www-ojp-gov.translate.goog,TRUE
hydrogen.energy.gov,TRUE
pmc-ncbi-nlm-nih-gov.umasslowell.idm.oclc.org,TRUE
trainingorigin1.bls.gov,TRUE
clinicalcommons-stage.ccdi.cancer.gov,TRUE
energydashboard.energy.gov,TRUE
tes.com,TRUE
datasharingportal.usgs.gov,TRUE
pubmed-ncbi-nlm-nih-gov.ez280.periodicos.capes.gov.br,TRUE
wpafb.af.mil,TRUE
mytravel-test-ivv.elguardia.net,TRUE
pubmed-ncbi-nlm-nih-gov.proxy.campbell.edu,TRUE
www-fincen-gov.translate.goog,TRUE
hillrom.com,TRUE
jamboduka.the-star.co.ke,TRUE
tinker.af.mil,TRUE
mdctmfpval.cms.gov,TRUE
tac.nist.gov,TRUE
wis.erdc.dren.mil,TRUE
pubmed-ncbi-nlm-nih-gov.marist.idm.oclc.org,TRUE
pubmed-ncbi-nlm-nih-gov.proxy-bc.researchport.umd.edu,TRUE
www-ncbi-nlm-nih-gov.libproxy.nau.edu,TRUE
cpnireporting.gov,TRUE
pmc-ncbi-nlm-nih-gov.manchester.idm.oclc.org,TRUE
pubmed-ncbi-nlm-nih-gov.accesdistant.sorbonne-universite.fr,TRUE
pubmed-ncbi-nlm-nih-gov.proxysbauniss.idm.oclc.org,TRUE
cts.nlm.nih.gov,TRUE
nisqually.nsopw.gov,TRUE
pubmedpmc.uninavarra.elogim.com,TRUE
avss.osmre.gov,TRUE
oes.bie.edu,TRUE
connect.niehs.nih.gov,TRUE
pubmed-ncbi-nlm-nih-gov.isnb.idm.oclc.org,TRUE
spangdahlem.af.mil,TRUE
youth.int.air.org,TRUE
marinedebris-cms.orr.noaa.gov,TRUE
rapweb.jpl.nasa.gov,TRUE
cayuga.nsopw.gov,TRUE
contact.preprod.fda.gov,TRUE
genemed.nci.nih.gov,TRUE
tmsearch.live,TRUE
agoda.com,TRUE
data.nublado.org,TRUE
pmc-ncbi-nlm-nih-gov.kyorin.idm.oclc.org,TRUE
guangzhouinsider.info,TRUE
high-pressure.llnl.gov,TRUE
lhncbc.github.io,TRUE
testwebapps.nwfsc.noaa.gov,TRUE
www-ospo-noaa-gov.translate.goog,TRUE
asb.army.mil,TRUE
energetics.llnl.gov,TRUE
seed-platform.org,TRUE
stg.simplereport.gov,TRUE
vacationrenter.com,TRUE
atbcstudy.cancer.gov,TRUE
dercf.nlr.gov,TRUE
imp.edit.insurekidsnow.gov,TRUE
joltsdataorigin1.bls.gov,TRUE
trainingc.edit.irs.gov,TRUE
section508.gov,TRUE
csams.cdc.gov,TRUE
router-switch.com,TRUE
santodomingo.nsopw.gov,TRUE
survivalstatstools.cancer.gov,TRUE
acquia-stage1-fhwa.dot.gov,TRUE
cmec.llnl.gov,TRUE
pmc-ncbi-nlm-nih-gov.ezproxy.lakeheadu.ca,TRUE
vertex.daac.asf.alaska.edu,TRUE
ccsg15.navy.mil,TRUE
diy.ie,TRUE
vmsshare.nist.gov,TRUE
pubmed-ncbi-nlm-nih-gov.ezproxy2.utwente.nl,TRUE
test-open.ctsu.org,TRUE
ntp-niehs-nih-gov.translate.goog,TRUE
pubmed-ncbi-nlm-nih-gov.ez152.periodicos.capes.gov.br,TRUE
www-ncbi-nlm-nih-gov.dartmouth.idm.oclc.org,TRUE
rotc.llnl.gov,TRUE
www-navcen-uscg-gov.translate.goog,TRUE
www-niaid-nih-gov.translate.goog,TRUE
cerc.usgs.gov,TRUE
detectors.fnal.gov,TRUE
ozonewatch-gsfc-nasa-gov.translate.goog,TRUE
pubmed-ncbi-nlm-nih-gov.ez89.periodicos.capes.gov.br,TRUE
aiois.com,TRUE
contenthub.llnl.gov,TRUE
gcn.militaryonesource.mil,TRUE
nosced-oceanservice-as-uat.azurewebsites.net,TRUE
filehippo.com,TRUE
reach.gov,TRUE
seatool.epa.gov,TRUE
www-foia-gov.translate.goog,TRUE
hes.bie.edu,TRUE
mtp.ccr.cancer.gov,TRUE
osmc.noaa.gov,TRUE
pmc-ncbi-nlm-nih-gov.proxy1.lib.trentu.ca,TRUE
pubmed-ncbi-nlm-nih-gov.einsteinmed.idm.oclc.org,TRUE
pubmed-ncbi-nlm-nih-gov.suproxy.idm.oclc.org,TRUE
ies.ed.gov.qipservices.com,TRUE
nccoe-devsecops-b73ab9.ipages.nist.gov,TRUE
pubmed-ncbi-nlm-nih-gov.pallas2.tcl.sc.edu,TRUE
cesdatad.bls.gov,TRUE
gdo-dcp.ucllnl.org,TRUE
gml-noaa-gov.translate.goog,TRUE
gpsslvpn.mednet.ucla.edu,TRUE
thehandbook.com,TRUE
www-ncbi-nlm-nih-gov.proxy3.library.mcgill.ca,TRUE
hl7v2-elr-testing.nist.gov,TRUE
magis.fnal.gov,TRUE
jds.bie.edu,TRUE
mia-django-stage.app.cloud.gov,TRUE
nde.larc.nasa.gov,TRUE
opmcarrier.b2clogin.com,TRUE
pebblescout.ncbi.nlm.nih.gov,TRUE
pmc-ncbi-nlm-nih-gov.edlibproxy.flysheet.com.tw,TRUE
workspace--wsdv1dvn.sandbox.my.site.com,TRUE
r1.genedigtech.cloud,TRUE
dq-plotbrowser-ui.svcs.arm.gov,TRUE
gulflink.osd.mil,TRUE
neo-bolide.ndc.nasa.gov,TRUE
pubmed-ncbi-nlm-nih-gov.amherst.idm.oclc.org,TRUE
ecorr.uat.dice.census.gov,TRUE
flokq.com,TRUE
grandcanyon.usgs.gov,TRUE
www-hiv-gov.translate.goog,TRUE
dcc-app-serviceuat.studentaid.gov,TRUE
pubmed-ncbi-nlm-nih-gov.altais.uniud.it,TRUE
www-ncbi-nlm-nih-gov.laneproxy.stanford.edu,TRUE
latamfintech.co,TRUE
pmc-ncbi-nlm-nih-gov.bases-doc.univ-lorraine.fr,TRUE
cms.csrc.nist.gov,TRUE
spec.jpl.nasa.gov,TRUE
ton.bie.edu,TRUE
appeears.sdbx-3.earthdatacloud.nasa.gov,TRUE
digital-gov-drupal-prod.app.cloud.gov,TRUE
pubmed-ncbi-nlm-nih-gov.remote.uwosh.edu,TRUE
charlie.sam.gov,TRUE
federalist-466b7d92-5da1-4208-974f-d61fd4348571.sites.pages.cloud.gov,TRUE
pubmed-ncbi-nlm-nih-gov.ez40.periodicos.capes.gov.br,TRUE
general-qa.datacommons.cancer.gov,TRUE
getscot.sandia.gov,TRUE
pubmed-ncbi-nlm-nih-gov.ezproxy.univ-artois.fr,TRUE
d10.qa.bush41library.gov,TRUE
ost-liaison.doe.gov,TRUE
pubmed-ncbi-nlm-nih-gov.ezproxy.libraries.wright.edu,TRUE
mdcms.orr.noaa.gov,TRUE
pubmed-ncbi-nlm-nih-gov.ez94.periodicos.capes.gov.br,TRUE
apwheele.github.io,TRUE
fasusdagov.stg.platform.usda.gov,TRUE
origin-uat.arpa-h.gov,TRUE
staging-health.mil,TRUE
wdc-usda--rfrcdevs17.sandbox.my.site.com,TRUE
pmc-ncbi-nlm-nih-gov.srv-proxy1.library.tamu.edu,TRUE
pubmed-ncbi-nlm-nih-gov.ezproxy.uct.ac.za,TRUE
blackridgeresearch.com,TRUE
egptraining.wildfire.gov,TRUE
ramstein.af.mil,TRUE
pmc-ncbi-nlm-nih-gov.ccl.idm.oclc.org,TRUE
pmc.ncbi.nlm.nih.govhttps,TRUE
www-26.nifc.gov,TRUE
www-ncbi-nlm-nih-gov.ezproxylr.med.und.edu,TRUE
bffc9f.claudeassets.com,TRUE
confluence.imp.cms.gov,TRUE
content.prod.sba.gov,TRUE
diegogarcia.tricare.mil,TRUE
pmc-ncbi-nlm-nih-gov.ez43.periodicos.capes.gov.br,TRUE
pmc-ncbi-nlm-nih-gov.ez49.periodicos.capes.gov.br,TRUE
boscovs.com,TRUE
imp.openpaymentsdata.cms.gov,TRUE
pmc-ncbi-nlm-nih-gov.smu.remotexs.co,TRUE
stage-cwpm.cwigng.com,TRUE
vets4212.dol.gov,TRUE
life.oricon.co.jp,TRUE
uat.crimesolutions.ojp.gov,TRUE
wildcats.com.au,TRUE
blast-ncbi-nlm-nih-gov.gorgone.univ-toulouse.fr,TRUE
glovis-cloud.usgs.gov,TRUE
albany.marines.mil,TRUE
networx-billing-pricer.eos.gsa.gov,TRUE
ofccp-apps.dol.gov,TRUE
staff.mariamalawadhi.com,TRUE
staging.flag.dol.gov,TRUE
www-ncbi-nlm-nih-gov.ezproxy.library.wur.nl,TRUE
pubmed-ncbi-nlm-nih-gov.icom.idm.oclc.org,TRUE
pubmed-ncbi-nlm-nih-gov.libproxy.ncyu.edu.tw,TRUE
www-ncbi-nlm-nih-gov.eres.library.manoa.hawaii.edu,TRUE
minot.af.mil,TRUE
epact2.gsfc.nasa.gov,TRUE
gutenpress.ornl.gov,TRUE
rd.stg.platform.usda.gov,TRUE
computersforlearning.gov,TRUE
arsstaging.arsnet.usda.gov,TRUE
pubmed-ncbi-nlm-nih-gov.oaklandcc.idm.oclc.org,TRUE
reaganlibrary.gov,TRUE
icsdvweb.aws.epa.gov,TRUE
lforms-service-vip.nlm.nih.gov,TRUE
dev-tsdr.etc.uspto.gov,TRUE
fixity-check.blogs.archives.gov,TRUE
gmd-prod.cmdl.noaa.gov,TRUE
omb-clearance.nci.nih.gov,TRUE
poca.preprod.fda.gov,TRUE
www25.dev14.imsweb.com,TRUE
dev-drc-usadata.opm.gov,TRUE
internal-trademarkcenter.uspto.gov,TRUE
scatlaslc.ccr.cancer.gov,TRUE
snengs.nichd.nih.gov,TRUE
vn.trip.com,TRUE
ang.af.mil,TRUE
ctprs-prs-web--next-20.ocpdev-be.p2gate.ncbi.nlm.nih.gov,TRUE
edit.staging.fema.gov,TRUE
apqry.llnl.gov,TRUE
farm.sandia.gov,TRUE
breachforums.ic3.gov,TRUE
pubmed-ncbi-nlm-nih-gov.ez292.periodicos.capes.gov.br,TRUE
www-fas-usda-gov.translate.goog,TRUE
catalog-nlm-nih-gov.mohvl-p.myloft.xyz,TRUE
exploregwas.cancer.gov,TRUE
sit.geoplatform.info,TRUE
www25.dev06.imsweb.com,TRUE
discovery.larc.nasa.gov,TRUE
tsapps-t.nist.gov,TRUE
www-ncbi-nlm-nih-gov.erm.vghks.gov.tw,TRUE
cris-custsvc-stage.apps.k8s-ext.uscis.dhs.gov,TRUE
guide.llnl.gov,TRUE
ihe-pcd.nist.gov,TRUE
pmc-ncbi-nlm-nih-gov.libproxy.helsinki.fi,TRUE
zazzle.co.nz,TRUE
drupal11.lndo.site,TRUE
pmc-ncbi-nlm-nih-gov.insubria.idm.oclc.org,TRUE
pubmed-ncbi-nlm-nih-gov.scclosrios.idm.oclc.org,TRUE
www-cpsc-gov.translate.goog,TRUE
wwwncstage.cdc.gov,TRUE
jes.bie.edu,TRUE
pmc-ncbi-nlm-nih-gov.ez22.periodicos.capes.gov.br,TRUE
pmc-ncbi-nlm-nih-gov.ressources-electroniques.univ-lille.fr,TRUE
stage.nrs-msg.com,TRUE
jota.info,TRUE
pscc.army.mil,TRUE
www-ncbi-nlm-nih-gov.udea.lookproxy.com,TRUE
dpac.war.gov,TRUE
www-af-mil.translate.goog,TRUE
ecps-ext-stg.niaid.nih.gov,TRUE
hg-review.communicatehealth.com,TRUE
pubmed-ncbi-nlm-nih-gov.alliant.idm.oclc.org,TRUE
pubmed-ncbi-nlm-nih-gov.usfhl.idm.oclc.org,TRUE
rasopathies.cancer.gov,TRUE
nellis.af.mil,TRUE
clean-air.sandia.gov,TRUE
greacen.com,TRUE
icor-uat.eoir.justice.gov,TRUE
leaf.llnl.gov,TRUE
hanscom.af.mil,TRUE
nibib.nih.gov,TRUE
app-usadata-d-001.azurewebsites.net,TRUE
cmdb.ertcorp.com,TRUE
d198e9qw677zqt.cloudfront.net,TRUE
nioshsciencepolicy.cdc.gov,TRUE
uat.bja.ojp.gov,TRUE
contractorassurance.fnal.gov,TRUE
pubmed-ncbi-nlm-nih-gov.journals.parlowlibrary.org,TRUE
pubmed-ncbi-nlm-nih-gov.tcsw.tzuchi-healthcare.org.tw,TRUE
www-ncbi-nlm-nih-gov.proxy.cau.ac.kr,TRUE
dev-health.mil,TRUE
wndr-dev-linux-eastus-as.azurewebsites.net,TRUE
blast-ncbi-nlm-nih-gov.cardiff.idm.oclc.org,TRUE
clinical.datacommons.cancer.gov,TRUE
pmc-ncbi-nlm-nih-gov.libproxy.umflint.edu,TRUE
www-centcom-mil.translate.goog,TRUE
authorarranger.nci.nih.gov,TRUE
pmc-ncbi-nlm-nih-gov.easyaccess2.lib.cuhk.edu.hk,TRUE
pmc-ncbi-nlm-nih-gov.uproxy.library.dc-uoit.ca,TRUE
temp-staging.usaspending.gov,TRUE
api.bls.gov,TRUE
ncsacw-test-static.acf.gov,TRUE
pmc-ncbi-nlm-nih-gov.libraryproxy.harding.edu,TRUE
stg-intranethhs.cloud.hhs.gov,TRUE
workspace--wsfl2uatp.sandbox.my.site.com,TRUE
intranet.nicic.gov,TRUE
pmc-ncbi-nlm-nih-gov.ez54.periodicos.capes.gov.br,TRUE
uts.awsqa.nlm.nih.gov,TRUE
www-ic3-gov.translate.goog,TRUE
economicimpact.fnal.gov,TRUE
wicbreastfeeding.fns.usda.gov,TRUE
dover.af.mil,TRUE
pmc-ncbi-nlm-nih-gov.sheffield.idm.oclc.org,TRUE
pmc-ncbi-nlm-nih-gov.univaq.idm.oclc.org,TRUE
wwtg.gov,TRUE
efast.dol.gov,TRUE
gashydrates.nist.gov,TRUE
mc-a3a84cd4-6d24-49bb-b3f6-783626-cm.azurewebsites.net,TRUE
qis.fnal.gov,TRUE
ccdi-qa.cancer.gov,TRUE
ctprs-prs-web--feature-angular-16-upgrade.ocpdev-be.p2gate.ncbi.nlm.nih.gov,TRUE
pubmed-ncbi-nlm-nih-gov.virtual.anu.edu.au,TRUE
seasonaljobs-dol-gov.translate.goog,TRUE
vpn-cms.ncep.noaa.gov,TRUE
aviano.af.mil,TRUE
broadbandusa.prod.acquia-sites.com,TRUE
bts.dot.gov,TRUE
cyberreports.ncua.gov,TRUE
flag-dol-gov.translate.goog,TRUE
interact.gsa.gov,TRUE
pmc-ncbi-nlm-nih-gov.libproxy.unm.edu,TRUE
pmc-ncbi-nlm-nih-gov.tsukuba.idm.oclc.org,TRUE
agromania.com.br,TRUE
arctic.labworks.org,TRUE
pmc-ncbi-nlm-nih-gov.nukweb.nuk.uni-lj.si,TRUE
www-opm-gov.translate.goog,TRUE
140.90.132.90,TRUE
dotcms.fra.dot.gov,TRUE
140.90.132.91,TRUE
audiobookstore.com,TRUE
hpcnihapps.cit.nih.gov,TRUE
maaal.com,TRUE
om.cmdl.noaa.gov,TRUE
pmc-ncbi-nlm-nih-gov.ez280.periodicos.capes.gov.br,TRUE
cds.bie.edu,TRUE
gwm-stage.gsfc.nasa.gov,TRUE
pubmed-ncbi-nlm-nih-gov.ezproxy.gac.edu,TRUE
research.iowa-city.med.va.gov,TRUE
pmc-ncbi-nlm-nih-gov.ezproxy.uniroma1.it,TRUE
storage.googleapis.com,TRUE
gs618-glihtl1.ndc.nasa.gov,TRUE
pmc-ncbi-nlm-nih-gov.ep.bib.mdh.se,TRUE
prod-02-asg-www-swpc.woc.noaa.gov,TRUE
stagetestdomain.nih.gov,TRUE
macdill.af.mil,TRUE
205.156.8.215,TRUE
ccr-cancer-gov.translate.goog,TRUE
dus.jpl.nasa.gov,TRUE
pmc-ncbi-nlm-nih-gov.dartmouth.idm.oclc.org,TRUE
pubmed-ncbi-nlm-nih-gov.proxy.mul.missouri.edu,TRUE
pmc-ncbi-nlm-nih-gov.ezproxy2.library.drexel.edu,TRUE
tcs.bie.edu,TRUE
jfklibrary-tkp6ufhlzeanupogw11zg9ecz7xtgbt1.tugboatqa.com,TRUE
140.90.78.249,TRUE
ahrpo.army.mil,TRUE
ais-usvisa--info-com.translate.goog,TRUE
ethicssao.od.nih.gov,TRUE
ies.inl.gov,TRUE
nairratdoe.ornl.gov,TRUE
pubmed-ncbi-nlm-nih-gov.proxy2-bib.sdu.dk,TRUE
pubmed-ncbi-nlm-nih-gov.uis.idm.oclc.org,TRUE
pubmed-ncbi-nlm-nih-gov.yaffe.portium.org,TRUE
rsec.sandia.gov,TRUE
safety.navy.afpims.mil,TRUE
129.164.142.42,TRUE
blast-ncbi-nlm-nih-gov.nottingham.idm.oclc.org,TRUE
ceb.bie.edu,TRUE
mynasadata-larc-nasa-gov.translate.goog,TRUE
nasacentral--merge.sandbox.my.site.com,TRUE
uts-green.nlm.nih.gov,TRUE
www-ncbi-nlm-nih-gov.proxy1.library.jhu.edu,TRUE
yourdiabetescompass.cdc.gov,TRUE
manuscriptclearance.nlm.nih.gov,TRUE
ninds-intranet.lndo.site,TRUE
stage.armytenmiler.com,TRUE
training.dlhwc.dol.gov,TRUE
wills.co.jp,TRUE
beale.af.mil,TRUE
52.6.8.53,TRUE
ccrhb.od.nih.gov,TRUE
dmp.cr.usgs.gov,TRUE
monshoppingcestcalais.fr,TRUE
pmc-ncbi-nlm-nih-gov.srv-proxy2.library.tamu.edu,TRUE
pubmed-ncbi-nlm-nih-gov.ez127.periodicos.capes.gov.br,TRUE
scixplorer.org,TRUE
blog-cms.response.restoration.noaa.gov,TRUE
emissary.edgenuity.com,TRUE
ia-prod.ahrq.gov,TRUE
lancasterpuppies.com,TRUE
opfee.ncua.gov,TRUE
pmc-ncbi-nlm-nih-gov.easyaccess1.lib.cuhk.edu.hk,TRUE
pmc-ncbi-nlm-nih-gov.libproxy.nau.edu,TRUE
100.68.17.85,TRUE
100.68.17.89,TRUE
guest.hescore.labworks.org,TRUE
macleans.ca,TRUE
pmc-ncbi-nlm-nih-gov.ez76.periodicos.capes.gov.br,TRUE
test-nbdc-biobank.nida.nih.gov,TRUE
watersportsoutlet.com.au,TRUE
getguru.com,TRUE
gnis.usgs.gov,TRUE
origin-east-wordpress-photolib.woc.noaa.gov,TRUE
pmc-ncbi-nlm-nih-gov.ez45.periodicos.capes.gov.br,TRUE
pubmed-ncbi-nlm-nih-gov.ez317.periodicos.capes.gov.br,TRUE
redtop.fnal.gov,TRUE
retirees.fnal.gov,TRUE
100.68.17.90,TRUE
narac-beta.llnl.gov,TRUE
pubmed-ncbi-nlm-nih-gov.ez116.periodicos.capes.gov.br,TRUE
conexus-cert.gsa.gov,TRUE
prod-erma-ui.orr.noaa.gov,TRUE
pubmed-ncbi-nlm-nih-gov.proxy.mtholyoke.edu,TRUE
validacion-embassygob1.com,TRUE
www-doi-gov.translate.goog,TRUE
cameo.noaa.gov,TRUE
msc.navy.afpims.mil,TRUE
pmc-ncbi-nlm-nih-gov.foyer.swmed.edu,TRUE
rivers.gov,TRUE
sabapp.epa.gov,TRUE
www-ncbi-nlm-nih-gov.ez.urosario.edu.co,TRUE
pmc-ncbi-nlm-nih-gov.ez67.periodicos.capes.gov.br,TRUE
pubmed-ncbi-nlm-nih-gov.medi.swissconsortium.ch,TRUE
broadbandusa.ntia.doc.gov,TRUE
pmc-ncbi-nlm-nih-gov.autorpa.tcu.edu.tw,TRUE
pubmed-ncbi-nlm-nih-gov-ssl.proxy.bohun.or.kr,TRUE
140.90.78.254,TRUE
csms-uat.nci.nih.gov,TRUE
justiceadj.com,TRUE
pmc-ncbi-nlm-nih-gov.libproxy.dju.ac.kr,TRUE
pubmed-ncbi-nlm-nih-gov.libproxy.uams.edu,TRUE
pubmed-ncbi-nlm-nih-gov.vmed-ezproxy.lsu.edu,TRUE
hothcd1.tricare.mil,TRUE
ops.ems.eosdis.nasa.gov,TRUE
pmc-ncbi-nlm-nih-gov.beilinson.portium.org,TRUE
api.ncbi.nlm.nih.gov,TRUE
dev-dataview.ncbi.nlm.nih.gov,TRUE
pubmed-ncbi-nlm-nih-gov.db.ub.oru.se,TRUE
pubmed-ncbi-nlm-nih-gov.libproxy.sungshin.ac.kr,TRUE
stage.oig.justice.gov,TRUE
usebounce.com,TRUE
armyacquisition.usajobs.gov,TRUE
monash.figshare.dev,TRUE
pmc-ncbi-nlm-nih-gov.buadistant.univ-angers.fr,TRUE
sharingtheatom.com,TRUE
100.68.17.18,TRUE
computing-staging.llnl.gov,TRUE
federalist-e3fba26d-2806-4f02-bf0e-89c97cfba93c.sites.pages.cloud.gov,TRUE
140.90.132.92,TRUE
dvagov-etva-portal.powerappsportals.us,TRUE
eddataexpress.stage.ed.gov,TRUE
edit.fdic.gov,TRUE
gis.hhs.gov,TRUE
nist.gov,TRUE
pubmed-ncbi-nlm-nih-gov.unr.idm.oclc.org,TRUE
brfssdatasubmission.cdc.gov,TRUE
childrensissues.travel.his.com,TRUE
deajobs.usajobs.gov,TRUE
hl7v2tools.nist.gov,TRUE
joshmichener.ornl.gov,TRUE
mashvisor.com,TRUE
pmc-ncbi-nlm-nih-gov.bengurionu.idm.oclc.org,TRUE
pubmed-ncbi-nlm-nih-gov.ezproxy.ub.unimaas.nl,TRUE
r2.genedigtech.cloud,TRUE
datadashboard.preprod.fda.gov,TRUE
pmc-ncbi-nlm-nih-gov.ezproxy.neu.edu,TRUE
stage.nigms.nih.gov,TRUE
100.68.17.86,TRUE
blm--uat.sandbox.my.site.com,TRUE
drupal-preview.goesr.woc.noaa.gov,TRUE
power-larc-nasa-gov.translate.goog,TRUE
preprod.dcp.psc.gov,TRUE
pubmed-ncbi-nlm-nih-gov.colorado.idm.oclc.org,TRUE
acis-qc.noe.eoir.usdoj.gov,TRUE
cfpub1.epa.gov,TRUE
pmc-ncbi-nlm-nih-gov.ez16.periodicos.capes.gov.br,TRUE
uts-qa.nlm.nih.gov,TRUE
www-ncbi-nlm-nih-gov.proxy.lib.uiowa.edu,TRUE
www50-scan.imsweb.com,TRUE
pac.fnal.gov,TRUE
pubmed-ncbi-nlm-nih-gov.proxy-tu.researchport.umd.edu,TRUE
bep.usajobs.gov,TRUE
ngms.llnl.gov,TRUE
blast-ncbi-nlm-nih-gov.translate.goog,TRUE
gfl-dmidit.cr.usgs.gov,TRUE
liveworksheets.com,TRUE
sorext.epa.gov,TRUE
tm.mwp.usembassy.gov,TRUE
magatreasury.com,TRUE
portageohvets.gov,TRUE
pubmed-ncbi-nlm-nih-gov.ezproxy.universitetetioslo.no,TRUE
www-ncbi-nlm-nih-gov.jumper.tmu.edu.tw,TRUE
www-ncbi-nlm-nih-gov.libproxy.temple.edu,TRUE
infotracer.com,TRUE
nerdwallet.com,TRUE
pintra51.epa.gov,TRUE
pmc-ncbi-nlm-nih-gov.ez.library.latrobe.edu.au,TRUE
pubmed-ncbi-nlm-nih-gov.bzpflege.swissconsortium.ch,TRUE
pubmed-ncbi-nlm-nih-gov.rossuniversity.idm.oclc.org,TRUE
www-ncbi-nlm-nih-gov.pc124152.oulu.fi,TRUE
mdctcartsval.cms.gov,TRUE
vsaccollab.nlm.nih.gov,TRUE
fedpay.gss.gsa.gov,TRUE
kaina24.lt,TRUE
opa-hhs-gov.translate.goog,TRUE
pubmed-ncbi-nlm-nih-gov.ezproxy.hnu.de,TRUE
www-ncbi-nlm-nih-gov.umlwrha.idm.oclc.org,TRUE
aotus11.blogs.archives.gov,TRUE
caninecommons.cancer.gov,TRUE
erscareers.usajobs.gov,TRUE
eric-ed-gov.libproxy.highpoint.edu,TRUE
pubmed-ncbi-nlm-nih-gov.ksa.swissconsortium.ch,TRUE
uat.nij.ojp.gov,TRUE
usaspending.qa01.dtas.ts.aws.frb.pvt,TRUE
140.90.78.246,TRUE
sbir-cms.cancer.gov,TRUE
sparc-arch.pnnl.gov,TRUE
squaremeal.co.uk,TRUE
www-ncbi-nlm-nih-gov.proxy.library.emory.edu,TRUE
hl7v2-lab-r2-testing.nist.gov,TRUE
nwrfc.l.noaa.gov,TRUE
pmc-ncbi-nlm-nih-gov.proxy-ln.researchport.umd.edu,TRUE
70423e.claudeassets.com,TRUE
opss.fnal.gov,TRUE
pmc-ncbi-nlm-nih-gov.ezproxy-prd.bodleian.ox.ac.uk,TRUE
pmc-ncbi-nlm-nih-gov.spclib.idm.oclc.org,TRUE
pnnl.icims.com,TRUE
pubmed-ncbi-nlm-nih-gov.ez31.periodicos.capes.gov.br,TRUE
curate.ccr.cancer.gov,TRUE
gatsby-preview-prod.cwigng.com,TRUE
lbjlibrary.archives.gov,TRUE
nhc-vm-nhcwebdev02.nhc.noaa.gov,TRUE
pmc-ncbi-nlm-nih-gov.mc.opal-libraries.org,TRUE
pubmed-ncbi-nlm-nih-gov.ric.idm.oclc.org,TRUE
travel.reporting.gov,TRUE
companyprofiles.imp.healthcare.gov,TRUE
pubmed-ncbi-nlm-nih-gov.plymouth.idm.oclc.org,TRUE
bat.edit.irs.gov,TRUE
gap.tbportals.niaid.nih.gov,TRUE
mhs,TRUE
mids.er.usgs.gov,TRUE
pmc-ncbi-nlm-nih-gov.ezproxy.uvm.edu,TRUE
pmc-ncbi-nlm-nih-gov.libdata.lib.ua.edu,TRUE
pubmed-ncbi-nlm-nih-gov.libproxy.chosun.ac.kr,TRUE
sds.bie.edu,TRUE
nwrfc.noaa.gov,TRUE
afriex.com,TRUE
pmc-ncbi-nlm-nih-gov.ezproxy.lib.torontomu.ca,TRUE
staging.arl.noaa.gov,TRUE
www-nssl-noaa-gov.translate.goog,TRUE
ab2d.cms.gov,TRUE
acmc.marines.mil,TRUE
casa.sandia.gov,TRUE
sc-uat.emsl.pnnl.gov,TRUE
gadras.sandia.gov,TRUE
pmc-ncbi-nlm-nih-gov.proxy2.library.ohio.edu,TRUE
pubmed-ncbi-nlm-nih-gov.lgproxy.unicoc.edu.co,TRUE
pubmed-ncbi-nlm-nih-gov.libproxy.stfx.ca,TRUE
pubswh-devchs.snafu.cr.usgs.gov,TRUE
wetlandassessment.epa.gov,TRUE
www-ncbi-nlm-nih-gov.ezproxy.unibo.it,TRUE
pubmed-ncbi-nlm-nih-gov.ez80.periodicos.capes.gov.br,TRUE
scicolloq.gsfc.nasa.gov,TRUE
www-foodsafety-gov.translate.goog,TRUE
pubmed-ncbi-nlm-nih-gov.oregonstate.idm.oclc.org,TRUE
stg-newborn.cloud.hhs.gov,TRUE
blast-ncbi-nlm-nih-gov.eproxy.lib.hku.hk,TRUE
d19nqo2wnoa42o.cloudfront.net,TRUE
marforspace.marines.mil,TRUE
pmc-ncbi-nlm-nih-gov.ezproxy.uniandes.edu.co,TRUE
respiraconcalma.com,TRUE
aeroportal.nlr.gov,TRUE
bayut.eg,TRUE
femi.ornl.gov,TRUE
openid-foundation-japan.github.io,TRUE
uswds.18f.org,TRUE
helpspanish.cbp.gov,TRUE
form-survey-yqh5.vercel.app,TRUE
impl.dur.cms.gov,TRUE
testint.cisa.gov,TRUE
akaqa2-ion-hhs.gov,TRUE
tns.bie.edu,TRUE
bugs.sit.earthdata.nasa.gov,TRUE
cms-sesjobs.usajobs.gov,TRUE
croatianbureauofstatistics.github.io,TRUE
infraforge.ai,TRUE
spi-data.bjs.ojp.gov,TRUE
apps.pre.militaryonesource.mil,TRUE
devpki.treas.gov,TRUE
science.mtchs.org,TRUE
seer-cancer.st.uat.imsweb.com,TRUE
aim.nlr.gov,TRUE
hvo.wr.usgs.gov,TRUE
pubmed-ncbi-nlm-nih-gov.libraryresources.columbiasouthern.edu,TRUE
sis.bie.edu,TRUE
worldview.sit.earthdata.nasa.gov,TRUE
www-ncbi-nlm-nih-gov.recursosbiblioteca.unab.cl,TRUE
akaqa3-ion-hhs.gov,TRUE
dispatcher.1.stage.tsg.aws.reingoldms.com,TRUE
meshondemand.nlm.nih.gov,TRUE
pmc-ncbi-nlm-nih-gov.albanymed.idm.oclc.org,TRUE
pubmed-ncbi-nlm-nih-gov.cdrewu.idm.oclc.org,TRUE
acc.fiscal.treasury.gov,TRUE
blast-ncbi-nlm-nih-gov.ezproxy.library.wisc.edu,TRUE
dice.inl.gov,TRUE
ehc-stage.ahrq.gov,TRUE
pubmed-ncbi-nlm-nih-gov.iclibezp1.cc.ic.ac.uk,TRUE
pubmed-ncbi-nlm-nih-gov.wku.idm.oclc.org,TRUE
va.water.usgs.gov,TRUE
pendleton.marines.mil,TRUE
aseeralkotb.com,TRUE
invention-stage.nasawestprime.com,TRUE
netspublic.grc.nasa.gov,TRUE
sys2.cloud.benefeds.com,TRUE
mcasiwakunijp.marines.mil,TRUE
eric-ed-gov.caiuipr.idm.oclc.org,TRUE
pmc-ncbi-nlm-nih-gov.ezproxy.library.uvic.ca,TRUE
www-ncbi-nlm-nih-gov.libproxy.ks.ac.kr,TRUE
angela-smithers.github.io,TRUE
uat.oceantoday.noaa.gov,TRUE
cosmicopia.gsfc.nasa.gov,TRUE
joltsdatad.bls.gov,TRUE
wits3-public-pricer.eos.gsa.gov,TRUE
www-ncbi-nlm-nih-gov.unimib.idm.oclc.org,TRUE
blscompdatad.bls.gov,TRUE
emissivity.jpl.nasa.gov,TRUE
pmc-ncbi-nlm-nih-gov.libproxy.kongju.ac.kr,TRUE
pubmed-1ncbi-1nlm-1nih-1gov-19f86kule0069.han.cmkp.edu.pl,TRUE
sample.mwp.usembassy.gov,TRUE
skin.software,TRUE
www-ncbi-nlm-nih-gov.ezproxy.cul.columbia.edu,TRUE
corporatecuonline.ncua.gov,TRUE
iho-machc.org,TRUE
lforms-smart-fhir.nlm.nih.gov,TRUE
www-ncbi-nlm-nih-gov.autorpa.tcu.edu.tw,TRUE
www-ptsd-va-gov.translate.goog,TRUE
pmc-ncbi-nlm-nih-gov.ezproxy.msvu.ca,TRUE
pmc-ncbi-nlm-nih-gov.uaeu.idm.oclc.org,TRUE
qa.acquisition.gov,TRUE
snapshot2024.atsdr.cdc.gov,TRUE
cl.gsfc.nasa.gov,TRUE
people-update.llnl.gov,TRUE
staging.stb.gov,TRUE
dev-tracieweb.rocbis.com,TRUE
dfba.mil,TRUE
mia-django-devops.app.cloud.gov,TRUE
pubmed-ncbi-nlm-nih-gov.liblink.uncw.edu,TRUE
beta-econ.sns-beta.com,TRUE
china-cn.mwp.usembassy.gov,TRUE
oneleafhealth.com,TRUE
pubmed-ncbi-nlm-nih-gov.pcjic.basesdedatosezproxy.com,TRUE
safety.af.mil,TRUE
10321oh632tu3ovqwqlt7.15.204.116.29.my.local-ip.co,TRUE
ci.csdap-staging.ds.io,TRUE
pubmed-ncbi-nlm-nih-gov.libezproxy.must.edu.mo,TRUE
www-ncbi-nlm-nih-gov.lib-proxy.fullerton.edu,TRUE
www-nei-nih-gov.translate.goog,TRUE
dev-faa.gov,TRUE
eggrt-prod.aws.epa.gov,TRUE
gis1.usgs.gov,TRUE
idp.katherine.identitysandbox.gov,TRUE
kyeb-admin.jdc.ao.dcn,TRUE
mdctcarts.cms.gov,TRUE
pmc-ncbi-nlm-nih-gov.db.ub.oru.se,TRUE
pmc-ncbi-nlm-nih-gov.ez46.periodicos.capes.gov.br,TRUE
pmc-ncbi-nlm-nih-gov.libezp.lib.lsu.edu,TRUE
pubmed-ncbi-nlm-nih-gov.ez87.periodicos.capes.gov.br,TRUE
www527.dev06.imsweb.com,TRUE
sfa.ird.nmc.luna.nasa.gov,TRUE
moody.af.mil,TRUE
pmc-ncbi-nlm-nih-gov.samuelmerritt.idm.oclc.org,TRUE
preview-gsa-stg-ecas.gsa.gov,TRUE
pubmed-ncbi-nlm-nih-gov.libra.kdh.or.kr,TRUE
sys.cloud.benefeds.com,TRUE
ttp-cbp-dhs-gov.translate.goog,TRUE
www-ncbi-nlm-nih-gov.autorpa.cmu.edu.tw,TRUE
gatsby-preview-stage.cwigng.com,TRUE
icarus.fnal.gov,TRUE
property.reporting.gov,TRUE
slc.gsa.gov,TRUE
unemployment.prod.pace.dol.gov,TRUE
annie.fnal.gov,TRUE
stellwagen.er.usgs.gov,TRUE
cte-stage.aem-tx.com,TRUE
pubmed-ncbi-nlm-nih-gov.proxy180.nclive.org,TRUE
seb.bie.edu,TRUE
uat.access.co-ops.nos.noaa.gov,TRUE
federalist-7a132a2e-6307-4cd0-9f82-e30e871d214a.sites.pages.cloud.gov,TRUE
programplanning.fnal.gov,TRUE
winmd.appdat.jsc.nasa.gov,TRUE
www-ncbi-nlm-nih-gov.libproxy.ajou.ac.kr,TRUE
www-nsf-gov.translate.goog,TRUE
navsea.navy.mil,TRUE
takeitdown.ftc.gov,TRUE
dev-east-www-wpc.woc.noaa.gov,TRUE
necdet.helioviewer.org,TRUE
officialbillstore.com,TRUE
pubmed-ncbi-nlm-nih-gov.ez41.periodicos.capes.gov.br,TRUE
pubmed-ncbi-nlm-nih-gov.ez75.periodicos.capes.gov.br,TRUE
pubmed-ncbi-nlm-nih-gov.my.wvsom.edu,TRUE
test-eappealtopublic.azurewebsites.net,TRUE
afordawards.co.uk,TRUE
drupal.darpa.mil,TRUE
hsa-sbx-09.amer.reisystems.com,TRUE
inettestaz,TRUE
pmc-ncbi-nlm-nih-gov.osaka-u.idm.oclc.org,TRUE
small-business.nlr.gov,TRUE
wpafb.usaf.afpims.mil,TRUE
betamgmt.huduser.gov,TRUE
csm.state.gov,TRUE
edgi-wm-archive.s3.amazonaws.com,TRUE
thecarconnection.com,TRUE
trumanlibrary.gov,TRUE
bioresilience.llnl.gov,TRUE
enh.qa.bidenlibrary.gov,TRUE
mdctqmrval.cms.gov,TRUE
scheels.com,TRUE
alttechwg.org,TRUE
forestservicetempfire.usajobs.gov,TRUE
gametime.co,TRUE
pmc-ncbi-nlm-nih-gov.ez51.periodicos.capes.gov.br,TRUE
pmc-ncbi-nlm-nih-gov.umassmed.idm.oclc.org,TRUE
pubmed-ncbi-nlm-nih-gov.ezproxy.tcu.edu,TRUE
pubmed-ncbi-nlm-nih-gov.opsu.idm.oclc.org,TRUE
swfsc.github.io,TRUE
www-airnow-gov.translate.goog,TRUE
www-georgewbushlibrary-gov.translate.goog,TRUE
www-uscourts-gov.translate.goog,TRUE
estimated-accruals.gsacalm-dev2.gsashiftup.com,TRUE
idp.uirefresh.identitysandbox.gov,TRUE
planetary-sdi.astrogeology.usgs.gov,TRUE
pubmed-ncbi-nlm-nih-gov.upd.swissconsortium.ch,TRUE
pubmed.proxy.sanmartin.edu.co,TRUE
www-nrc-gov.translate.goog,TRUE
pmc-ncbi-nlm-nih-gov.ez74.periodicos.capes.gov.br,TRUE
pubmed-ncbi-nlm-nih-gov.libproxy.smu.ac.kr,TRUE
communitycountsdataviz.cdc.gov,TRUE
pmc-ncbi-nlm-nih-gov.ezproxy.universite-paris-saclay.fr,TRUE
vendorportal.fbijobs.gov,TRUE
cvo-valve.wr.usgs.gov,TRUE
fermiproperty.fnal.gov,TRUE
fsdx.preprod.fda.gov,TRUE
jroc.ext.jpl.net,TRUE
pmc-ncbi-nlm-nih-gov.ezproxy.uni-giessen.de,TRUE
pmc-ncbi-nlm-nih-gov.ezproxy.uta.edu,TRUE
sellmytimesharenow.com,TRUE
studyinthestates-dhs-gov.translate.goog,TRUE
vrh8eqgpandher.ofr.treas.gov,TRUE
www-ncbi-nlm-nih-gov.lsuhscno.idm.oclc.org,TRUE
blueaz1.portalval.cms.gov,TRUE
data-beta.usgs.gov,TRUE
emergingtechnologies.fnal.gov,TRUE
pubmed-ncbi-nlm-nih-gov.cscc.ohionet.org,TRUE
pubmed-ncbi-nlm-nih-gov.libproxy.dhu.ac.kr,TRUE
www-ncbi-nlm-nih-gov.lmunet.idm.oclc.org,TRUE
wwwbeta.nass.usda.gov,TRUE
647trc-kinetics.boulder.nist.gov,TRUE
carbon-economy.llnl.gov,TRUE
nif-dliuserguide.llnl.gov,TRUE
pmc-ncbi-nlm-nih-gov.d360prx.biomed.cas.cz,TRUE
arnold.af.mil,TRUE
it-guides.cdc.gov,TRUE
mediagalaxy.ro,TRUE
usaspending.dev01.dtas.ts.aws.frb.pvt,TRUE
www-ready-gov.translate.goog,TRUE
dpc.fnal.gov,TRUE
le_nps.usajobs.gov,TRUE
phi.nssl.noaa.gov,TRUE
pubmed-ncbi-nlm-nih-gov.ahs.idm.oclc.org,TRUE
qa-usadata.opm.gov,TRUE
arrs.ahrq.gov,TRUE
nacarbon.org,TRUE
ourcommons.ca,TRUE
pmc-ncbi-nlm-nih-gov.proxy2.cl.msu.edu,TRUE
pubmed-ncbi-nlm-nih-gov.lib.khnmcproxy.kr,TRUE
surveillance-cancer.st.beta.imsweb.com,TRUE
www-ncbi-nlm-nih-gov.ezproxy.normandie-univ.fr,TRUE
pubmed-ncbi-nlm-nih-gov.ezproxy.mtsu.edu,TRUE
airsoftbazaar.com,TRUE
beta3-idts.sns-beta.com,TRUE
cdfc.nlr.gov,TRUE
coasts-cms-external.client.mooreboeck.com,TRUE
crs.bie.edu,TRUE
ncbi.leemina.moe,TRUE
pmc-ncbi-nlm-nih-gov.csula.idm.oclc.org,TRUE
pmc-ncbi-nlm-nih-gov.ezproxy.waterfield.murraystate.edu,TRUE
www569.dev01.imsweb.com,TRUE
cov.bie.edu,TRUE
kuwait.yallamotor.com,TRUE
ngdc.cncb.ac.cn,TRUE
pmc-ncbi-nlm-nih-gov.eux.idm.oclc.org,TRUE
pmc-ncbi-nlm-nih-gov.unican.idm.oclc.org,TRUE
pubmed-ncbi-nlm-nih-gov.stg.netbib.ch,TRUE
response-restoration-noaa-gov.translate.goog,TRUE
www-ait.mwp.usembassy.gov,TRUE
mrdg.health.mil,TRUE
pubmed-ncbi-nlm-nih-gov.madonna.idm.oclc.org,TRUE
edit.dhs.gov,TRUE
emblem.cancer.gov,TRUE
gsallewell.github.io,TRUE
pmc-ncbi-nlm-nih-gov.proxy.cc.uic.edu,TRUE
pmc-ncbi-nlm-nih-gov.wake.idm.oclc.org,TRUE
portal.nprod.vetbiz.va.gov,TRUE
usepa.sharepoint.com,TRUE
wdc-usda--rfrcqap03.sandbox.my.site.com,TRUE
www-wpc-ncep-noaa-gov.translate.goog,TRUE
4innovation-impl2.cms.gov,TRUE
buysellcyprus.com,TRUE
hops.pnnl.gov,TRUE
jiffyshirts.com,TRUE
lib1-fx.fjmu.edu.cn,TRUE
noaa-nos-coastal-lidar-pds.s3.us-east-1.amazonaws.com,TRUE
pmc-ncbi-nlm-nih-gov.libproxy.ucl.ac.uk,TRUE
www-ncbi-nlm-nih-gov.proxy-ln.researchport.umd.edu,TRUE
mcchord.af.mil,TRUE
acorn.fnal.gov,TRUE
castorama.fr,TRUE
pubmed-ncbi-nlm-nih-gov.ezproxy3.library.arizona.edu,TRUE
ttacts.uspto.gov,TRUE
hydromod.pnnl.gov,TRUE
pubmed-ncbi-nlm-nih-gov.ez6.periodicos.capes.gov.br,TRUE
wrairwest.health.mil,TRUE
www-ncbi-nlm-nih-gov-443.webvpn.bua.edu.cn,TRUE
cz-auth.llnl.gov,TRUE
household-survey-q.fdic.gov,TRUE
pubmed-ncbi-nlm-nih-gov.ez121.periodicos.capes.gov.br,TRUE
qa.coast.noaa.gov,TRUE
cmit-impl.cms.gov,TRUE
hudqahhs.yardigc.com,TRUE
pmc-ncbi-nlm-nih-gov.ezproxy.library.dal.ca,TRUE
pubmed-ncbi-nlm-nih-gov.ezproxy1.bath.ac.uk,TRUE
staging.hescore.labworks.org,TRUE
vn.mwp.usembassy.gov,TRUE
admin-atms.fleta.gov,TRUE
biocollections-stage.ars.usda.gov,TRUE
openpayments-system.cms.gov,TRUE
pmc-ncbi-nlm-nih-gov.bris.idm.oclc.org,TRUE
pmc-ncbi-nlm-nih-gov.ukzn.idm.oclc.org,TRUE
nhregister.com,TRUE
sandia.gov,TRUE
e.root-servers.org,TRUE
ecorr.stage.it.census.gov,TRUE
fermilabcommunity.org,TRUE
mrss.jpl.nasa.gov,TRUE
pmc-ncbi-nlm-nih-gov.ucc.idm.oclc.org,TRUE
pubmed-1ncbi-1nlm-1nih-1gov-1v67xgbxp0013.mhh.hh-han.com,TRUE
tribute.pre.militaryonesource.mil,TRUE
eric-ed-gov.umassglobal.idm.oclc.org,TRUE
flaticon.com,TRUE
pmc-ncbi-nlm-nih-gov.mime.uit.no,TRUE
acf-main-content-staging.acf.gov,TRUE
bil.usajobs.gov,TRUE
epa-eis2.oaqpscloud.com,TRUE
pl.mwp.usembassy.gov,TRUE
pubmed-ncbi-nlm-nih-gov.cvphlib.idm.oclc.org,TRUE
pubmed-ncbi-nlm-nih-gov.usd.idm.oclc.org,TRUE
rulings.cbp.gov,TRUE
www-nhtsa-gov.translate.goog,TRUE
lakenheath.af.mil,TRUE
appliancerepair.homedepot.com,TRUE
cde.ppd.ucr.cjis.gov,TRUE
cooldestinations.com,TRUE
exchanges-state-gov.translate.goog,TRUE
wvphaseonestudies.emcbc.doe.gov,TRUE
www-c.star.nesdis.noaa.gov,TRUE
52.5.189.6,TRUE
pubmed-ncbi-nlm-nih-gov.evms.idm.oclc.org,TRUE
pubmed-ncbi-nlm-nih-gov.ezproxy.gvsu.edu,TRUE
pubmed-ncbi-nlm-nih-gov.libproxy.sdsu.edu,TRUE
pubmed-ncbi-nlm-nih-gov.proxy.library.ucsb.edu,TRUE
www-ncbi-nlm-nih-gov.qe2a-proxy.mun.ca,TRUE
adiamor.com,TRUE
astrowebmaps.wr.usgs.gov,TRUE
moovitapp.com,TRUE
pmc-ncbi-nlm-nih-gov.ezproxy.server.hv.se,TRUE
psnet-ahrq-gov.translate.goog,TRUE
rnajunction.cancer.gov,TRUE
vendor.llnl.gov,TRUE
whiteman.af.mil,TRUE
130.14.65.157,TRUE
al.mwp.usembassy.gov,TRUE
blast.r2.genedigtech.cloud,TRUE
gdo148.llnl.gov,TRUE
icor.eoir.justice.gov,TRUE
pmc-ncbi-nlm-nih-gov.ezp.slu.edu,TRUE
pubmed-ncbi-nlm-nih-gov.brown.idm.oclc.org,TRUE
site-bf31cb1c-ac53-4cc2-9ad4-db81f24f361d-gcv.azurewebsites.us,TRUE
sos-data.woc.noaa.gov,TRUE
scott.af.mil,TRUE
192.111.123.190,TRUE
es.mwp.usembassy.gov,TRUE
gfet.nci.nih.gov,TRUE
ncportal.fas.gsa.gov,TRUE
new.nsf.gov,TRUE
pubmed-ncbi-nlm-nih-gov.mohvl-p.myloft.xyz,TRUE
sroc.usajobs.gov,TRUE
uts-qa-green.nlm.nih.gov,TRUE
www-ncbi-nlm-nih-gov-ssl.libproxy.snu.ac.kr,TRUE
bioinformatics.niaid.nih.gov,TRUE
pmc-ncbi-nlm-nih-gov.dml.regis.edu,TRUE
pmc-ncbi-nlm-nih-gov.ezproxy.ub.gu.se,TRUE
warmforge.ai,TRUE
bpa.gov,TRUE
spc.noaa.gov,TRUE
garageclothing.com,TRUE
pmc-ncbi-nlm-nih-gov.ermg.femh.org.tw,TRUE
vpn-lib.tasmc.org.il,TRUE
www-ncbi-nlm-nih-gov.ezproxy.server.hv.se,TRUE
chinstrap.pmel.noaa.gov,TRUE
eric-ed-gov.proxy-ub.rug.nl,TRUE
federalist-23ea3847-e6cd-4c33-9763-c3b37ed8ca03.sites.pages.cloud.gov,TRUE
pims-stage.aem-tx.com,TRUE
pmc-ncbi-nlm-nih-gov.ezproxy.unilim.fr,TRUE
pmc-ncbi-nlm-nih-gov.proxy1.cl.msu.edu,TRUE
pubmed-ncbi-nlm-nih-gov.stproxy.palni.edu,TRUE
cebsp10.niehs.nih.gov,TRUE
d1ahmx6635y9wz.cloudfront.net,TRUE
globaldossier-external-fqt.etc.uspto.gov,TRUE
pkikc.fiscal.treasury.gov,TRUE
pmc-ncbi-nlm-nih-gov.ez154.periodicos.capes.gov.br,TRUE
pmc-ncbi-nlm-nih-gov.ezproxy.med.cornell.edu,TRUE
pubmed-ncbi-nlm-nih-gov-ssl.libproxy.duksung.ac.kr,TRUE
pubmed-ncbi-nlm-nih-gov.gardnerwebb.idm.oclc.org,TRUE
pubmed-ncbi-nlm-nih-gov.uccs.idm.oclc.org,TRUE
rondo.my.id,TRUE
pmc-ncbi-nlm-nih-gov.ez34.periodicos.capes.gov.br,TRUE
pmc-ncbi-nlm-nih-gov.proxy.unisanitas.edu.co,TRUE
qbpgraphbook.fdic.gov,TRUE
www-ncbi-nlm-nih-gov.us1.proxy.openathens.net,TRUE
afcent.af.mil,TRUE
biovest.ornl.gov,TRUE
dyh.bie.edu,TRUE
laptopoutlet.co.uk,TRUE
ntia.doc.gov,TRUE
pmc-ncbi-nlm-nih-gov.mrdc.idm.oclc.org,TRUE
pmc-ncbi-nlm-nih-gov.unipamplona.basesdedatosezproxy.com,TRUE
pmc-ncbi-nlm-nih-gov.vdic.idm.oclc.org,TRUE
ao.jpl.nasa.gov,TRUE
beacon.epa.gov,TRUE
medrxiv.org,TRUE
pubmed-ncbi-nlm-nih-gov.browser.cbs.mpg.de,TRUE
pubmed-ncbi-nlm-nih-gov.ez182.periodicos.capes.gov.br,TRUE
pubmed-ncbi-nlm-nih-gov.ezproxy.brighton.ac.uk,TRUE
pubmed.r2.genedigtech.cloud,TRUE
pubmed.vpn.xstsg.top,TRUE
stage-911.gov,TRUE
www-ncbi-nlm-nih-gov.beilinson.portium.org,TRUE
169.253.172.143,TRUE
emarketplace.fnal.gov,TRUE
pmc-ncbi-nlm-nih-gov.tudelft.idm.oclc.org,TRUE
pubmed-ncbi-nlm-nih-gov.ezproxy.lib.lehigh.edu,TRUE
strategicplan.jsc.nasa.gov,TRUE
testenoad.nvmc.uscg.gov,TRUE
ghsc.code-pages.usgs.gov,TRUE
ic3.services,TRUE
nanoscience.llnl.gov,TRUE
pmc-ncbi-nlm-nih-gov.libraryproxy.quinnipiac.edu,TRUE
www-development.jpl.nasa.gov,TRUE
maxwell.af.mil,TRUE
edit.tfx.treasury.gov,TRUE
idcforigin1.bls.gov,TRUE
login-research4life-org.eu1.proxy.openathens.net,TRUE
loris.ccr.cancer.gov,TRUE
prastandards.sandia.gov,TRUE
srb.bie.edu,TRUE
testdhssans.nvmc.uscg.gov,TRUE
datacatalog-stage.ccdi.cancer.gov,TRUE
pubmed-ncbi-nlm-nih-gov.umw.idm.oclc.org,TRUE
history.nasa.gov,TRUE
kr.mwp.usembassy.gov,TRUE
neoflow.pnnl.gov,TRUE
nesr-uat.kwaps.platform.usda.gov,TRUE
pubmed-ncbi-nlm-nih-gov.proxy-um.researchport.umd.edu,TRUE
www-ncbi-nlm-nih-gov.elib.tcd.ie,TRUE
afgsc.af.mil,TRUE
afmc.af.mil,TRUE
gsa-geo--geofl2dvp.sandbox.my.site.com,TRUE
oradeveloper01.cns.gov,TRUE
pmc-ncbi-nlm-nih-gov.ez9.periodicos.capes.gov.br,TRUE
puhy.cz,TRUE
qa.trumanlibrary.gov,TRUE
trac.pnnl.gov,TRUE
www-ncbi-nlm-nih-gov.e.bibl.liu.se,TRUE
alfashop.co.uk,TRUE
bestday.com.mx,TRUE
fsis-prod.fsis.usda.gov,TRUE
nia-iadrp-stage.iqsolutions.com,TRUE
pmc-ncbi-nlm-nih-gov.proxy.lib.duke.edu,TRUE
pubmed-ncbi-nlm-nih-gov.utk.idm.oclc.org,TRUE
visualization.genelab.nasa.gov,TRUE
aka-hhs.gov,TRUE
blueaz1.portalval.cms.cmsval,TRUE
pmc-ncbi-nlm-nih-gov.ezproxy-b.deakin.edu.au,TRUE
pubmed-ncbi-nlm-nih-gov.ezproxy.usek.edu.lb,TRUE
pubmed-ncbi-nlm-nih-gov.kirams.libproxy.co.kr,TRUE
testint.cbp.gov,TRUE
uaec.fnal.gov,TRUE
pso-stage.ahrq.gov,TRUE
pubmed-ncbi-nlm-nih-gov.ezproxy.maheclibrary.org,TRUE
pubmed-ncbi-nlm-nih-gov.xund.swissconsortium.ch,TRUE
smeqa.usds.gov,TRUE
srr.bie.edu,TRUE
www-nemi-gov.translate.goog,TRUE
hpc-staging.llnl.gov,TRUE
lspcountdown.ndc.nasa.gov,TRUE
research.jpl.nasa.gov,TRUE
www-d.ofia.gov,TRUE
www-ncbi-nlm-nih-gov.ezproxy.lib.torontomu.ca,TRUE
ar.ubook.com,TRUE
dlap.delta.lending.sba.gov,TRUE
fagov-stg.state.gov,TRUE
healthcaredelivery.st.beta.imsweb.com,TRUE
in.trip.com,TRUE
l0dup05.larc.nasa.gov,TRUE
nrd-stage-internal-portal.nhtsa.dot.gov,TRUE
obamawhitehouse-archives-gov.translate.goog,TRUE
statesman.com,TRUE
demographics-icf.gcn.militaryonesource.mil,TRUE
newskarnataka.com,TRUE
pubmed-ncbi-nlm-nih-gov.library.collin.edu,TRUE
train2.reginfo.gov,TRUE
www-federalregister-gov.translate.goog,TRUE
draft.srivaishnavam.org.au,TRUE
fieldterminal.nesdis.noaa.gov,TRUE
mims.doe.gov,TRUE
pmc-ncbi-nlm-nih-gov.rua.idm.oclc.org,TRUE
pubmed-ncbi-nlm-nih-gov.uleth.idm.oclc.org,TRUE
aflcmc.af.mil,TRUE
travis.af.mil,TRUE
jrc.bie.edu,TRUE
pubmed-ncbi-nlm-nih-gov.sussex.idm.oclc.org,TRUE
ro.mwp.usembassy.gov,TRUE
akaqa1-ion-hhs.gov,TRUE
bb-usembassy-gov.translate.goog,TRUE
dceg-prod-acsf.cancer.gov,TRUE
pubmed-ncbi-nlm-nih-gov.ez66.periodicos.capes.gov.br,TRUE
pubmed-ncbi-nlm-nih-gov.ezproxy.aub.edu.lb,TRUE
schoolguide.co.uk,TRUE
skyview.gsfc.nasa.gov,TRUE
www-ncbi-nlm-nih-gov.cuml1.md.chula.ac.th,TRUE
www-ncbi-nlm-nih-gov.proxy2.library.illinois.edu,TRUE
blast.genedigtech.cloud,TRUE
pmc-ncbi-nlm-nih-gov.lhs.idm.oclc.org,TRUE
pmc-ncbi-nlm-nih-gov.lproxy.pusan.ac.kr,TRUE
pmc-ncbi-nlm-nih-gov.sabidi.urv.cat,TRUE
pmc-ncbi-nlm-nih-gov.technion.idm.oclc.org,TRUE
preview.climate.gov,TRUE
stemgateway-nasa-gov.translate.goog,TRUE
app-test1-dcc.ed.gov,TRUE
maps-beta.usgs.gov,TRUE
nationalfitnesscampaign.com,TRUE
pmc-ncbi-nlm-nih-gov.akin.css.edu,TRUE
pubmed-ncbi-nlm-nih-gov-ssl.openlink.sookmyung.ac.kr,TRUE
www-ncbi-nlm-nih-gov.shh.idm.oclc.org,TRUE
goodlookslikethis.com,TRUE
metabolomics-sig.nih.gov,TRUE
pmc-ncbi-nlm-nih-gov.libproxy.lib.csusb.edu,TRUE
programmatic-events.pnnl.gov,TRUE
pubmed.uamanizales.elogim.com,TRUE
spaziogames.it,TRUE
torontolife.com,TRUE
bootcamp.navy.mil,TRUE
fastweb.acc.inl.gov,TRUE
pmc-ncbi-nlm-nih-gov.kb.ezproxy1.sg.ch,TRUE
publicwebcmslegacy.prod.acquia-sites.com,TRUE
armymwr.com,TRUE
marsoc.marines.mil,TRUE
fragrancenet.com,TRUE
help.uat.usajobs.gov,TRUE
pmc-ncbi-nlm-nih-gov.ez82.periodicos.capes.gov.br,TRUE
vandenberg.spaceforce.mil,TRUE
access8.uat.ginniemae.gov,TRUE
beautyworksonline.com,TRUE
eva.jsc.nasa.gov,TRUE
federalist-d99fdc38-63df-4d35-bcc2-5f9654483de0.sites.pages.cloud.gov,TRUE
pmc-ncbi-nlm-nih-gov.proxy.library.cornell.edu,TRUE
afimsc.af.mil,TRUE
cebonds.ice.gov,TRUE
ehss.energy.gov,TRUE
www-ncbi-nlm-nih-gov.proxy.library.vcu.edu,TRUE
www-ncbi-nlm-nih-gov.srv-proxy2.library.tamu.edu,TRUE
grantee2.teams.simpler.grants.gov,TRUE
mykonos.sandia.gov,TRUE
ncw.acf.gov,TRUE
pmc-ncbi-nlm-nih-gov.ez47.periodicos.capes.gov.br,TRUE
pre.dev2.cstreetsandbox.com,TRUE
pubmed-ncbi-nlm-nih-gov.ez488.periodicos.capes.gov.br,TRUE
pubmed-ncbi-nlm-nih-gov.wne.idm.oclc.org,TRUE
synack.us,TRUE
drupal-staging.goesr.woc.noaa.gov,TRUE
epicsourcing.co.uk,TRUE
fr.mwp.usembassy.gov,TRUE
pmc-ncbi-nlm-nih-gov.ezproxy-f.deakin.edu.au,TRUE
pubmed-ncbi-nlm-nih-gov.ezproxy.uthsc.edu,TRUE
warren.af.mil,TRUE
acf.hhs.gov,TRUE
livelo.com.br,TRUE
pmc-ncbi-nlm-nih-gov.moffitt.idm.oclc.org,TRUE
xk.mwp.usembassy.gov,TRUE
cbp-hrm--crsrcrtuat.sandbox.my.site.com,TRUE
cwdrupal11.star1.nesdis.noaa.gov,TRUE
pmc-ncbi-nlm-nih-gov.lib.pepperdine.edu,TRUE
pubmed-ncbi-nlm-nih-gov.ez26.periodicos.capes.gov.br,TRUE
pubmed-ncbi-nlm-nih-gov.ezproxy.messiah.edu,TRUE
pubmed-ncbi-nlm-nih-gov.uwyo.idm.oclc.org,TRUE
www570.imsweb.com,TRUE
digitalmedia.fws.gov,TRUE
doibsee.prod.acquia-sites.com,TRUE
hothcoopcd4.health.mil,TRUE
pubmed.apinew.com,TRUE
www-ncbi-nlm-nih-gov.eur.idm.oclc.org,TRUE
www-ncbi-nlm-nih-gov.libproxy1.usc.edu,TRUE
amp.eventbrite.fr,TRUE
cadsr.nci.nih.gov,TRUE
drishtiias.com,TRUE
mccywg.marines.mil,TRUE
pmc-ncbi-nlm-nih-gov.proxy.libraries.rutgers.edu,TRUE
pubmed-ncbi-nlm-nih-gov.carrollu.idm.oclc.org,TRUE
pubmed-ncbi-nlm-nih-gov.ez88.periodicos.capes.gov.br,TRUE
rol.sandia.gov,TRUE
art.fnal.gov,TRUE
biorxiv.org,TRUE
data.abmc.gov,TRUE
earthexplorer-usgs-gov.translate.goog,TRUE
edges.nist.gov,TRUE
hiiraan.com,TRUE
ncbi.cesproxy.elogim.com,TRUE
pubmed-ncbi-nlm-nih-gov.ez475.periodicos.capes.gov.br,TRUE
pubmed-ncbi-nlm-nih-gov.nmu.idm.oclc.org,TRUE
pubmed-ncbi-nlm-nih-gov.proxybib.miun.se,TRUE
tes.com,TRUE
trade-point.co.uk,TRUE
bulkbookstore.com,TRUE
pmc-ncbi-nlm-nih-gov.ejproxy.a-star.edu.sg,TRUE
pmc-ncbi-nlm-nih-gov.lynchburg.idm.oclc.org,TRUE
strap.trials-staging.nci.nih.gov,TRUE
uat2egrants.cns.gov,TRUE
1stmardiv.marines.mil,TRUE
genedigtech.cloud,TRUE
inp2300irmaqa01.nps.doi.net,TRUE
pubmed-ncbi-nlm-nih-gov.akronchildrens.ohionet.org,TRUE
pubmed-ncbi-nlm-nih-gov.ezproxy2.library.colostate.edu,TRUE
qa-drc-usadata.opm.gov,TRUE
sweetcare.com,TRUE
toolcatalog.nist.gov,TRUE
www-ncbi-nlm-nih-gov.libproxy.usouthal.edu,TRUE
www-ncbi-nlm-nih-gov.proxy.uchicago.edu,TRUE
library.doc.gov,TRUE
mccsss.marines.mil,TRUE
misawa.af.mil,TRUE
cto-develop.go-vip.net,TRUE
pubmed-ncbi-nlm-nih-gov.ezproxy.unav.es,TRUE
pubmed-ncbi-nlm-nih-gov.umasslowell.idm.oclc.org,TRUE
csi.pnnl.gov,TRUE
dapr.ornl.gov,TRUE
it.vecteezy.com,TRUE
www-nationalmuseum-af-mil.translate.goog,TRUE
ai-toolkit.xd.gov,TRUE
dmz-cc.nih.gov,TRUE
globaldossier-cloud-fqt.etc.uspto.gov,TRUE
pmc-ncbi-nlm-nih-gov.ez371.periodicos.capes.gov.br,TRUE
pubmed-ncbi-nlm-nih-gov.ezproxy1.library.arizona.edu,TRUE
respond-staging.app.cloud.gov,TRUE
site7.meridian.soar.qvine.com,TRUE
vce.com.ua,TRUE
www-ncbi-nlm-nih-gov.ezproxy.otago.ac.nz,TRUE
airuniversity.af.edu,TRUE
nab.usace.army.mil,TRUE
ehpa2.dev2.cstreetsandbox.com,TRUE
hrsauat2.amer.reisystems.com,TRUE
hudoig.usajobs.gov,TRUE
pubmed-ncbi-nlm-nih-gov.kb.ezproxy4.sg.ch,TRUE
vertex.aal.mil,TRUE
fpl.fs.usda.gov,TRUE
gsfcarparts.com,TRUE
int-my.ttb.gov,TRUE
passive.ttacts.uspto.gov,TRUE
pubmed-ncbi-nlm-nih-gov.ezproxy.lib.uh.edu,TRUE
autoremarketing.com,TRUE
household-survey-s.fdic.gov,TRUE
pmc-ncbi-nlm-nih-gov.ez68.periodicos.capes.gov.br,TRUE
pubmed-ncbi-nlm-nih-gov.bridgeport.proxy.liblynxgateway.com,TRUE
pubmed-ncbi-nlm-nih-gov.onu.ohionet.org,TRUE
virulence.fda.gov,TRUE
fs.usda.gov,TRUE
www3.livelo.com.br,TRUE
aurum.solutions,TRUE
mobile-d9.mapsandbox.net,TRUE
nessadmin.ntis.gov,TRUE
nihcsr.prod.acquia-sites.com,TRUE
pmc-ncbi-nlm-nih-gov.ezproxy1.lib.asu.edu,TRUE
visstaging.globe.gov,TRUE
cdcphsofficers.usajobs.gov,TRUE
cfsanappsexternal.fda.gov,TRUE
foodsafetycareers.usajobs.gov,TRUE
nuc-hazard-zones-beta.llnl.gov,TRUE
pmc-ncbi-nlm-nih-gov.ezproxy.haifa.ac.il,TRUE
pmc-ncbi-nlm-nih-gov.proxybibl.vgregion.se,TRUE
pmc-ncbi-nlm-nih-gov.uniovi.idm.oclc.org,TRUE
arinvestments.cdc.gov,TRUE
caninecommons-qa.cancer.gov,TRUE
d16cua8kkz97mx.cloudfront.net,TRUE
edclxvs57.cr.usgs.gov,TRUE
edit.testint.cbp.gov,TRUE
leb.emjj.me,TRUE
pubmed-ncbi-nlm-nih-gov.ezproxy.lakeheadu.ca,TRUE
pubmed-ncbi-nlm-nih-gov.gonzaga.idm.oclc.org,TRUE
pubmed-ncbi-nlm-nih-gov.unisa.idm.oclc.org,TRUE
marcorsyscom.marines.mil,TRUE
md.mwp.usembassy.gov,TRUE
or.water.usgs.gov,TRUE
pmc-ncbi-nlm-nih-gov.libproxy.hallym.or.kr,TRUE
pmc-ncbi-nlm-nih-gov.sussex.idm.oclc.org,TRUE
saulttribe.nsopw.gov,TRUE
lejeune.marines.mil,TRUE
192.111.123.173,TRUE
cdc.socrata.com,TRUE
manta.com,TRUE
mytravel-dev002.elguardia.net,TRUE
pmc-ncbi-nlm-nih-gov.ezproxy.rgu.ac.uk,TRUE
pmc-ncbi-nlm-nih-gov.proxy.library.brocku.ca,TRUE
prod-esi-api.orr.noaa.gov,TRUE
pubmed-ncbi-nlm-nih-gov-ssl.ymlproxy.yonsei.ac.kr,TRUE
train.cms.doe.gov,TRUE
uspp.usajobs.gov,TRUE
vawv-gis.usgs.gov,TRUE
asi.inl.gov,TRUE
pmc-ncbi-nlm-nih-gov.uhsp.idm.oclc.org,TRUE
ugm.hpc.mil,TRUE
wgc.jpl.nasa.gov,TRUE
www-ncbi-nlm-nih-gov.opbg.idm.oclc.org,TRUE
www-ncbi-nlm-nih-gov.proxyonelk.flysheet.com.tw,TRUE
csi.pnl.gov,TRUE
starchild-gsfc-nasa-gov.translate.goog,TRUE
tviswrstd.digitalinfuzion.com,TRUE
jble.af.mil,TRUE
copalux.com.br,TRUE
doecapasp.projectenhancement.com,TRUE
mpris.preprod.fda.gov,TRUE
pmc-ncbi-nlm-nih-gov.lib-proxy.fullerton.edu,TRUE
pubmed-ncbi-nlm-nih-gov.ez416.periodicos.capes.gov.br,TRUE
saj.usace.army.mil,TRUE
at-iqrs.npdb.hrsa.gov,TRUE
blast.r3.genedigtech.cloud,TRUE
dctd-prod-acsf.cancer.gov,TRUE
exascaleage.org,TRUE
stg.justice.gov,TRUE
www-ncbi-nlm-nih-gov.ezproxy.inn.no,TRUE
rarediseases.info.nih.gov,TRUE
packagingstrategies.com,TRUE
pmc-ncbi-nlm-nih-gov.ezproxy.icr.ac.uk,TRUE
pubmed-ncbi-nlm-nih-gov.libraryproxy.griffith.edu.au,TRUE
pubmed-ncbi-nlm-nih-gov.liverpool.idm.oclc.org,TRUE
retreat.nichd.nih.gov,TRUE
mcasiwakuni.marines.mil,TRUE
eic.ports.pppo.gov,TRUE
library.fnal.gov,TRUE
profiles-nlm-nih-gov.translate.goog,TRUE
techpubs.fnal.gov,TRUE
test4bhwnextgen.bhwenv.hrsa.gov,TRUE
topotools.cr.usgs.gov,TRUE
tortoisedti.nichd.nih.gov,TRUE
data.h-mat.org,TRUE
fermireporting.fnal.gov,TRUE
integration.glims.org,TRUE
pmc-ncbi-nlm-nih-gov.wvu.idm.oclc.org,TRUE
pubmed-ncbi-nlm-nih-gov.ezproxyemc.flo.org,TRUE
dfcstudentsandrecentgrads.usajobs.gov,TRUE
dz.mwp.usembassy.gov,TRUE
eipconline.com,TRUE
fiscal-treasury-gov.web.app,TRUE
modac.cancer.gov,TRUE
pubmed-ncbi-nlm-nih-gov.nmcsd.idm.oclc.org,TRUE
wcms-wp-test-archive.cdc.gov,TRUE
www-ncbi-nlm-nih-gov.erm.cch.org.tw,TRUE
ace-accounts-d6.cbp.gov,TRUE
mdcthcbsval.cms.gov,TRUE
ncbi.lasallebajio.elogim.com,TRUE
prmts.epa.gov,TRUE
watchonista.com,TRUE
cartos.healthit.gov,TRUE
collab.lanl.gov,TRUE
honorary-awards.nsf.gov,TRUE
mtrac.nichd.nih.gov,TRUE
ndc-services-cdc-gov.translate.goog,TRUE
pmc-ncbi-nlm-nih-gov.ezproxy.utica.edu,TRUE
pmc-ncbi-nlm-nih-gov.libproxy.berkeley.edu,TRUE
pmc-ncbi-nlm-nih-gov.merlin.u-picardie.fr,TRUE
sam-nlr-gov.translate.goog,TRUE
www-ncbi-nlm-nih-gov.libproxy.samsunghospital.com,TRUE
computercablestore.com,TRUE
lyfta.com,TRUE
pmc-ncbi-nlm-nih-gov.proxy-um.researchport.umd.edu,TRUE
pubmed-ncbi-nlm-nih-gov-s-2309.libdb.hljucm.net,TRUE
www-ncbi-nlm-nih-gov.ezproxy.umng.edu.co,TRUE
akastage5-ion-hhs.gov,TRUE
pmc-ncbi-nlm-nih-gov.newproxy.downstate.edu,TRUE
poca-public.preprod.fda.gov,TRUE
pubmed-ncbi-nlm-nih-gov-ssl.chlib.schmc.ac.kr,TRUE
store.alpen-group.jp,TRUE
test2bhwnextgen.bhwenv.hrsa.gov,TRUE
tsaenrollmentbyidemia-tsa-dhs-gov.translate.goog,TRUE
www-ncbi-nlm-nih-gov.ezpum.scdi-montpellier.fr,TRUE
www-ncbi-nlm-nih-gov.gorgone.univ-toulouse.fr,TRUE
niwcatlantic.navy.mil,TRUE
0-pmc-ncbi-nlm-nih-gov.innopac.wits.ac.za,TRUE
800-63-4-implementation-resources-1ce0d8.ipages.nist.gov,TRUE
aev.class.noaa.gov,TRUE
lps3.pubmed.ncbi.nlm.nih.gov.proxy.dsmc.or.kr,TRUE
pmc-ncbi-nlm-nih-gov.libproxy.ajou.ac.kr,TRUE
suburfurniture.com,TRUE
www-energystar-gov.translate.goog,TRUE
29palms.marines.mil,TRUE
zazzle.co.jp,TRUE
cytrics.inl.gov,TRUE
eric-ed-gov.mantis.csuchico.edu,TRUE
pmc-ncbi-nlm-nih-gov.dlsw.tzuchi-healthcare.org.tw,TRUE
tomplay.com,TRUE
1eduat.ed.gov,TRUE
californiayrtc.usajobs.gov,TRUE
clinentry11,TRUE
llns-champ.llnl.gov,TRUE
openpaymentsystem.cms.gov,TRUE
pubmed-ncbi-nlm-nih-gov.spuh.idm.oclc.org,TRUE
search-nal-usda-gov.pbidi.unam.mx,TRUE
stage.bcda.cms.gov,TRUE
tmp.ertcorp.com,TRUE
tropo.gsfc.nasa.gov,TRUE
combomatch-uat.nci.nih.gov,TRUE
hmis.hanford.gov,TRUE
ndpp-ops-center.cdc.gov,TRUE
pfabankfindui-d.app.cloud.gov,TRUE
pmc-ncbi-nlm-nih-gov.cmi.idm.oclc.org,TRUE
pmc-ncbi-nlm-nih-gov.kims.kmu.ac.kr,TRUE
pmc-ncbi-nlm-nih-gov.proxy.binghamton.edu,TRUE
stage.api.data.gov,TRUE
transmission-library.pnnl.gov,TRUE
dfc.gov,TRUE
class.noaa.gov,TRUE
digital-gov.translate.goog,TRUE
edit.fema.gov,TRUE
face.nist.gov,TRUE
foia.marines.mil,TRUE
pmc-ncbi-nlm-nih-gov.uhcl.idm.oclc.org,TRUE
www-ncbi-nlm-nih-gov-ssl.libpro1.kku.ac.kr,TRUE
wwwdev7.fiscal.treasury.gov,TRUE
edu-is-possible.schoolduck.site,TRUE
eric-ed-gov.ezproxy.uwa.edu,TRUE
ezcater.com,TRUE
hothcd3.health.mil,TRUE
msqs.gsfc.nasa.gov,TRUE
otdefender.inl.gov,TRUE
pmc-ncbi-nlm-nih-gov.ez2.periodicos.capes.gov.br,TRUE
pubmed-ncbi-nlm-nih-gov-ssl.uhlib.schmc.ac.kr,TRUE
robins.af.mil,TRUE
blast-ncbi-nlm-nih-gov.virtual.anu.edu.au,TRUE
carrieruat.opm.gov,TRUE
www-ncbi-nlm-nih-gov.ez.sun.ac.za,TRUE
calendar.library.doc.gov,TRUE
cg-4ade7cd3-a036-4fb7-b1d5-bcef64cb3ddf.sites.pages.cloud.gov,TRUE
ecps-qa.nih.gov,TRUE
eviworkshop.anl.gov,TRUE
federalist-5bcea1d1-7907-4fea-821f-eb2e9554014a.sites.pages.cloud.gov,TRUE
pmc-ncbi-nlm-nih-gov.ez433.periodicos.capes.gov.br,TRUE
pmc-ncbi-nlm-nih-gov.proxy.campbell.edu,TRUE
prod-01-alb-www-climate.woc.noaa.gov,TRUE
pubmed-ncbi-nlm-nih-gov.ez50.periodicos.capes.gov.br,TRUE
pubmed-ncbi-nlm-nih-gov.ezproxy.uca.fr,TRUE
pubmed-ncbi-nlm-nih-gov.ssuproxy.mnpals.net,TRUE
rrb.bie.edu,TRUE
stage-amc.syndromicsurveillance.org,TRUE
uz.mwp.usembassy.gov,TRUE
www-mnd.qa.uscourts.gov,TRUE
in-usembassy-gov.translate.goog,TRUE
localhelp.healthcare.gov,TRUE
nasacentral--nfdtest2.sandbox.my.site.com,TRUE
networx-agency-pricer.eos.gsa.gov,TRUE
pmc-ncbi-nlm-nih-gov.libproxy.library.wmich.edu,TRUE
pmc-ncbi-nlm-nih-gov.neomed.idm.oclc.org,TRUE
pubmed-ncbi-nlm-nih-gov.libproxy.smith.edu,TRUE
pubmed-ncbi-nlm-nih-gov.regiscollege.idm.oclc.org,TRUE
training-stg.smartpay.gsa.gov,TRUE
intelligencecareers.gov,TRUE
dev-cdp.ctas.dhs.gov,TRUE
hk-consulate.mwp.usembassy.gov,TRUE
housing.llnl.gov,TRUE
nuc1.inl.gov,TRUE
pmc-ncbi-nlm-nih-gov.ezproxy.udes.edu.co,TRUE
www-staging.consumerfinance.gov,TRUE
osan.af.mil,TRUE
fatline.com.ua,TRUE
hmddirectory.nlm.nih.gov,TRUE
jiffy.com,TRUE
pmc-ncbi-nlm-nih-gov.ez83.periodicos.capes.gov.br,TRUE
www-ncbi-nlm-nih-gov.proxy-hs.researchport.umd.edu,TRUE
nsw.navy.mil,TRUE
asean-usmission-gov.translate.goog,TRUE
campd-perf.app.cloud.gov,TRUE
edit-ita.osha.gov,TRUE
gdo-wintap.llnl.gov,TRUE
ingidevec.pages.dev,TRUE
irpseminar.wip.nlm.nih.gov,TRUE
nro-sandbox.dod.afpims.mil,TRUE
pink.aoml.noaa.gov,TRUE
planetarymaps.usgs.gov,TRUE
pmc-ncbi-nlm-nih-gov.stanford.idm.oclc.org,TRUE
stage.dcp.psc.gov,TRUE
acfmain-om.lndo.site,TRUE
akatest5-ion-hhs.gov,TRUE
leasinghub.com,TRUE
upwell.pfeg.noaa.gov,TRUE
coast-noaa-gov.translate.goog,TRUE
millifelearning.gcn.militaryonesource.mil,TRUE
pubmed-ncbi-nlm-nih-gov.crr.swissconsortium.ch,TRUE
pubmed-ncbi-nlm-nih-gov.tjhmercy.ohionet.org,TRUE
ru.mwp.usembassy.gov,TRUE
www-ncbi-nlm-nih-gov.ez76.periodicos.capes.gov.br,TRUE
timesunion.com,TRUE
acqweb.staging.acqebiz.mil,TRUE
linkeddiscoveries-ncbi-nlm-nih-gov.pbidi.unam.mx,TRUE
net-a-porter.com,TRUE
pmc-ncbi-nlm-nih-gov.dbproxy.umfiasi.ro,TRUE
pmc-ncbi-nlm-nih-gov.leidenuniv.idm.oclc.org,TRUE
chron.com,TRUE
betacn-dnc.sns-beta.com,TRUE
hyperflow.pnnl.gov,TRUE
jan6attack.com,TRUE
omocoro.jp,TRUE
pegasis.pad.pppo.gov,TRUE
training-fema-gov.translate.goog,TRUE
1stmlg.marines.mil,TRUE
130.14.16.135,TRUE
ares-jsc-nasa-gov.translate.goog,TRUE
pmc-ncbi-nlm-nih-gov.ez78.periodicos.capes.gov.br,TRUE
test2.srp.fas.gsa.gov,TRUE
uat.vlm.cem.va.gov,TRUE
www-ncbi-nlm-nih-gov.proxy2.biblio.supsi.ch,TRUE
app-eus2npbeamchemm.azurewebsites.net,TRUE
ironmongeryexperts.co.uk,TRUE
java.epa.gov,TRUE
pmc-ncbi-nlm-nih-gov.ez41.periodicos.capes.gov.br,TRUE
pmc-ncbi-nlm-nih-gov.proxy.dsmc.or.kr,TRUE
pmc-ncbi-nlm-nih-gov.proxy.lib.sfu.ca,TRUE
pubmed-ncbi-nlm-nih-gov.mutex.gmu.edu,TRUE
sbuv.gsfc.nasa.gov,TRUE
sdmmag.com,TRUE
www-ncbi-nlm-nih-gov.umiss.idm.oclc.org,TRUE
account-ncbi-nlm-nih-gov.translate.goog,TRUE
g5.gov,TRUE
pmc-ncbi-nlm-nih-gov.aurarialibrary.idm.oclc.org,TRUE
thetyee.ca,TRUE
eeadmin.cr.usgs.gov,TRUE
fda.report,TRUE
national-systematics-lab.fisheries.noaa.gov,TRUE
pmc-ncbi-nlm-nih-gov.ezproxy.lib.uh.edu,TRUE
pmc-ncbi-nlm-nih-gov.vghtpe.idm.oclc.org,TRUE
pubmed-ncbi-nlm-nih-gov.proxy-bu2.ube.fr,TRUE
story.consumerfinance.gov,TRUE
uat.smart.ojp.gov,TRUE
wdc-usda--rfrcdevs34.sandbox.my.site.com,TRUE
www-usap-gov.translate.goog,TRUE
msed.nist.gov,TRUE
eric-ed-gov.wilkes.idm.oclc.org,TRUE
ligabandot90.com,TRUE
mesadesignsystem.lanl.gov,TRUE
preview-spot.weather.gov,TRUE
pubmed-ncbi-nlm-nih-gov.ez2.periodicos.capes.gov.br,TRUE
pubmed-ncbi-nlm-nih-gov.libproxy.cup.ac.kr,TRUE
teatro.it,TRUE
www-ncbi-nlm-nih-gov.turing.library.northwestern.edu,TRUE
aps.portal.cms.gov,TRUE
pmc-ncbi-nlm-nih-gov.ezp.oamk.fi,TRUE
pubmed-ncbi-nlm-nih-gov.ezproxy.rush.edu,TRUE
reaganlibrary.getanchor.io,TRUE
stage-poboxes.usps.com,TRUE
dyess.af.mil,TRUE
fansidea.com,TRUE
imagine-gsfc-nasa-gov.translate.goog,TRUE
newdesign.careers.cf.usa-ctc.com.elguardia.net,TRUE
pmc-ncbi-nlm-nih-gov.uri.idm.oclc.org,TRUE
stg2.treasury.gov,TRUE
iimef.marines.mil,TRUE
yvo-valve.wr.usgs.gov,TRUE
atlasprod.fdc.inonde.io,TRUE
blm--staging.sandbox.my.site.com,TRUE
dev-tricare.mil,TRUE
hl7v2-ss-r2-testing.nist.gov,TRUE
npic.rightanswers.com,TRUE
pmc-ncbi-nlm-nih-gov.ez151.periodicos.capes.gov.br,TRUE
prx-keiser.lirn.net,TRUE
pubmed-ncbi-nlm-nih-gov.libproxy.washu.edu,TRUE
storms.sandia.gov,TRUE
usnicweb2.espc.nesdis.noaa.gov,TRUE
utires.com,TRUE
vaxvizapp.cdc.gov,TRUE
boem.gov,TRUE
apps-pifsc.fisheries.noaa.gov,TRUE
data-stage.nlr.gov,TRUE
deaecom.gov,TRUE
deve.npdb.hrsa.gov,TRUE
doe417.energy.gov,TRUE
pmc-ncbi-nlm-nih-gov.ez14.periodicos.capes.gov.br,TRUE
pubmed-ncbi-nlm-nih-gov.ccnm.idm.oclc.org,TRUE
pubmed-ncbi-nlm-nih-gov.libproxy.txstate.edu,TRUE
www-ncbi-nlm-nih-gov.dml.regis.edu,TRUE
www-uspreventiveservicestaskforce-org.translate.goog,TRUE
arpc.afrc.af.mil,TRUE
adios-edit.orr.noaa.gov,TRUE
cgistaging.scriptbytes.co.in,TRUE
studentaid-gov.translate.goog,TRUE
wave.webaim.org,TRUE
arm.gov,TRUE
acquia-test-nhtsa.dot.gov,TRUE
dev2.cloud.benefeds.com,TRUE
proxied-cybershop-f5.lanl.gov,TRUE
pubmed-ncbi-nlm-nih-gov.proxy-ub.rug.nl,TRUE
akatest4-ion-hhs.gov,TRUE
dceg-cms.cancer.gov,TRUE
eric-ed-gov.proxy.lib.odu.edu,TRUE
leevalley.com,TRUE
mmsvis.gsfc.nasa.gov,TRUE
neh8stg.prod.acquia-sites.com,TRUE
nhc-vm-nhcwebdev01.nhc.noaa.gov,TRUE
pmc-ncbi-nlm-nih-gov.ezproxy.library.ubc.ca,TRUE
pubmed-ncbi-nlm-nih-gov.uea.idm.oclc.org,TRUE
usaidoig-inv.secureocp.com,TRUE
vbaoak.usajobs.gov,TRUE
247wallst.com,TRUE
ahwmpt-staging.app.cloud.gov,TRUE
pmc-ncbi-nlm-nih-gov.gsk.idm.oclc.org,TRUE
pubmed-ncbi-nlm-nih-gov.ez373.periodicos.capes.gov.br,TRUE
test-nhc-west.woc.noaa.gov,TRUE
www-eeoc-gov.translate.goog,TRUE
www-ncbi-nlm-nih-gov.proxy2.library.ohio.edu,TRUE
desiblitz.com,TRUE
ibselectronics.com,TRUE
odsrmst.od.nih.gov,TRUE
pubmed-1ncbi-1nlm-1nih-1gov-100001a2r0105.han3.wum.edu.pl,TRUE
pubmed-ncbi-nlm-nih-gov.ezproxy.cancer.gov.co,TRUE
pubmed-ncbi-nlm-nih-gov.wcmq.idm.oclc.org,TRUE
www-transportation-gov.translate.goog,TRUE
authorarranger.nih.gov,TRUE
beta.sciencebase.gov,TRUE
chefsdeal.com,TRUE
files.nccih.nih.gov,TRUE
h-mat.org,TRUE
pg.ubook.com,TRUE
pubmed-ncbi-nlm-nih-gov.proxy-bu1.ube.fr,TRUE
sponomar.ncbi.nlm.nih.gov,TRUE
testapplypp.fbijobs.gov,TRUE
www-ncbi-nlm-nih-gov.srv-proxy1.library.tamu.edu,TRUE
keof.jpl.nasa.gov,TRUE
ncdc.noaa.gov,TRUE
ncrmstraining.digitalinfuzion.com,TRUE
phlipuat.cdc.gov,TRUE
pmc-ncbi-nlm-nih-gov.ez39.periodicos.capes.gov.br,TRUE
pt.vecteezy.com,TRUE
pubmed-ncbi-nlm-nih-gov.ez86.periodicos.capes.gov.br,TRUE
testa.npdb.hrsa.gov,TRUE
www-obamalibrary-gov.translate.goog,TRUE
au.mwp.usembassy.gov,TRUE
bcrisktool-cancer-gov.translate.goog,TRUE
d2tuw16ob3s747.cloudfront.net,TRUE
pmc-ncbi-nlm-nih-gov.pugetsound.idm.oclc.org,TRUE
pubs-usgs-gov.translate.goog,TRUE
topobuilder-stage.nationalmap.gov,TRUE
workspace--wsdv21dvn.sandbox.my.site.com,TRUE
www-trumanlibrary-gov.translate.goog,TRUE
b2b.foleja.com,TRUE
datacatalog-qa.ccdi.cancer.gov,TRUE
homelectrical.com,TRUE
pmc-ncbi-nlm-nih-gov.proxyiub.uits.iu.edu,TRUE
respondentsd.bls.gov,TRUE
spud-stage.usgs.gov,TRUE
staging.ohrp.cit.nih.gov,TRUE
uat.fiscaldata.treasury.gov,TRUE
www-ncbi-nlm-nih-gov-ssl.medilib.gachon.ac.kr,TRUE
admin.coastalscience.noaa.gov,TRUE
consularone--testperf.sandbox.my.site.com,TRUE
fiscaldata-treasury-gov.translate.goog,TRUE
pubmed-ncbi-nlm-nih-gov.ez168.periodicos.capes.gov.br,TRUE
sipse.com,TRUE
www-ncbi-nlm-nih-gov.lib-ezproxy.concordia.ca,TRUE
www-ncbi-nlm-nih-gov.nuigalway.idm.oclc.org,TRUE
140.90.54.38,TRUE
akatest-ion-hhs.gov,TRUE
flsm-consumer-floodsmart-beta.apps.os4.production.gcp-pivot.fema.net,TRUE
pmc-ncbi-nlm-nih-gov.ez88.periodicos.capes.gov.br,TRUE
prs-beta-testing.clinicaltrials.gov,TRUE
pubmed-ncbi-nlm-nih-gov.meharry.idm.oclc.org,TRUE
sbir-prod-acsf.cancer.gov,TRUE
shoshonepaiute.nsopw.gov,TRUE
software.primre.org,TRUE
stormscdn.ngs.noaa.gov,TRUE
148.129.75.180,TRUE
akadev-ion-hhs.gov,TRUE
crisisnextdoor.trumpwhitehouse.archives.gov,TRUE
gt.ubook.com,TRUE
nbeads.com,TRUE
pmc-ncbi-nlm-nih-gov.meir.portium.org,TRUE
technology-stage.nasawestprime.com,TRUE
usapuat.opm.gov,TRUE
grandforks.af.mil,TRUE
fdicsbank.com,TRUE
mnd-admin.jdc.ao.dcn,TRUE
ninds-enterprise.lndo.site,TRUE
pmc-ncbi-nlm-nih-gov.libproxy.cha.ac.kr,TRUE
wjjq.com,TRUE
cyberpuerta.mx,TRUE
gsa.lndo.site,TRUE
newlook.com,TRUE
pcimag.com,TRUE
pubmed-ncbi-nlm-nih-gov.ezproxy.cmcc.ca,TRUE
test-seafoodinspection.nmfs.noaa.gov,TRUE
cpex.jpl.nasa.gov,TRUE
et.mwp.usembassy.gov,TRUE
openpaymentssystem.cms.gov,TRUE
pmc-ncbi-nlm-nih-gov.gate.lib.buffalo.edu,TRUE
wdc-usda--rfomqap02.sandbox.my.site.com,TRUE
www-cpc-ncep-noaa-gov.translate.goog,TRUE
www-ncbi-nlm-nih-gov.libdata.lib.ua.edu,TRUE
usafe.af.mil,TRUE
cahpsdatabase.ahrq.gov,TRUE
magpie.nlm.nih.gov,TRUE
sdwisstg.epa.gov,TRUE
stagelandfire.cr.usgs.gov,TRUE
www-justthinktwice-gov.translate.goog,TRUE
andersen.af.mil,TRUE
ctpost.com,TRUE
cms.marinedebris.local.nos-orr.net,TRUE
edit.testing.tsa.gov,TRUE
edscncs.custhelp.com,TRUE
fashionmagazine.com,TRUE
ferris.edu,TRUE
staging-meps.ahrq.gov,TRUE
californiapsychics.com,TRUE
cmsflux.jpl.nasa.gov,TRUE
grsp-dev-windows-eastus-as-cancer.azurewebsites.net,TRUE
pubmed-ncbi-nlm-nih-gov.summa.ohionet.org,TRUE
soccer.nci.nih.gov,TRUE
stage.niaaa.nih.gov,TRUE
wetsuitoutlet.es,TRUE
michelinman.com,TRUE
205.156.4.138,TRUE
cooptima.org,TRUE
montepy.jpl.nasa.gov,TRUE
pb-test-drive.dso.mil,TRUE
pia.army.mil,TRUE
pubmed-ncbi-nlm-nih-gov.scd1.univ-fcomte.fr,TRUE
synergia.fnal.gov,TRUE
appdev4.erg.com,TRUE
blast-ncbi-nlm-nih-gov.lib-ezproxy.concordia.ca,TRUE
c3carecarcenter.com,TRUE
integration.ucms.intel.gov,TRUE
oradeveloper03.cns.gov,TRUE
pmc-ncbi-nlm-nih-gov.ezproxy.library.unlv.edu,TRUE
pubmed-ncbi-nlm-nih-gov.maproxy.palni.edu,TRUE
staging.pfda.dnanexus.com,TRUE
www-aoml-noaa-gov.translate.goog,TRUE
www-ncbi-nlm-nih-gov.samuelmerritt.idm.oclc.org,TRUE
atf.gov,TRUE
account-ncbi-nlm-nih-gov.offcampus.lib.washington.edu,TRUE
blast.r1.genedigtech.cloud,TRUE
eg.mwp.usembassy.gov,TRUE
eventbrite.ca,TRUE
evsexplore-qa.semantics.cancer.gov,TRUE
fas2.stg.platform.usda.gov,TRUE
minutes.frtib.gov,TRUE
pmc-ncbi-nlm-nih-gov.mlprox.csmc.edu,TRUE
pubmed-ncbi-nlm-nih-gov.burlo.idm.oclc.org,TRUE
staging.together.gov,TRUE
stg.pbgc.gov,TRUE
usadata.opm.gov,TRUE
wrairafrica.health.mil,TRUE
www-ncbi-nlm-nih-gov.proxy.library.vanderbilt.edu,TRUE
ams2.stg.platform.usda.gov,TRUE
pmc-ncbi-nlm-nih-gov.elib.tcd.ie,TRUE
pmc-ncbi-nlm-nih-gov.ez50.periodicos.capes.gov.br,TRUE
pmc-ncbi-nlm-nih-gov.ezproxy.univ-catholille.fr,TRUE
pubmed-ncbi-nlm-nih-gov.ezproxy.lib.purdue.edu,TRUE
sfb.dodlive.mil,TRUE
toursbylocals.com,TRUE
xraise.sandia.gov,TRUE
data.re-explorer.org,TRUE
emaps.ed.gov,TRUE
materials.nlr.gov,TRUE
mx.mwp.usembassy.gov,TRUE
ncif-staging.ncifcrf.gov,TRUE
pmc-ncbi-nlm-nih-gov.ezproxy.brighton.ac.uk,TRUE
pss.bie.edu,TRUE
pubmed-ncbi-nlm-nih-gov.ezproxy.lib.vt.edu,TRUE
www-ncbi-nlm-nih-gov.ez.srv.meduniwien.ac.at,TRUE
www-ncbi-nlm-nih-gov.proxy.lib.uwaterloo.ca,TRUE
account-ncbi-nlm-nih-gov.ezproxy.cul.columbia.edu,TRUE
eisavpn.cbp.gov,TRUE
entrevue.fr,TRUE
icite.od.nih.gov,TRUE
peacecorpsjobs.usajobs.gov,TRUE
pubmed-ncbi-nlm-nih-gov.bibproxy.du.se,TRUE
wdc-usda--rfrcdevs26.sandbox.my.site.com,TRUE
www-ncbi-nlm-nih-gov.lproxy.pusan.ac.kr,TRUE
www-ncbi-nlm-nih-gov.proxy.bib.uottawa.ca,TRUE
account-ncbi-nlm-nih-gov.uc.idm.oclc.org,TRUE
admin.myhealth.va.gov,TRUE
att.com,TRUE
ciencia-nasa-gov.translate.goog,TRUE
pmc-ncbi-nlm-nih-gov.byu.idm.oclc.org,TRUE
pmc-ncbi-nlm-nih-gov.ez182.periodicos.capes.gov.br,TRUE
pmc-ncbi-nlm-nih-gov.ezproxy.lib.uts.edu.au,TRUE
wids-idsse-1,TRUE
transportation.gov,TRUE
air811.app.cloud.gov,TRUE
cfpb.usajobs.gov,TRUE
compare.iprice.my,TRUE
desk-apex.nci.nih.gov,TRUE
dhs-vinelink.qa.appriss.com,TRUE
feedback.opm.gov,TRUE
leepsummit.anl.gov,TRUE
pmc-ncbi-nlm-nih-gov.ezproxy1.bath.ac.uk,TRUE
pubmed-ncbi-nlm-nih-gov.libproxy.pknu.ac.kr,TRUE
pubmed-ncbi-nlm-nih-gov.nwhealth.idm.oclc.org,TRUE
eielson.af.mil,TRUE
goodfellow.af.mil,TRUE
acquia-stage-dot.dot.gov,TRUE
ch.mwp.usembassy.gov,TRUE
dp10aln87fs7p.cloudfront.net,TRUE
gdo163.llnl.gov,TRUE
gdo168.llnl.gov,TRUE
npic-sso.rightanswers.com,TRUE
pmc-ncbi-nlm-nih-gov.glos.idm.oclc.org,TRUE
pubmed-ncbi-nlm-nih-gov.flagship.luc.edu,TRUE
radnet.epa.gov,TRUE
bsee.gov,TRUE
navy.mil,TRUE
communication.fnal.gov,TRUE
forum.audiogon.com,TRUE
proteome.nih.gov,TRUE
pubmed-ncbi-nlm-nih-gov.ezp.med.uvm.edu,TRUE
pubmed-ncbi-nlm-nih-gov.ezproxy.mu-plovdiv.bg,TRUE
shaw.af.mil,TRUE
content.niaaa.nih.gov,TRUE
cybersecurity-atwork.fnal.gov,TRUE
enuygun.com,TRUE
erosstage.cr.usgs.gov,TRUE
gambyl.com,TRUE
iaea.llnl.gov,TRUE
patonlab-alfabet-bde.hf.space,TRUE
planetfitness.com,TRUE
pmc-ncbi-nlm-nih-gov.erm.vghks.gov.tw,TRUE
pmc-ncbi-nlm-nih-gov.fukuoka-u.idm.oclc.org,TRUE
reaction-dynamics.llnl.gov,TRUE
www-aaro-mil.translate.goog,TRUE
akadev2-ion-hhs.gov,TRUE
devburnseverity.cr.usgs.gov,TRUE
earthnow-usgs-gov.translate.goog,TRUE
nioshtcm.cdc.gov,TRUE
www-ncbi-nlm-nih-gov.sidra.idm.oclc.org,TRUE
www-ncbi-nlm-nih-gov.univaq.idm.oclc.org,TRUE
www-ncbi-nlm-nih-gov.vghtpe.idm.oclc.org,TRUE
nsopw.gov,TRUE
165.112.140.161,TRUE
blog-brigade.gcn.militaryonesource.mil,TRUE
br.mwp.usembassy.gov,TRUE
bwt-admin.sat.mesh.cbp.dhs.gov,TRUE
chromtech.com,TRUE
ctsu-unit.cancer.gov,TRUE
medicarerebates.helpdesk.cms.gov,TRUE
pmc-ncbi-nlm-nih-gov.passerelle.univ-rennes.fr,TRUE
publicwebcmsode67.prod.acquia-sites.com,TRUE
share.google,TRUE
staging.tsa.gov,TRUE
suns.sandia.gov,TRUE
mrlc.gov,TRUE
navfac.navy.mil,TRUE
aem-p-beta.lanl.gov,TRUE
daacclassic.ornl.gov,TRUE
dichtienghoa.com,TRUE
itb.nci.nih.gov,TRUE
pmc-ncbi-nlm-nih-gov.ezproxy.is.cuni.cz,TRUE
pubmed-ncbi-nlm-nih-gov.sphproxy.sph.org.tw,TRUE
strap.nci.nih.gov,TRUE
www-cdc-gov.ezproxy.bu.edu,TRUE
www-navy-mil.translate.goog,TRUE
usfa.fema.gov,TRUE
140.172.244.60,TRUE
blast-ncbi-nlm-nih-gov.acces.bibl.ulaval.ca,TRUE
lpdaac.usgs.gov,TRUE
mooreboeck.com,TRUE
origin-east-www-trainweather.woc.noaa.gov,TRUE
pmc-ncbi-nlm-nih-gov.ust.idm.oclc.org,TRUE
pubmed-ncbi-nlm-nih-gov.berlioz.brandonu.ca,TRUE
pubmed-ncbi-nlm-nih-gov.ezp1.villanova.edu,TRUE
gdo-meta2db.llnl.gov,TRUE
pmc-ncbi-nlm-nih-gov.usu01.idm.oclc.org,TRUE
ta.nicic.gov,TRUE
www-ncbi-nlm-nih-gov.ezp3.lib.umn.edu,TRUE
www-ncbi-nlm-nih-gov.ezproxy1.lib.asu.edu,TRUE
www-ncbi-nlm-nih-gov.jmul.idm.oclc.org,TRUE
wwwauthor.nichd.nih.gov,TRUE
aries0112.blogspot.com,TRUE
food-safety.com,TRUE
pmc-ncbi-nlm-nih-gov.ezproxy.uef.fi,TRUE
pmc-ncbi-nlm-nih-gov.inc.bib.cnrs.fr,TRUE
pmc-ncbi-nlm-nih-gov.proxy2.biblio.supsi.ch,TRUE
pmc-ncbi-nlm-nih-gov.rosalindfranklin.idm.oclc.org,TRUE
pmc-ncbi-nlm-nih-gov.sheba.portium.org,TRUE
pmc-ncbi-nlm-nih-gov.wilkes.idm.oclc.org,TRUE
pubmed-ncbi-nlm-nih-gov.ezproxy.zefat.ac.il,TRUE
pubmed-ncbi-nlm-nih-gov.libproxy.highpoint.edu,TRUE
pubmed-ncbi-nlm-nih-gov.mbru.idm.oclc.org,TRUE
www-fdic-gov.translate.goog,TRUE
www-ncbi-nlm-nih-gov.ezproxy.ub.gu.se,TRUE
niaaa.nih.gov,TRUE
acquia-dev-dot.dot.gov,TRUE
bioreport.genskey.com,TRUE
ce2s2-staging.client.mooreboeck.com,TRUE
fdic-gov.live,TRUE
green-uts-us-east-1.awsint.nlm.nih.gov,TRUE
pubmed-ncbi-nlm-nih-gov-ssl.medlib.seoulmc.or.kr,TRUE
pubmed-ncbi-nlm-nih-gov.proxy-fs.researchport.umd.edu,TRUE
wampanoag.nsopw.gov,TRUE
162.99.45.64,TRUE
agencyportal.usajobs.local,TRUE
eji.cdc.gov,TRUE
justinmichaelmoore.com,TRUE
masterclass.com,TRUE
pmc-ncbi-nlm-nih-gov.dmu.idm.oclc.org,TRUE
preview.fedramp.gov,TRUE
permitting.gov,TRUE
account-ncbi-nlm-nih-gov.ezaccess.libraries.psu.edu,TRUE
iwaste-staging.app.cloud.gov,TRUE
nmssanctuarieseus2-uat.azurewebsites.net,TRUE
oceanworldslab.jpl.nasa.gov,TRUE
pubmed-ncbi-nlm-nih-gov.proxy.pnwu.org,TRUE
dm.af.mil,TRUE
es-usembassy-gov.translate.goog,TRUE
extranetgp.pwc.com,TRUE
integration.cms.intel.gov,TRUE
omaostg.omao.noaa.gov,TRUE
pa.mwp.usembassy.gov,TRUE
pmc-ncbi-nlm-nih-gov.ezproxy.tntech.edu,TRUE
pmc-ncbi-nlm-nih-gov.libproxy.unl.edu,TRUE
pubmed-ncbi-nlm-nih-gov.ez21.periodicos.capes.gov.br,TRUE
pubmed-ncbi-nlm-nih-gov.libproxy.wlu.ca,TRUE
videoarchive.usgs.gov,TRUE
www-ncbi-nlm-nih-gov.libproxy.berkeley.edu,TRUE
rarediseases-qa.ncats.nih.gov,TRUE
stage-ems.gov,TRUE
www-ncbi-nlm-nih-gov-ssl.libproxy.amc.seoul.kr,TRUE
www-ncbi-nlm-nih-gov.ezproxy.dbazes.lsmuni.lt,TRUE
collections.awsint.nlm.nih.gov,TRUE
doiu.doi-gov.docksal.site,TRUE
imagic.lhcaws-stage-pub.nlm.nih.gov,TRUE
me.mwp.usembassy.gov,TRUE
pmc-ncbi-nlm-nih-gov.beckerproxy.wustl.edu,TRUE
pmc-ncbi-nlm-nih-gov.ezproxy.normandie-univ.fr,TRUE
pmc-ncbi-nlm-nih-gov.proxy.uchicago.edu,TRUE
seasonal-nps.usajobs.gov,TRUE
sweetcare.pt,TRUE
www-ncbi-nlm-nih-gov.ccl.idm.oclc.org,TRUE
amc.af.mil,TRUE
account-ncbi-nlm-nih-gov.ezproxy.u-paris.fr,TRUE
curator.local,TRUE
davcenter.hpc.mil,TRUE
pmc-ncbi-nlm-nih-gov.colorado.idm.oclc.org,TRUE
pmc-ncbi-nlm-nih-gov.lecom.idm.oclc.org,TRUE
pubmed-ncbi-nlm-nih-gov.eresourcesptsl.ukm.remotexs.co,TRUE
spectrumstage.prod.acquia-sites.com,TRUE
training.cmsd9.chs.usgs.gov,TRUE
treasurydirect.fiscal.treasury.gov,TRUE
uat.rocis.gov,TRUE
www-ncbi-nlm-nih-gov.libproxy2.usc.edu,TRUE
firejobs.doi.gov,TRUE
classaction.org,TRUE
elvperfuat.ndc.nasa.gov,TRUE
master-5etusuhvqqk88u2e6sruxl7rh8mjdtla.tugboatqa.com,TRUE
qa-wwwhhsgov.cloud.hhs.gov,TRUE
tucson.ars.ag.gov,TRUE
fsisstudentjobs.usajobs.gov,TRUE
nccherokee.nsopw.gov,TRUE
pmc-ncbi-nlm-nih-gov.libproxy.uthscsa.edu,TRUE
pmc-ncbi-nlm-nih-gov.ludwig.lub.lu.se,TRUE
pmc-ncbi-nlm-nih-gov.scd1.univ-fcomte.fr,TRUE
search.job-applications.com,TRUE
www-ncbi-nlm-nih-gov.ucc.idm.oclc.org,TRUE
hiv.lanl.gov,TRUE
artreportingdashboard.cdc.gov,TRUE
example.hhsops.gov,TRUE
pubmed-ncbi-nlm-nih-gov.spz1.swissconsortium.ch,TRUE
tools.emac.gsfc.nasa.gov,TRUE
www-hhs-gov.offcampus.lib.washington.edu,TRUE
icspcdwb.aws.epa.gov,TRUE
igsafp428sr128.er.usgs.gov,TRUE
imp.insurekidsnow.gov,TRUE
leballonrond.fr,TRUE
main.d2zsgmcacmp7qp.amplifyapp.com,TRUE
mara.llnl.gov,TRUE
mc-bb6a5161-fe69-4e8d-9dfa-597384-cm.azurewebsites.net,TRUE
opmoig.usajobs.gov,TRUE
pmc-ncbi-nlm-nih-gov.ezproxy.aut.ac.nz,TRUE
pmc-ncbi-nlm-nih-gov.ezproxy.usc.edu.au,TRUE
powerapps.nhlbi.nih.gov,TRUE
pubmed-1ncbi-1nlm-1nih-1gov-1v67xgbow0010.mhh.hh-han.com,TRUE
pubmed-ncbi-nlm-nih-gov.biblioproxy.uqtr.ca,TRUE
pubmed-ncbi-nlm-nih-gov.ez181.periodicos.capes.gov.br,TRUE
py.mwp.usembassy.gov,TRUE
wlf-nps.usajobs.gov,TRUE
www-ncbi-nlm-nih-gov.ezproxy.jamk.fi,TRUE
www-ncbi-nlm-nih-gov.proxy1.library.virginia.edu,TRUE
198.128.246.202,TRUE
guatapecolombia.co,TRUE
pe.mwp.usembassy.gov,TRUE
pmc-ncbi-nlm-nih-gov.ez75.periodicos.capes.gov.br,TRUE
pmc-ncbi-nlm-nih-gov.iclibezp1.cc.ic.ac.uk,TRUE
pmc-ncbi-nlm-nih-gov.libproxy.washu.edu,TRUE
pmc-ncbi-nlm-nih-gov.proxy-tu.researchport.umd.edu,TRUE
pubmed-ncbi-nlm-nih-gov.bibaccess.haw-landshut.de,TRUE
pubmed-ncbi-nlm-nih-gov.ezproxy.aut.ac.nz,TRUE
pubmed.urp.elogim.com,TRUE
secnews.psb.bls.gov,TRUE
apps.hr.osu.edu,TRUE
climate.nlr.gov,TRUE
d7.qa.archives.gov,TRUE
drupaldev-public.bls.gov,TRUE
eores-xprod.nesdis-hq.noaa.gov,TRUE
es.ubook.com,TRUE
pmc-ncbi-nlm-nih-gov.ezproxy2.utwente.nl,TRUE
pubmed-ncbi-nlm-nih-gov.cmedeastlibrary.idm.oclc.org,TRUE
soundhouse.co.jp,TRUE
staging.dhs.gov,TRUE
140.172.38.101,TRUE
moialtushki.lol,TRUE
pmc-ncbi-nlm-nih-gov.proxy.ulib.uits.iu.edu,TRUE
pmc-ncbi-nlm-nih-gov.uobezsecureaccess.idm.oclc.org,TRUE
pubmed-ncbi-nlm-nih-gov.libraryproxy.tulsacc.edu,TRUE
waterservices.resolve.usgs.gov,TRUE
semanticscholar.org,TRUE
thehour.com,TRUE
140.90.132.95,TRUE
craftelier.com,TRUE
fairs.reporting.gov,TRUE
oar-nihodmeoprod.prod.acquia-sites.com,TRUE
planetary-nomenclature.prod-asc.chs.usgs.gov,TRUE
pmc-ncbi-nlm-nih-gov.gcsom.idm.oclc.org,TRUE
progressreport.st.beta.imsweb.com,TRUE
pubmed-ncbi-nlm-nih-gov.proxy01.shawnee.edu,TRUE
www-ncbi-nlm-nih-gov.uri.idm.oclc.org,TRUE
xiaomitoday.it,TRUE
admin.dea.gov,TRUE
ams-prod.azureedge.us,TRUE
cebsp11.niehs.nih.gov,TRUE
clubpatrimoine.com,TRUE
master.portalval.cms.cmsval,TRUE
mecs.llnl.gov,TRUE
nauticalcharts.ocs-aws-prod.net,TRUE
noaa.primo.exlibrisgroup.com,TRUE
pmc-ncbi-nlm-nih-gov.ezproxy.tcu.edu,TRUE
pmc-ncbi-nlm-nih-gov.ezproxy.universitetetioslo.no,TRUE
pubmed-ncbi-nlm-nih-gov.uncfsu.idm.oclc.org,TRUE
status.sit.earthdata.nasa.gov,TRUE
dol.gov,TRUE
mcconnell.af.mil,TRUE
beta.helioviewer.org,TRUE
ci-open.ctsu.org,TRUE
devcalval.cr.usgs.gov,TRUE
fss-ui-mgmt.fss19-mgmt.fcs.gsa.gov,TRUE
hivrisk-cdc-gov.translate.goog,TRUE
installations-militaryonesource-mil.translate.goog,TRUE
isfnt-16.ornl.gov,TRUE
ng.mwp.usembassy.gov,TRUE
pmc-ncbi-nlm-nih-gov.kaiserpermanente.idm.oclc.org,TRUE
pmc-ncbi-nlm-nih-gov.libux.utmb.edu,TRUE
pmc-ncbi-nlm-nih-gov.webopac.lib.iwate-med.ac.jp,TRUE
pubmed-ncbi-nlm-nih-gov.lopes.idm.oclc.org,TRUE
pubmed-ncbi-nlm-nih-gov.uniessexlib.idm.oclc.org,TRUE
puyalluptribe.nsopw.gov,TRUE
tempest.aoml.noaa.gov,TRUE
accesstopwt.va.gov,TRUE
hirevets.gov,TRUE
noaa.gov,TRUE
zazzle.at,TRUE
137.227.252.8,TRUE
armyhealthfacilities.amedd.army.mil,TRUE
hts-usitc-gov.translate.goog,TRUE
icsdtweb.aws.epa.gov,TRUE
pmc-ncbi-nlm-nih-gov.libproxy.sdsu.edu,TRUE
pubmed-ncbi-nlm-nih-gov.proxy.mau.se,TRUE
140.172.253.69,TRUE
ad-controls.fnal.gov,TRUE
blogs.nasa.gov,TRUE
bm-consulate.mwp.usembassy.gov,TRUE
eapis.cbp.dhs.gov,TRUE
earth-gsfc-nasa-gov.translate.goog,TRUE
fireballs.ndc.nasa.gov,TRUE
navigator.nps.gov,TRUE
pmc-ncbi-nlm-nih-gov.ez31.periodicos.capes.gov.br,TRUE
pubmed-ncbi-nlm-nih-gov.pearl.stkate.edu,TRUE
pubmed-ncbi-nlm-nih-gov.proxy.bc.edu,TRUE
pubmed-ncbi-nlm-nih-gov.scnmlib.idm.oclc.org,TRUE
raft-model.pnnl.gov,TRUE
rcfl.emjj.me,TRUE
s3c.sandia.gov,TRUE
simplybusiness.co.uk,TRUE
sites-ed-gov.translate.goog,TRUE
staging.askearn.org,TRUE
www-ncbi-nlm-nih-gov.fontys.idm.oclc.org,TRUE
www-ncbi-nlm-nih-gov.virtual.anu.edu.au,TRUE
www-nrcs-usda-gov.translate.goog,TRUE
yokota.af.mil,TRUE
140.172.200.41,TRUE
climate.nasa.gov,TRUE
ejscreen.ejanalysis.com,TRUE
gdo-cislunar.llnl.gov,TRUE
idp.bleachbyte.identitysandbox.gov,TRUE
nef-classic.uat.nasa.gov,TRUE
pmc-ncbi-nlm-nih-gov.juntendo.idm.oclc.org,TRUE
pubmed-ncbi-nlm-nih-gov.uai.idm.oclc.org,TRUE
spase-validator.heliocloud.org,TRUE
tvawcma.com,TRUE
uts.awsint.nlm.nih.gov,TRUE
vpn-portal.hs-bochum.de,TRUE
fordlibrarymuseum.gov,TRUE
apps-nefsc.fisheries.noaa.gov,TRUE
essportal.tva.gov,TRUE
mrporter.com,TRUE
alamy.com,TRUE
usff.navy.mil,TRUE
esh-atwork.fnal.gov,TRUE
nci.llnl.gov,TRUE
oculus.atdd.noaa.gov,TRUE
partselect.ca,TRUE
phiesta.niaid.nih.gov,TRUE
pmc-ncbi-nlm-nih-gov.dproxy.library.dc-uoit.ca,TRUE
sems-s.epa.gov,TRUE
tpl.nlr.gov,TRUE
uatpstrainingtracker.fns.usda.gov,TRUE
usda-military-spouses.usajobs.gov,TRUE
www-ncbi-nlm-nih-gov.ufpcanarias.idm.oclc.org,TRUE
www25.dev04.imsweb.com,TRUE
137.227.235.121,TRUE
3dhrs.epa.gov,TRUE
airnowfire-blue.app.cloud.gov,TRUE
cl.mwp.usembassy.gov,TRUE
clinical-qa.datacommons.cancer.gov,TRUE
cosmetis.com,TRUE
idp.ursula.identitysandbox.gov,TRUE
mx-usembassy-gov.translate.goog,TRUE
phd-26.blm.gov,TRUE
pk.trip.com,TRUE
pmc-ncbi-nlm-nih-gov.ezproxy.rowan.edu,TRUE
pubmed-ncbi-nlm-nih-gov.ezpv7-web-p-u01.wpi.edu,TRUE
staging.srp.fas.gsa.gov,TRUE
vltfusion.org,TRUE
www-ncbi-nlm-nih-gov.evms.idm.oclc.org,TRUE
www-ncbi-nlm-nih-gov.proxy.unibs.it,TRUE
kunsan.af.mil,TRUE
luke.af.mil,TRUE
netc.navy.mil,TRUE
www1-beta.usgs.gov,TRUE
bd.mwp.usembassy.gov,TRUE
dartslab.jpl.nasa.gov,TRUE
idcfutil.psb.bls.gov,TRUE
ncrmsstm.digitalinfuzion.com,TRUE
pmc-ncbi-nlm-nih-gov.till.biblextern.sh.se,TRUE
pmc-ncbi-nlm-nih-gov.utalca.idm.oclc.org,TRUE
roofingcontractor.com,TRUE
sa-dcc-prd001-dp.studentaid.gov,TRUE
t.cdc.gov,TRUE
www-ncbi-nlm-nih-gov.bris.idm.oclc.org,TRUE
author.nagb.org,TRUE
populationsciences.datacommons.cancer.gov,TRUE
pubmed-ncbi-nlm-nih-gov.ezproxy.acadiau.ca,TRUE
pubmed-ncbi-nlm-nih-gov.libraryproxy.uwp.edu,TRUE
www-hiv-va-gov.translate.goog,TRUE
www-ncbi-nlm-nih-gov.wake.idm.oclc.org,TRUE
epi-grants.st.uat.imsweb.com,TRUE
keramaexpert.ua,TRUE
newhudoigprod.prod.acquia-sites.com,TRUE
nova-exp.fnal.gov,TRUE
plainlanguage.18f.org,TRUE
pmc-ncbi-nlm-nih-gov.ez93.periodicos.capes.gov.br,TRUE
pmc-ncbi-nlm-nih-gov.ezgc.ez.cwmars.org,TRUE
pmc-ncbi-nlm-nih-gov.ezproxy.univ-orleans.fr,TRUE
power.smce.nasa.gov,TRUE
pubmed-ncbi-nlm-nih-gov.ez428.periodicos.capes.gov.br,TRUE
pubmed-ncbi-nlm-nih-gov.ez7.periodicos.capes.gov.br,TRUE
pubmed-ncbi-nlm-nih-gov.proxy1.library.eiu.edu,TRUE
regionalbiomassresourcehub.inl.gov,TRUE
russellranch.jpl.nasa.gov,TRUE
wdc-usda--rfomdevd02.sandbox.my.site.com,TRUE
www-ncbi-nlm-nih-gov.inee.bib.cnrs.fr,TRUE
www-ncbi-nlm-nih-gov.oregonstate.idm.oclc.org,TRUE
www-ncbi-nlm-nih-gov.ump.remotexs.co,TRUE
zehenspiel.de,TRUE
130.14.16.161,TRUE
analytics-develop.app.cloud.gov,TRUE
ec.lifestylepostdaily.online,TRUE
gdo-lc.llnl.gov,TRUE
hmda-beta-eks.staging-regtech.aws.cfpb.gov,TRUE
pk.mwp.usembassy.gov,TRUE
pmc-ncbi-nlm-nih-gov.cedarcrestcollege.idm.oclc.org,TRUE
pmc-ncbi-nlm-nih-gov.ezproxy.jamk.fi,TRUE
pmc-ncbi-nlm-nih-gov.molloy.idm.oclc.org,TRUE
pubmed-ncbi-nlm-nih-gov.larkin.idm.oclc.org,TRUE
uspto.gov,TRUE
azhrsautl3.amer.reisystems.com,TRUE
bulk-cloud.usgs.gov,TRUE
eric-ed-gov.ezproxy.library.wisc.edu,TRUE
mywaterway-prod.app.cloud.gov,TRUE
nuc-hazard-zones.llnl.gov,TRUE
pmc-ncbi-nlm-nih-gov.ezproxyhhs.nihlibrary.nih.gov,TRUE
pubmed-ncbi-nlm-nih-gov.proxy.uwec.edu,TRUE
zuni4po.psb.bls.gov,TRUE
askeagle-qa2.cancer.gov,TRUE
carbon.nimh.nih.gov,TRUE
cdf.fnal.gov,TRUE
charlies.co.uk,TRUE
clint13,TRUE
d194xvuqk2e0mj.cloudfront.net,TRUE
edit-testint.cisa.gov,TRUE
gdo-microlensing.llnl.gov,TRUE
pmc-ncbi-nlm-nih-gov.carmelmc.portium.org,TRUE
pmc-ncbi-nlm-nih-gov.ez373.periodicos.capes.gov.br,TRUE
pmc-ncbi-nlm-nih-gov.galanga.hvl.no,TRUE
prologue-blogs-archives-gov.translate.goog,TRUE
pubmed-ncbi-nlm-nih-gov.prox.lib.ncsu.edu,TRUE
pubmed-ncbi-nlm-nih-gov.rambam.portium.org,TRUE
pubmed-ncbi-nlm-nih-gov.rlib.pace.edu,TRUE
www-ustraveldocs-com.translate.goog,TRUE
kaonavi.jp,TRUE
kestral.pmel.noaa.gov,TRUE
pmc-ncbi-nlm-nih-gov.alliant.idm.oclc.org,TRUE
pmc-ncbi-nlm-nih-gov.proxy180.nclive.org,TRUE
pmc-ncbi-nlm-nih-gov.ump.remotexs.co,TRUE
satjapan.com,TRUE
www-getsmartaboutdrugs-gov.translate.goog,TRUE
www-ncbi-nlm-nih-gov.bvsp.idm.oclc.org,TRUE
msc.usff.navy.mil,TRUE
swg.usace.army.mil,TRUE
banyan.sandia.gov,TRUE
blast-ncbi-nlm-nih-gov.webproxy2.ouhsc.edu,TRUE
cdn.sba.gov,TRUE
consularone--dev001.sandbox.my.site.com,TRUE
d2zlgm7fod51p5.cloudfront.net,TRUE
hypotenuse.ai,TRUE
idp.ursulapato.identitysandbox.gov,TRUE
ieqnet.fnal.gov,TRUE
pmc-ncbi-nlm-nih-gov.libproxy.boisestate.edu,TRUE
pmc-ncbi-nlm-nih-gov.prox.lib.ncsu.edu,TRUE
pubmed-ncbi-nlm-nih-gov.ndr.aub.aau.dk,TRUE
search.foia.gov,TRUE
support.hp.com,TRUE
www-omao-noaa-gov.translate.goog,TRUE
4gon.co.uk,TRUE
cellsig.ccr.cancer.gov,TRUE
dante.sandia.gov,TRUE
edg.epa.gov,TRUE
gdo-datasci.llnl.gov,TRUE
hibase.noaa.gov,TRUE
huyett.com,TRUE
pubmed-ncbi-nlm-nih-gov.ezproxy4.library.arizona.edu,TRUE
pubmed-ncbi-nlm-nih-gov.nazareth.portium.org,TRUE
vendor-cjcopy.fbi.gov,TRUE
www-ncbi-nlm-nih-gov.proxy.queensu.ca,TRUE
akastage4-ion-hhs.gov,TRUE
ccdi-stage.cancer.gov,TRUE
easemytrip.com,TRUE
edinburgh-reviews.co.uk,TRUE
esi.orr.noaa.gov,TRUE
glamot.de,TRUE
pmc-ncbi-nlm-nih-gov.pklibresources.health.wa.gov.au,TRUE
pmc-ncbi-nlm-nih-gov.rrh.idm.oclc.org,TRUE
pmc-ncbi-nlm-nih-gov.ucfcomhsl.idm.oclc.org,TRUE
pubmed-ncbi-nlm-nih-gov.wa.opal-libraries.org,TRUE
www-farmers-gov.translate.goog,TRUE
caprisuat.ncua.gov,TRUE
cobra.app.cloud.gov,TRUE
common.usembassy.gov,TRUE
phenology.cr.usgs.gov,TRUE
pmc-ncbi-nlm-nih-gov.umiss.idm.oclc.org,TRUE
pubmed-ncbi-nlm-nih-gov-ssl.library.nih.go.kr,TRUE
pubmed-ncbi-nlm-nih-gov.ezproxy.deltastate.edu,TRUE
www-ncbi-nlm-nih-gov.ezproxy.unilim.fr,TRUE
usajobs.local,TRUE
consularone--dev013.sandbox.my.site.com,TRUE
data.dissdev3.census.gov,TRUE
engineering.fnal.gov,TRUE
eworkhub.fnal.gov,TRUE
fleetredi.nlr.gov,TRUE
ftp.cbrfc.noaa.gov,TRUE
internal-audit.fnal.gov,TRUE
pmc-ncbi-nlm-nih-gov.ez89.periodicos.capes.gov.br,TRUE
samples.moonshotbiobank.cancer.gov,TRUE
tosize.be,TRUE
www-ncbi-nlm-nih-gov.proxy-um.researchport.umd.edu,TRUE
afcec.af.mil,TRUE
www2.pmel.noaa.gov,TRUE
acquia-test-fra.dot.gov,TRUE
aquabid.com,TRUE
devaws.nosngs.noaa,TRUE
ers-cr-usgs-gov.translate.goog,TRUE
gosource.us,TRUE
nsidc-local.nsidc.org,TRUE
plasmasphere.nasa.gov,TRUE
prsint.ncbi.nlm.nih.gov,TRUE
tots.epa.gov,TRUE
vaxvizapp-int.apps.ecpaas.cdc.gov,TRUE
www-va-gov.va.proxy.liblynxgateway.com,TRUE
akaqa5-ion-hhs.gov,TRUE
damal.projectenhancement.com,TRUE
diplomacy-state-gov.translate.goog,TRUE
drupal-prod.goesr.woc.noaa.gov,TRUE
ffdocproxy.prod.factset.com,TRUE
icdgenie.cancer.gov,TRUE
pmc-ncbi-nlm-nih-gov.oregonstate.idm.oclc.org,TRUE
pubmed-ncbi-nlm-nih-gov.archer.luc.edu,TRUE
pubmed-ncbi-nlm-nih-gov.ezproxy.indstate.edu,TRUE
pubmed-ncbi-nlm-nih-gov.hoshi.remotexs.co,TRUE
pubmed-ncbi-nlm-nih-gov.mu.opal-libraries.org,TRUE
pubmed-ncbi-nlm-nih-gov.ncnm.idm.oclc.org,TRUE
2001--2009-state-gov.translate.goog,TRUE
dev-nbdc-biobank.nida.nih.gov,TRUE
kurage.nimh.nih.gov,TRUE
mc-e4a871f7-bfac-4eb5-bed1-0883-cd.azurewebsites.net,TRUE
pmc-ncbi-nlm-nih-gov.proxy.lib.odu.edu,TRUE
pubmed-ncbi-nlm-nih-gov.ezproxy.lib.le.ac.uk,TRUE
pubmed-ncbi-nlm-nih-gov.fsuproxy.idm.oclc.org,TRUE
pubmed-ncbi-nlm-nih-gov.proxy.lib.ltu.se,TRUE
startup.jobs,TRUE
stg.ecomp.dol.gov,TRUE
vlco.marines.mil,TRUE
137.227.241.74,TRUE
55samfrontendlogin.apps.prod-iae.bsp.gsa.gov,TRUE
d16450h30z080t.cloudfront.net,TRUE
emergency.lanl.gov,TRUE
federation.fnal.gov,TRUE
gdo-hdp.llnl.gov,TRUE
intrac.wma.chs.usgs.gov,TRUE
mdctsedsval.cms.gov,TRUE
ph.mwp.usembassy.gov,TRUE
pmc-ncbi-nlm-nih-gov.ezproxy.uwc.ac.za,TRUE
pmc-ncbi-nlm-nih-gov.proxy.mul.missouri.edu,TRUE
www-ncbi-nlm-nih-gov.bibliosan.idm.oclc.org,TRUE
www-va-gov.translate.goog,TRUE
gsa.gov,TRUE
acquia-test-marad.dot.gov,TRUE
geodesy-noaa-gov.translate.goog,TRUE
inp2300irmadv03.nps.doi.net,TRUE
jobs-origin.cdc.gov,TRUE
mm.mwp.usembassy.gov,TRUE
nono634.blog.fc2.com,TRUE
pmc-ncbi-nlm-nih-gov.biblioproxy.uqtr.ca,TRUE
pmc-ncbi-nlm-nih-gov.ez117.periodicos.capes.gov.br,TRUE
tavolashop.com,TRUE
usnatarchives.tumblr.com,TRUE
weaad.acl.gov,TRUE
www-ncbi-nlm-nih-gov.ep.bib.mdh.se,TRUE
malmstrom.af.mil,TRUE
account-ncbi-nlm-nih-gov.libproxy.temple.edu,TRUE
auronia.de,TRUE
dse.mil,TRUE
fabletics.com,TRUE
nswcpd.usajobs.gov,TRUE
pubmed-ncbi-nlm-nih-gov-ssl.openlink.ssu.ac.kr,TRUE
140.90.132.98,TRUE
cmsrr.orr.noaa.gov,TRUE
crgcm.health.mil,TRUE
data-nasa-gov.translate.goog,TRUE
eric-ed-gov.libproxy.kongju.ac.kr,TRUE
etoffe.com,TRUE
financeearlycareer.usajobs.gov,TRUE
guinealandia.es,TRUE
icsd-i.nist.gov,TRUE
irsreservegov.org,TRUE
lep-pds.gsfc.nasa.gov,TRUE
origin-gsa.gov,TRUE
pmc-ncbi-nlm-nih-gov.casper.idm.oclc.org,TRUE
pmc-ncbi-nlm-nih-gov.smatteo.idm.oclc.org,TRUE
spud.usgs.gov,TRUE
tr-usembassy-gov.translate.goog,TRUE
www-ncbi-nlm-nih-gov.docelec.univ-lyon1.fr,TRUE
www-ncbi-nlm-nih-gov.ezproxy.fh-muenster.de,TRUE
www-pay-gov.translate.goog,TRUE
www-regulations-gov.translate.goog,TRUE
usbr.gov,TRUE
usda.gov,TRUE
172.29.8.187,TRUE
ace-accounts-sat.cbp.gov,TRUE
asett--asettuat.sandbox.my.site.com,TRUE
cbrfc.l.noaa.gov,TRUE
flowers.ua,TRUE
pmc-ncbi-nlm-nih-gov.amu.idm.oclc.org,TRUE
pmc-ncbi-nlm-nih-gov.regiscollege.idm.oclc.org,TRUE
pubmed-ncbi-nlm-nih-gov.sladenlibrary.hfhs.org,TRUE
research-fs-usda-gov.translate.goog,TRUE
structurecenter.com,TRUE
viajesfalabella.cl,TRUE
wolfswinkel.de,TRUE
digirepo.wip.nlm.nih.gov,TRUE
eric-ed-gov.proxy.bsu.edu,TRUE
export.grc.nasa.gov,TRUE
homary.com,TRUE
humo.airnow.gov,TRUE
motionarray.com,TRUE
pfabankfindui-q.app.cloud.gov,TRUE
pls-drupal.llnl.gov,TRUE
pmc-ncbi-nlm-nih-gov-s-17.lib-proxy.wmu.edu.cn,TRUE
pmc-ncbi-nlm-nih-gov.libproxy.dcmc.co.kr,TRUE
pmc-ncbi-nlm-nih-gov.libproxy.mit.edu,TRUE
pubmed-ncbi-nlm-nih-gov.ez77.periodicos.capes.gov.br,TRUE
superpharmacyplus.com.au,TRUE
teti.inl.gov,TRUE
uc-ebook.org,TRUE
192.101.104.128,TRUE
account-ncbi-nlm-nih-gov.laneproxy.stanford.edu,TRUE
airrange.ssc.nasa.gov,TRUE
en.planetofhotels.com,TRUE
ksa.yallamotor.com,TRUE
nz.mwp.usembassy.gov,TRUE
pmc-ncbi-nlm-nih-gov.ezproxy.lib.uconn.edu,TRUE
pmc-ncbi-nlm-nih-gov.leedsbeckett.idm.oclc.org,TRUE
pmc-ncbi-nlm-nih-gov.proxy.library.kent.edu,TRUE
prod-east-ospo.woc.noaa.gov,TRUE
pubmed-ncbi-nlm-nih-gov.ezproxy.cnsu.edu,TRUE
pubmed-ncbi-nlm-nih-gov.glos.idm.oclc.org,TRUE
pubmed-ncbi-nlm-nih-gov.links.franklin.edu,TRUE
soluat.opm.gov,TRUE
staging.seasonaljobs.dol.gov,TRUE
urbania.ca,TRUE
altus.af.mil,TRUE
137.75.118.173,TRUE
account-ncbi-nlm-nih-gov.us1.proxy.openathens.net,TRUE
apps.usfa.fematdl.net,TRUE
diagov.ru,TRUE
peakwine.id,TRUE
pmc-ncbi-nlm-nih-gov.childrensmercy.idm.oclc.org,TRUE
pmc-ncbi-nlm-nih-gov.jerome.stjohns.edu,TRUE
populationsciences-qa.datacommons.cancer.gov,TRUE
pubmed-ncbi-nlm-nih-gov.surrey.idm.oclc.org,TRUE
pubmed-ncbi-nlm-nih-gov.udca.elogim.com,TRUE
sip.evs.cancer.gov,TRUE
temp-stg.fiscaldata.treasury.gov,TRUE
www-atsdr-cdc-gov.translate.goog,TRUE
www-ncbi-nlm-nih-gov.umassmed.idm.oclc.org,TRUE
art.tst.gsa.gov,TRUE
bbwheelsonline.com,TRUE
besthomehacks.com,TRUE
easyshiksha.com,TRUE
fineartamerica.com,TRUE
hivinfo-nih-gov.translate.goog,TRUE
pmc-ncbi-nlm-nih-gov.proxy.library.carleton.ca,TRUE
pubmed-ncbi-nlm-nih-gov.proxy.longwood.edu,TRUE
rrbstage.rrb.gov,TRUE
water.code-pages.usgs.gov,TRUE
www-ncbi-nlm-nih-gov.ezp1.lib.umn.edu,TRUE
www-ncbi-nlm-nih-gov.ezproxy.neu.edu,TRUE
www-ncbi-nlm-nih-gov.proxy1.lib.uwo.ca,TRUE
www-ncbi-nlm-nih-gov.une.idm.oclc.org,TRUE
blast-ncbi-nlm-nih-gov.myaccess.library.utoronto.ca,TRUE
eric-ed-gov.vlib.excelsior.edu,TRUE
gis-beta.usgs.gov,TRUE
pmc-ncbi-nlm-nih-gov.ezproxy.mdx.ac.uk,TRUE
pmm-gv.gsfc.nasa.gov,TRUE
pubmed-ncbi-nlm-nih-gov.ezproxy.umgc.edu,TRUE
pubmed-ncbi-nlm-nih-gov.hu.idm.oclc.org,TRUE
pubmed-ncbi-nlm-nih-gov.libra.kaist.ac.kr,TRUE
solarb.msfc.nasa.gov,TRUE
tanya-assets-homolog.getninjas.com.br,TRUE
techtransfer-prod-acsf.cancer.gov,TRUE
altrios.nlr.gov,TRUE
apps.gcn.militaryonesource.mil,TRUE
demographics.gcn.militaryonesource.mil,TRUE
docline.awsint.nlm.nih.gov,TRUE
gh.ubook.com,TRUE
pmc-ncbi-nlm-nih-gov.ez86.periodicos.capes.gov.br,TRUE
pmc-ncbi-nlm-nih-gov.proxy.library.stonybrook.edu,TRUE
pubmed-ncbi-nlm-nih-gov.ez128.periodicos.capes.gov.br,TRUE
pubmed-ncbi-nlm-nih-gov.proxy.lnu.se,TRUE
sat2.reginfo.gov,TRUE
sflthredds.er.usgs.gov,TRUE
stats.star.nesdis.noaa.gov,TRUE
testdata.nist.gov,TRUE
www-ncbi-nlm-nih-gov.uhsp.idm.oclc.org,TRUE
04.universalenroll.int.ues.identogo.com,TRUE
alreinamedia.com,TRUE
blast-blast-web--develop.ocpdev-be.p2gate.ncbi.nlm.nih.gov,TRUE
cebs-qa.nci.nih.gov,TRUE
chatelaine.com,TRUE
deveros.cr.usgs.gov,TRUE
federalist-299d8ed8-5be4-46fb-8d87-c9903da3511a.sites.pages.cloud.gov,TRUE
mmis.ndc.nasa.gov,TRUE
na.mwp.usembassy.gov,TRUE
pfabankfindui.app.cloud.gov,TRUE
pubmed-ncbi-nlm-nih-gov.ezproxy.princeton.edu,TRUE
pubmed-ncbi-nlm-nih-gov.lib-e2.lib.ttu.edu,TRUE
pubmed-ncbi-nlm-nih-gov.sts.netbib.ch,TRUE
quzo.co.uk,TRUE
thriftytraveler.com,TRUE
www-ada-gov.translate.goog,TRUE
www-ncbi-nlm-nih-gov.ez45.periodicos.capes.gov.br,TRUE
abhibus.com,TRUE
biospecs.emjj.me,TRUE
cg.mwp.usembassy.gov,TRUE
dj.mwp.usembassy.gov,TRUE
docline.awsqa.nlm.nih.gov,TRUE
epa-eisdr.oaqpscloud.com,TRUE
mn.mwp.usembassy.gov,TRUE
pmc-ncbi-nlm-nih-gov.ezproxy.uakron.edu,TRUE
pmc-ncbi-nlm-nih-gov.proxy1-bib.sdu.dk,TRUE
prod-02-alb-www-swpc.woc.noaa.gov,TRUE
pubmed-ncbi-nlm-nih-gov.ccny-proxy1.libr.ccny.cuny.edu,TRUE
pubmed-ncbi-nlm-nih-gov.jrccn.idm.oclc.org,TRUE
sfsuat.opm.gov,TRUE
waterqualitydata.epa.gov,TRUE
wordans.com,TRUE
www-invasivespeciesinfo-gov.translate.goog,TRUE
www-militaryonesource-mil.translate.goog,TRUE
www-ncbi-nlm-nih-gov.neomed.idm.oclc.org,TRUE
www-ncbi-nlm-nih-gov.osaka-u.idm.oclc.org,TRUE
161.55.160.30,TRUE
cebs-stage.nci.nih.gov,TRUE
dev-tolnet.larc.nasa.gov,TRUE
digitalhistory.github.io,TRUE
english.ahram.org.eg,TRUE
ge.mwp.usembassy.gov,TRUE
gkv-keyword.uat.earthdatacloud.nasa.gov,TRUE
mv-usembassy-gov.translate.goog,TRUE
pfda-dev-truth-challenge-test-851725427222-us-east-1-an.s3.us-east-1.amazonaws.com,TRUE
pmc-ncbi-nlm-nih-gov.ez163.periodicos.capes.gov.br,TRUE
pmc-ncbi-nlm-nih-gov.ez37.periodicos.capes.gov.br,TRUE
pmc-ncbi-nlm-nih-gov.ezproxy.hofstra.edu,TRUE
pmc-ncbi-nlm-nih-gov.libproxy.albany.edu,TRUE
pmc-ncbi-nlm-nih-gov.logan.idm.oclc.org,TRUE
pubmed-ncbi-nlm-nih-gov.ezproxy.csu.edu.au,TRUE
pubmed-ncbi-nlm-nih-gov.library.iau.edu.sa,TRUE
sam-gov.translate.goog,TRUE
afdc.energy.gov,TRUE
myplainview.com,TRUE
surfpac.navy.mil,TRUE
192.111.123.170,TRUE
akr-internal.alaskafisheries.noaa.gov,TRUE
api.water.noaa.gov,TRUE
berislibrary.ornl.gov,TRUE
chicagocrusader.com,TRUE
d2zv7qayzppjtb.cloudfront.net,TRUE
dev20.d2d.gsa.gov,TRUE
dr.ops-prod.internal.cms.gov,TRUE
epases.usajobs.gov,TRUE
fsr5fire.usajobs.gov,TRUE
machines4u.com.au,TRUE
pmc-ncbi-nlm-nih-gov.ccmain.ohionet.org,TRUE
prescancerpanel-prod-acsf.cancer.gov,TRUE
pubmed-ncbi-nlm-nih-gov.argo.library.okstate.edu,TRUE
qa.jimmycarterlibrary.gov,TRUE
r3.genedigtech.cloud,TRUE
trek-nasa-gov.translate.goog,TRUE
warcservices.usgs.gov,TRUE
www-moeb.qa.uscourts.gov,TRUE
www-ncbi-nlm-nih-gov.proxy1-bib.sdu.dk,TRUE
liveworksheets.com,TRUE
atb.nrel.gov,TRUE
bg.mwp.usembassy.gov,TRUE
inforprocess.com,TRUE
jfklibrary-kciflcr8ezgphd8m3y5sejqc5amsyenp.tugboatqa.com,TRUE
list.nih.gov,TRUE
natweb.resolve.usgs.gov,TRUE
nsr-chip.sandia.gov,TRUE
nsrc.lanl.gov,TRUE
pmc-ncbi-nlm-nih-gov.ezproxy.uqar.ca,TRUE
pmc-ncbi-nlm-nih-gov.mwu.idm.oclc.org,TRUE
pmc-ncbi-nlm-nih-gov.nmsu.idm.oclc.org,TRUE
pubmed-ncbi-nlm-nih-gov.ezproxy.lib.uts.edu.au,TRUE
rediscoveringblackhistory.wpcomstaging.com,TRUE
transcom-np.transport.mil,TRUE
web-archive-2022.ait.org.tw,TRUE
www-ncbi-nlm-nih-gov.hbkulib.idm.oclc.org,TRUE
bahrain.yallamotor.com,TRUE
blast-ncbi-nlm-nih-gov.proxy.bib.uottawa.ca,TRUE
cg-88d42ca6-59d7-47e0-9500-4dd9251360b9.sites.pages.cloud.gov,TRUE
femareservist.usajobs.gov,TRUE
firstnetgovstage.prod.acquia-sites.com,TRUE
grantee1.teams.simpler.grants.gov,TRUE
np.mwp.usembassy.gov,TRUE
pmc-ncbi-nlm-nih-gov.ezproxy.fh-muenster.de,TRUE
pmc-ncbi-nlm-nih-gov.libra.eulji.ac.kr,TRUE
pmc-ncbi-nlm-nih-gov.paloaltou.idm.oclc.org,TRUE
pubmed-1ncbi-1nlm-1nih-1gov-12oi8uzep2008.hanhosting.vakliteratuur.info,TRUE
pubmed-ncbi-nlm-nih-gov.libpdb.d.umn.edu,TRUE
pubmed-ncbi-nlm-nih-gov.libproxy.boisestate.edu,TRUE
pubmed-ncbi-nlm-nih-gov.wv-o-ursus-proxy04.ursus.maine.edu,TRUE
uat.opm.gov,TRUE
wwonder.azurewebsites.net,TRUE
www-bep-gov.translate.goog,TRUE
www-ncbi-nlm-nih-gov-ssl.mproxy.inje.ac.kr,TRUE
akchin.nsopw.gov,TRUE
bosphorusleather.com,TRUE
cmspreprod01.cpsc.gov,TRUE
eric-ed-gov.byu.idm.oclc.org,TRUE
nciadvocates.cancer.gov,TRUE
pmc-ncbi-nlm-nih-gov.ez79.periodicos.capes.gov.br,TRUE
pmc-ncbi-nlm-nih-gov.ezproxy.lau.edu.lb,TRUE
pubmed-ncbi-nlm-nih-gov-ssl.webgate.khu.ac.kr,TRUE
pubmed-ncbi-nlm-nih-gov.shsu.idm.oclc.org,TRUE
space-jpl-nasa-gov.translate.goog,TRUE
symingtonholdings.pythonanywhere.com,TRUE
thunderbirdhacks.sandia.gov,TRUE
tecom.marines.mil,TRUE
132.172.55.87,TRUE
asdc.uat.larc.nasa.gov,TRUE
blast-ncbi-nlm-nih-gov.proxy1-bib.sdu.dk,TRUE
kasta.ua,TRUE
legacy.trials-staging.nci.nih.gov,TRUE
login.acquisition.gov,TRUE
lvoc.llnl.gov,TRUE
oreillyauto.com,TRUE
osc.niehs.nih.gov,TRUE
pmc-ncbi-nlm-nih-gov.ez-salve.idm.oclc.org,TRUE
pmc-ncbi-nlm-nih-gov.libproxy.konyang.ac.kr,TRUE
pubmed-ncbi-nlm-nih-gov.libproxy.mit.edu,TRUE
pubmed-ncbi-nlm-nih-gov.zorac.aub.aau.dk,TRUE
sandbox.science.gsfc.nasa.gov,TRUE
stats.bls.gov,TRUE
aftc.af.mil,TRUE
cbioportal-stage.ccdi.cancer.gov,TRUE
cdn.lm.doe.gov,TRUE
cloud.tencent.cn,TRUE
cotuit.er.usgs.gov,TRUE
dk-usembassy-gov.translate.goog,TRUE
dsacms.github.io,TRUE
markets.businessinsider.com,TRUE
nmsfloridakeyseus2.azurewebsites.net,TRUE
pmc-ncbi-nlm-nih-gov.bham-ezproxy.idm.oclc.org,TRUE
pmc-ncbi-nlm-nih-gov.meharry.idm.oclc.org,TRUE
pubmed-ncbi-nlm-nih-gov.biblioteca.seram.es,TRUE
pubmed-ncbi-nlm-nih-gov.proxy.library.nd.edu,TRUE
staging-www.tricare.mil,TRUE
terra-nasa-gov.translate.goog,TRUE
uat.justicegrants.usdoj.gov,TRUE
wwsrv1.cr.usgs.gov,TRUE
creech.af.mil,TRUE
account-ncbi-nlm-nih-gov.pc124152.oulu.fi,TRUE
apguru.com,TRUE
bdwintra01v.oig.dol.gov,TRUE
beta-ut.clinicaltrials.gov,TRUE
eric-ed-gov.libweb.lib.utsa.edu,TRUE
it-usembassy-gov.translate.goog,TRUE
pmc-ncbi-nlm-nih-gov.gavilan.idm.oclc.org,TRUE
pmc-ncbi-nlm-nih-gov.liverpool.idm.oclc.org,TRUE
pmc-ncbi-nlm-nih-gov.reddog.rmu.edu,TRUE
pubmed-ncbi-nlm-nih-gov.ez23.periodicos.capes.gov.br,TRUE
pubmed-ncbi-nlm-nih-gov.hvs.swissconsortium.ch,TRUE
pubmed-ncbi-nlm-nih-gov.kb-au.idm.oclc.org,TRUE
spinoff-nasa-gov.translate.goog,TRUE
jbmdl.jb.mil,TRUE
xpendy.com,TRUE
dabdsearch.irp.nia.nih.gov,TRUE
doinps-vol--volqa2.sandbox.my.site.com,TRUE
etnodim.com,TRUE
fhfa.usajobs.gov,TRUE
jetpens.com,TRUE
mk.mwp.usembassy.gov,TRUE
pmc-ncbi-nlm-nih-gov.proxy-remote.galib.uga.edu,TRUE
pmc-ncbi-nlm-nih-gov.proxy.unice.fr,TRUE
pubmed-ncbi-nlm-nih-gov.dmu.idm.oclc.org,TRUE
pubmed-ncbi-nlm-nih-gov.gshremote.senylrc.org,TRUE
pubmed-ncbi-nlm-nih-gov.proxy-su.researchport.umd.edu,TRUE
pubmed-ncbi-nlm-nih-gov.toyaku.idm.oclc.org,TRUE
pubmed-ncbi-nlm-nih-gov.ycp.idm.oclc.org,TRUE
reclaim.ai,TRUE
test-e-file.eeoc.gov,TRUE
tsaprecheckbyclear-uat.tsa.dhs.gov,TRUE
www-ncbi-nlm-nih-gov.ez6.periodicos.capes.gov.br,TRUE
marforres.marines.mil,TRUE
seymourjohnson.af.mil,TRUE
161.55.85.72,TRUE
apps-usgs-gov.translate.goog,TRUE
bigamart.com,TRUE
c3.ndc.nasa.gov,TRUE
edit.treasury.gov,TRUE
esrl-intranet.boulder.noaa.gov,TRUE
fpi.stage.omb.gov,TRUE
gdo160.llnl.gov,TRUE
kniging.com.ua,TRUE
pmc-ncbi-nlm-nih-gov.pacificcollege.idm.oclc.org,TRUE
pubmed-ncbi-nlm-nih-gov.uoregon.idm.oclc.org,TRUE
sales.fdic.gov,TRUE
tonyyyyy.pages.dev,TRUE
windvalt.pnnl.gov,TRUE
hrsa.gov,TRUE
ssab.gov,TRUE
www2.lanl.gov,TRUE
161.55.85.42,TRUE
collections-us-east-1.awsint.nlm.nih.gov,TRUE
d2j87lqnnvtwrf.cloudfront.net,TRUE
dds.bie.edu,TRUE
flightplanning.jpl.nasa.gov,TRUE
jssa-sragmsremp.ndc.nasa.gov,TRUE
partsdr.com,TRUE
phase2srp_l13.dev,TRUE
pmc-ncbi-nlm-nih-gov.ez95.periodicos.capes.gov.br,TRUE
pmc-ncbi-nlm-nih-gov.radford.idm.oclc.org,TRUE
secure.training.weather.gov,TRUE
superhivemarket.com,TRUE
tamilbrahmins.com,TRUE
uat.ncirc.bja.ojp.gov,TRUE
www-arts-gov.translate.goog,TRUE
www-ncbi-nlm-nih-gov.ezproxy.lau.edu.lb,TRUE
www-ncbi-nlm-nih-gov.husson.idm.oclc.org,TRUE
doctrine.af.mil,TRUE
ncses.nsf.gov,TRUE
12knots.com,TRUE
co.mwp.usembassy.gov,TRUE
fix.com,TRUE
floats.staging.pmel.noaa.gov,TRUE
healthkart.com,TRUE
hepb.org,TRUE
ixp-beta.llnl.gov,TRUE
oplanetatv.clickgratis.com.br,TRUE
prodpgfprfe01.ncuapg.lan,TRUE
uat.hudexchange.info,TRUE
www-ncbi-nlm-nih-gov.bases-doc.univ-lorraine.fr,TRUE
www-ncbi-nlm-nih-gov.bibproxy.kau.se,TRUE
www-ncbi-nlm-nih-gov.uab.idm.oclc.org,TRUE
www-nigms-nih-gov.translate.goog,TRUE
innovationcenter.cafc.uscourts.gov,TRUE
h.priceline.com,TRUE
inforgames.pt,TRUE
partswarehouse.com,TRUE
pen.org,TRUE
pmc-ncbi-nlm-nih-gov.nottingham.idm.oclc.org,TRUE
provisioneronline.com,TRUE
pubmed-ncbi-nlm-nih-gov.ezproxy-b.deakin.edu.au,TRUE
pubmed-ncbi-nlm-nih-gov.ezproxy.oswego.edu,TRUE
pubmed-ncbi-nlm-nih-gov.sanfordhealth.idm.oclc.org,TRUE
webeast.ngs.noaa.gov,TRUE
woodandbeyond.com,TRUE
www-apprenticeship-gov.translate.goog,TRUE
www-ncbi-nlm-nih-gov.ezproxy-prd.bodleian.ox.ac.uk,TRUE
www-ncbi-nlm-nih-gov.uplib.idm.oclc.org,TRUE
www55.dev03.imsweb.com,TRUE
161.55.85.43,TRUE
akastage1-ion-hhs.gov,TRUE
depositphotos.com,TRUE
hpmsdev1.cms.gov,TRUE
laist.com,TRUE
navalnuclearlab-energy-gov-mstsd-6428-v2.auth.cache.staging.ci.msts.network,TRUE
permits.train.blm.doi.net,TRUE
pki.dimc.dhs.gov,TRUE
psss.jpl.nasa.gov,TRUE
pubmed-ncbi-nlm-nih-gov.ez109.periodicos.capes.gov.br,TRUE
testwebadmin.fmshrc.gov,TRUE
uat.d1rkikwu4q8tg.amplifyapp.com,TRUE
www-ncbi-nlm-nih-gov-443.webvpn.bjmu.edu.cn,TRUE
abmc.gov,TRUE
161.55.85.64,TRUE
161.55.85.98,TRUE
acquia-test-bts.dot.gov,TRUE
anlnscience.llnl.gov,TRUE
co.ubook.com,TRUE
eais.jsc.nasa.gov,TRUE
federalist-ead78f8d-8948-417c-a957-c21ec5617a57.sites.pages.cloud.gov,TRUE
fmitservices.gsa.gov,TRUE
pmc-ncbi-nlm-nih-gov.proxy.scd.univ-tours.fr,TRUE
pubmed-1ncbi-1nlm-1nih-1gov-100001abh012c.han3.wum.edu.pl,TRUE
pubmed-ncbi-nlm-nih-gov.knowledge.idm.oclc.org,TRUE
pubmed-ncbi-nlm-nih-gov.libproxy.scnu.ac.kr,TRUE
uat.namus.nij.ojp.gov,TRUE
vsacrepo-qa.nlm.nih.gov,TRUE
124.70.29.248,TRUE
airforce.uat.usajobs.gov,TRUE
akastage-ion-hhs.gov,TRUE
api.nlm.nih.gov,TRUE
d9stage.blhtech.com,TRUE
detroit.jobcorps.tools,TRUE
do.mwp.usembassy.gov,TRUE
dq-zoom-ui.svcs.arm.gov,TRUE
gdo156.llnl.gov,TRUE
op.gg,TRUE
partnerservices-development.nws.noaa.gov,TRUE
pmc-ncbi-nlm-nih-gov.brown.idm.oclc.org,TRUE
pmc-ncbi-nlm-nih-gov.emek.portium.org,TRUE
pmc-ncbi-nlm-nih-gov.ezproxy.cardiffmet.ac.uk,TRUE
pubmed-ncbi-nlm-nih-gov.ez314.periodicos.capes.gov.br,TRUE
pubmed-ncbi-nlm-nih-gov.moh.portium.org,TRUE
staging.nia.nih.gov,TRUE
strategies.fr,TRUE
www-eisenhowerlibrary-gov.translate.goog,TRUE
www-ncbi-nlm-nih-gov.proxyiub.uits.iu.edu,TRUE
account-ncbi-nlm-nih-gov.ezproxy.lib.utexas.edu,TRUE
account-ncbi-nlm-nih-gov.libproxy1.nus.edu.sg,TRUE
data.er.ditd.census.gov,TRUE
evidation.com,TRUE
findingaids.awsqa.nlm.nih.gov,TRUE
foochia.com,TRUE
gdc-mvs.nci.nih.gov,TRUE
hg-sandbox.communicatehealth.com,TRUE
pmc-ncbi-nlm-nih-gov.ezproxy.herts.ac.uk,TRUE
pubmed-1ncbi-1nlm-1nih-1gov-1v67xgb5100a1.mhh.hh-han.com,TRUE
pubmed-ncbi-nlm-nih-gov.brad.idm.oclc.org,TRUE
pubmed-ncbi-nlm-nih-gov.neumann.idm.oclc.org,TRUE
pubmed-ncbi-nlm-nih-gov.spw.swissconsortium.ch,TRUE
ssd-jpl-nasa-gov.translate.goog,TRUE
webfiddle.net,TRUE
www-esrl.boulder.noaa.gov,TRUE
www-ncbi-nlm-nih-gov.ru.idm.oclc.org,TRUE
161.55.85.35,TRUE
165.112.228.235,TRUE
beta.boulder.noaa.gov,TRUE
beta.huduser.gov,TRUE
ecfr.federalregister.gov,TRUE
fess.fnal.gov,TRUE
no.mwp.usembassy.gov,TRUE
nrd-dev-internal-portal.nhtsa.dot.gov,TRUE
okinawaobaksa.com,TRUE
photojournal.jpl.nasa.gov,TRUE
pidvms.irc.noaa.gov,TRUE
pmc-ncbi-nlm-nih-gov.ahs.idm.oclc.org,TRUE
pmc-ncbi-nlm-nih-gov.unh.idm.oclc.org,TRUE
thedrillshed.com,TRUE
www-ncbi-nlm-nih-gov.ejproxy.a-star.edu.sg,TRUE
www-ncbi-nlm-nih-gov.ezproxy.univ-orleans.fr,TRUE
www-ncbi-nlm-nih-gov.libproxy.boisestate.edu,TRUE
161.55.85.70,TRUE
account-ncbi-nlm-nih-gov.elib.tcd.ie,TRUE
acquia-dev-nhtsa.dot.gov,TRUE
acquia-test-phmsa.dot.gov,TRUE
air769.app.cloud.gov,TRUE
clintonwhitehouse5-archives-gov.translate.goog,TRUE
dev-americorps.gov,TRUE
gupsweb.geo.census.gov,TRUE
pmc-ncbi-nlm-nih-gov.cuanschutz.idm.oclc.org,TRUE
poter.com.au,TRUE
prevention.usajobs.gov,TRUE
pubmed-ncbi-nlm-nih-gov.ketteringhealth.idm.oclc.org,TRUE
pubmed-ncbi-nlm-nih-gov.lproxy.cauhslib.or.kr,TRUE
pubmed-ncbi-nlm-nih-gov.unm-ezproxy.idm.oclc.org,TRUE
stage.usphs.gov,TRUE
www-ncbi-nlm-nih-gov.ez20.periodicos.capes.gov.br,TRUE
www-treasurydirect-gov.translate.goog,TRUE
161.55.85.40,TRUE
apssit.portalval.cms.gov,TRUE
devpki.dimc.dhs.gov,TRUE
ehbtrn.hrsa.gov,TRUE
justice.lat,TRUE
pmc-ncbi-nlm-nih-gov.ferris.idm.oclc.org,TRUE
pvwatts-nlr-gov.translate.goog,TRUE
sites.gsl.noaa.gov,TRUE
uat.cloud.benefeds.com,TRUE
www-cdc-gov.libproxy.lib.unc.edu,TRUE
38a17d74-1499-4584-993d-ecb80c0fec25--pr-267.probo.itcon.dev,TRUE
atmospheredatahub.pnnl.gov,TRUE
beautyworks.com,TRUE
blast-ncbi-nlm-nih-gov.login.ezproxy.library.ualberta.ca,TRUE
dev-apps-st.fisheries.noaa.gov,TRUE
fdrlibrary.tumblr.com,TRUE
hazmat.dot.gov,TRUE
id.trip.com,TRUE
pmc-ncbi-nlm-nih-gov.michener.idm.oclc.org,TRUE
prod-hrsagov.cloud.hhs.gov,TRUE
pubmed-ncbi-nlm-nih-gov.ez238.periodicos.capes.gov.br,TRUE
pubmed-ncbi-nlm-nih-gov.lehighcarboncc.idm.oclc.org,TRUE
samiii-xyz.github.io,TRUE
search.trade.gov,TRUE
stagingwpecs.energyright.com,TRUE
stem.health.mil,TRUE
test20.d2d.gsa.gov,TRUE
tmss.dev-acqit.helix.gsa.gov,TRUE
161.55.85.45,TRUE
awesomecuisine.com,TRUE
cms-www-goesr.woc.noaa.gov,TRUE
cms.buildamerica.dot.gov,TRUE
hardfindelec.com,TRUE
homes.com,TRUE
online-qa.fsi.state.gov,TRUE
pubmed-ncbi-nlm-nih-gov.gaelnomade-1.grenet.fr,TRUE
pubmed-ncbi-nlm-nih-gov.proxy.library.carleton.ca,TRUE
pubmed-ncbi-nlm-nih-gov.saz.idm.oclc.org,TRUE
pubmed-ncbi-nlm-nih-gov.thielcollege.idm.oclc.org,TRUE
s3.amazonaws.com,TRUE
test-storms.l.noaa.gov,TRUE
usacestpaul.usajobs.gov,TRUE
www-26.ntc.blm.gov,TRUE
access.preprod.fda.gov,TRUE
marforpac.marines.mil,TRUE
offutt.af.mil,TRUE
411.com,TRUE
acquia-test-permits.dot.gov,TRUE
appshare.cancer.gov,TRUE
cbwofs.nssl.noaa.gov,TRUE
dhs-hq.usajobs.gov,TRUE
forums.studentdoctor.net,TRUE
nrrd.app.cloud.gov,TRUE
pubmed-1ncbi-1nlm-1nih-1gov-100001a2r015b.han3.wum.edu.pl,TRUE
pubmed-ncbi-nlm-nih-gov.medbibproxy.lnu.se,TRUE
test-dsfa.nmfs.noaa.gov,TRUE
th.mwp.usembassy.gov,TRUE
thorns.com,TRUE
translate.google.com,TRUE
usptoteasfillingoffice104.org,TRUE
www-mynavyhr-navy-mil.translate.goog,TRUE
www-usaspending-gov.translate.goog,TRUE
joom.com,TRUE
161.55.85.37,TRUE
198.128.246.49,TRUE
account-ncbi-nlm-nih-gov.uri.idm.oclc.org,TRUE
azhrsautl9.amer.reisystems.com,TRUE
biosecurity.llnl.gov,TRUE
coastalcondition.epa.gov,TRUE
dpcpsi-nihodmeoprod.prod.acquia-sites.com,TRUE
evsexplore-stage.semantics.cancer.gov,TRUE
glamot.com,TRUE
ncbi.nlm.nih.govhttps,TRUE
octrials.ha.nci.nih.gov,TRUE
pmc-ncbi-nlm-nih-gov.inee.bib.cnrs.fr,TRUE
sicarius.wr.usgs.gov,TRUE
snackandbakery.com,TRUE
swimswam.com,TRUE
uat-e-file.eeoc.gov,TRUE
whs.usajobs.gov,TRUE
www-ncbi-nlm-nih-gov.colorado.idm.oclc.org,TRUE
tyndall.af.mil,TRUE
zuni4opubss.psb.bls.gov,TRUE
account-ncbi-nlm-nih-gov.e.bibl.liu.se,TRUE
account-ncbi-nlm-nih-gov.ezproxy.utas.edu.au,TRUE
development-earthquake.usgs.gov,TRUE
eventbrite.com.au,TRUE
federalist-6c4f707b-2c00-4cb1-9830-7e257dc44d03.sites.pages.cloud.gov,TRUE
lv.mwp.usembassy.gov,TRUE
origin-dev-garfoapps.fisheries.noaa.gov,TRUE
physics-nist-gov.translate.goog,TRUE
pubmed-1ncbi-1nlm-1nih-1gov-10013b5bt0592.han.medunigraz.at,TRUE
pubmed-ncbi-nlm-nih-gov.ez345.periodicos.capes.gov.br,TRUE
pubmed-ncbi-nlm-nih-gov.silk.library.umass.edu,TRUE
pv.usajobs.gov,TRUE
sd-staging-cdn.ars.usda.gov,TRUE
silvainjurylaw.com,TRUE
woodenstreet.com,TRUE
last.fm,TRUE
surflant.usff.navy.mil,TRUE
achrnews.com,TRUE
americanenglish-state-gov.translate.goog,TRUE
blm--qa.sandbox.my.site.com,TRUE
dev-ndacc.larc.nasa.gov,TRUE
hud-oig-live.lndo.site,TRUE
oasisstage.wtchp.cdc.gov,TRUE
pmc-ncbi-nlm-nih-gov.beaumont1.proxy.liblynxgateway.com,TRUE
pmc-ncbi-nlm-nih-gov.ez121.periodicos.capes.gov.br,TRUE
pubmed-1ncbi-1nlm-1nih-1gov-1v67xgbh50038.mhh.hh-han.com,TRUE
pubmed-ncbi-nlm-nih-gov.ez98.periodicos.capes.gov.br,TRUE
sarsat.xyz,TRUE
sdms.blm.gov,TRUE
thaiwatsadu.com,TRUE
trents.co.uk,TRUE
www-ncbi-nlm-nih-gov.stanford.idm.oclc.org,TRUE
www-ncbi-nlm-nih-gov.webproxy2.ouhsc.edu,TRUE
cpsc.gov,TRUE
205.156.8.176,TRUE
account-ncbi-nlm-nih-gov.humanitas.idm.oclc.org,TRUE
account-ncbi-nlm-nih-gov.libdata.lib.ua.edu,TRUE
ctsu-uat.cancer.gov,TRUE
director.jsc.nasa.gov,TRUE
e-chords.com,TRUE
mydeals365.com,TRUE
omi.cmdl.noaa.gov,TRUE
pineknot.jobcorps.tools,TRUE
pmc-ncbi-nlm-nih-gov.access.library.miami.edu,TRUE
pmc-ncbi-nlm-nih-gov.access.semantak.com,TRUE
pmc-ncbi-nlm-nih-gov.ajinomoto.remotexs.co,TRUE
pmc-ncbi-nlm-nih-gov.librweb.laurentian.ca,TRUE
pubmed-ncbi-nlm-nih-gov.proxy.wexler.hunter.cuny.edu,TRUE
technology-nasa-gov.translate.goog,TRUE
vwo.nasa.gov,TRUE
161.55.85.44,TRUE
blast-ncbi-nlm-nih-gov.ezproxy1.lib.asu.edu,TRUE
blast.r0.genedigtech.cloud,TRUE
clinicaltrialsapi-staging.cancer.gov,TRUE
comptroller.defense.gov,TRUE
gtm.wapa.gov,TRUE
pmc-ncbi-nlm-nih-gov.ez475.periodicos.capes.gov.br,TRUE
pmc-ncbi-nlm-nih-gov.huaryu.kl.oakland.edu,TRUE
pmc-ncbi-nlm-nih-gov.simsrad.net.ocs.mq.edu.au,TRUE
prescancerpanel-cms.cancer.gov,TRUE
preview.nihms.nih.gov,TRUE
pubmed-ncbi-nlm-nih-gov.ezproxy.northeastcollege.edu,TRUE
roundupreads.jsc.nasa.gov,TRUE
test-childwelfare.cwigng.com,TRUE
www-ncbi-nlm-nih-gov.ezproxy.u-pec.fr,TRUE
etap.nsf.gov,TRUE
gcn.militaryonesource.mil,TRUE
account-ncbi-nlm-nih-gov.eres.library.manoa.hawaii.edu,TRUE
acquia-test-fmcsa.dot.gov,TRUE
bjs-ojp-gov.translate.goog,TRUE
blast-ncbi-nlm-nih-gov.ezp3.lib.umn.edu,TRUE
doifws.prod.acquia-sites.com,TRUE
dsscareers.usajobs.gov,TRUE
edit.osha.gov,TRUE
eric-ed-gov.libproxy.library.unt.edu,TRUE
ins.llnl.gov,TRUE
northwell.csod.com,TRUE
nosc-prod.woc.noaa.gov,TRUE
pmc-ncbi-nlm-nih-gov.isnb.idm.oclc.org,TRUE
sandbeta.hescore.labworks.org,TRUE
uat-msc.msc.fema.gov,TRUE
www-ncbi-nlm-nih-gov.cyber.usask.ca,TRUE
nwp.usace.army.mil,TRUE
0-www-ncbi-nlm-nih-gov.innopac.wits.ac.za,TRUE
bevindustry.com,TRUE
dev-acis.aspe.hhs.gov,TRUE
fpmarkets.com,TRUE
mwr.obssr.od.nih.gov,TRUE
pages-nist-gov.translate.goog,TRUE
pd--pdfl1dvp.sandbox.my.site.com,TRUE
psi.nasa.gov,TRUE
pubmed-1ncbi-1nlm-1nih-1gov-100001abh0577.han3.wum.edu.pl,TRUE
pubmed-1ncbi-1nlm-1nih-1gov-1nb5yeimn0250.hanproxy.cm-uj.krakow.pl,TRUE
pubmed-ncbi-nlm-nih-gov.aecc.idm.oclc.org,TRUE
pubmed-ncbi-nlm-nih-gov.ezproxy.ub.uni-marburg.de,TRUE
pubmed-ncbi-nlm-nih-gov.proxy.lib.nosm.ca,TRUE
testing.navcen.uscg.gov,TRUE
trainingd.edit.irs.gov,TRUE
usda-rd.usajobs.gov,TRUE
www-armyupress-army-mil.translate.goog,TRUE
www-ncbi-nlm-nih-gov.easyaccess1.lib.cuhk.edu.hk,TRUE
ahed.smce.nasa.gov,TRUE
app-eus2npbeamremm.azurewebsites.net,TRUE
apsvpt.portalval.cms.gov,TRUE
backerkit.com,TRUE
deltax.jpl.nasa.gov,TRUE
eric-ed-gov.csula.idm.oclc.org,TRUE
federalist-cf03235f-a054-4178-aafb-4e1e61e0d42c.sites.pages.cloud.gov,TRUE
gdo-sphenix.llnl.gov,TRUE
graphic.com.gh,TRUE
idp.vcholkar.identitysandbox.gov,TRUE
pmc-ncbi-nlm-nih-gov.kean.idm.oclc.org,TRUE
pubmed-1ncbi-1nlm-1nih-1gov-10013b5i00053.han.medunigraz.at,TRUE
pubmed-1ncbi-1nlm-1nih-1gov-1v67xgbrw0007.mhh.hh-han.com,TRUE
pubmed-ncbi-nlm-nih-gov.evhn.idm.oclc.org,TRUE
pubmed-ncbi-nlm-nih-gov.libweb.ben.edu,TRUE
pubmed-ncbi-nlm-nih-gov.naharia.portium.org,TRUE
pubmed.ams.genedigtech.cloud,TRUE
staging-apps.usgs.gov,TRUE
tsapps.nist.gov,TRUE
198.128.252.1,TRUE
drupaldev-preview.bls.gov,TRUE
eii.ornl.gov,TRUE
eric-ed-gov.translate.goog,TRUE
far-qu.sandia.gov,TRUE
fieldterminal-uat.nesdis.noaa.gov,TRUE
gs674-ccmcftp.ccmc.gsfc.nasa.gov,TRUE
lforms-fhir.nlm.nih.gov,TRUE
nationalcancerplan-prod-acsf.cancer.gov,TRUE
ocs-vs-nccint,TRUE
ohss-dhs-gov.translate.goog,TRUE
pages.cloud.gov,TRUE
paranaibamais.com.br,TRUE
pmc-ncbi-nlm-nih-gov.libproxy.aum.edu,TRUE
pubmed-1ncbi-1nlm-1nih-1gov-1v67xgbrj006a.mhh.hh-han.com,TRUE
pubmed-ncbi-nlm-nih-gov.proxy-ms.researchport.umd.edu,TRUE
usnationalarchives.github.io,TRUE
206.65.196.29,TRUE
a-techno.com.ua,TRUE
analis.com,TRUE
beta.ada.gov,TRUE
chiqa.nlm.nih.gov,TRUE
d35x45vgf3bccs.cloudfront.net,TRUE
eric-ed-gov.berlioz.brandonu.ca,TRUE
gdo-ai-agent-challenge.llnl.gov,TRUE
mcs.jobcorps.tools,TRUE
origin-alaskafisheries.noaa.gov,TRUE
perbaccowijn.nl,TRUE
pmc-ncbi-nlm-nih-gov.suproxy.idm.oclc.org,TRUE
preprod-tsaprecheckbytelos.tsa.dhs.gov,TRUE
pubmed-1ncbi-1nlm-1nih-1gov-1nb5yeidg07cb.hanproxy.cm-uj.krakow.pl,TRUE
software.llnl.gov,TRUE
trustees.udall.gov,TRUE
webapp.ditd.census.gov,TRUE
akastage-therealcost.betobaccofree.hhs.gov,TRUE
aoprals.state.gov,TRUE
ec.mwp.usembassy.gov,TRUE
pmc-ncbi-nlm-nih-gov.asmn-re.idm.oclc.org,TRUE
pmc-ncbi-nlm-nih-gov.ez87.periodicos.capes.gov.br,TRUE
pmc-ncbi-nlm-nih-gov.proxy.ulib.csuohio.edu,TRUE
pubmed-ncbi-nlm-nih-gov.ez189.periodicos.capes.gov.br,TRUE
pubmed-ncbi-nlm-nih-gov.leedsbeckett.idm.oclc.org,TRUE
pubmed-ncbi-nlm-nih-gov.msj.idm.oclc.org,TRUE
pw.mwp.usembassy.gov,TRUE
travelwith.jp,TRUE
www-nano-gov.translate.goog,TRUE
www-ncbi-nlm-nih-gov.ezproxy.its.uu.se,TRUE
jber.jb.mil,TRUE
weichert.com,TRUE
account-ncbi-nlm-nih-gov.ejournal.mahidol.ac.th,TRUE
bioenergykdf.wpenginepowered.com,TRUE
c00l.keshabkafle.com.np,TRUE
cpa.mynavi.jp,TRUE
de.vecteezy.com,TRUE
eedition.timesunion.com,TRUE
emergency.cdc.gov,TRUE
hehrstage.cdc.gov,TRUE
natura.com.br,TRUE
online-uat.fsi.elguardia.net,TRUE
osdr.nasa.gov,TRUE
pmc-ncbi-nlm-nih-gov.ez66.periodicos.capes.gov.br,TRUE
pmc-ncbi-nlm-nih-gov.mylibrary.wilmu.edu,TRUE
pmc-ncbi-nlm-nih-gov.proxy.tamuc.edu,TRUE
portalsr.com.br,TRUE
rs.mwp.usembassy.gov,TRUE
sydneykings.com,TRUE
winparts.be,TRUE
awseastaging.epa.gov,TRUE
blueaz1.portal.cms.cmsnet,TRUE
campcreek.atdd.noaa.gov,TRUE
cms.csrc.test-e1a.nist.gov,TRUE
cms.dha.mil,TRUE
content.lc.llnl.gov,TRUE
d1a1au5k04wnop.cloudfront.net,TRUE
d1tutmj6pdb1tv.cloudfront.net,TRUE
eric-ed-gov.proxyiub.uits.iu.edu,TRUE
officialnesaragesaratokengold.netlify.app,TRUE
oilpaintings.com,TRUE
ordsext.epa.gov,TRUE
pmc-ncbi-nlm-nih-gov.tum-eaccess.de,TRUE
pmc-ncbi-nlm-nih-gov.uwyo.idm.oclc.org,TRUE
pubmed-ncbi-nlm-nih-gov.ezp.kmu.edu.tw,TRUE
pubmed-ncbi-nlm-nih-gov.proxy.uba.uva.nl,TRUE
pubmed-ncbi-nlm-nih-gov.sgu.idm.oclc.org,TRUE
reliant.co.uk,TRUE
selecciones.com.mx,TRUE
stage-ofccp-intranet.dol.gov,TRUE
testa-iqrs.npdb.hrsa.gov,TRUE
trnbhwnextgen.bhwenv.hrsa.gov,TRUE
www-ncbi-nlm-nih-gov.bvsspa.idm.oclc.org,TRUE
www-ncbi-nlm-nih-gov.ezproxy2.library.drexel.edu,TRUE
www-ncbi-nlm-nih-gov.proxy-remote.galib.uga.edu,TRUE
account-ncbi-nlm-nih-gov.treadwell.idm.oclc.org,TRUE
gdo-dance.llnl.gov,TRUE
ilmfc0apexdw01.nifcenet.lcl,TRUE
isomir.ccr.cancer.gov,TRUE
my.mwp.usembassy.gov,TRUE
oakland.edu,TRUE
phonenumberexpert.com,TRUE
pmc-ncbi-nlm-nih-gov-s-225.libdb.csu.edu.cn,TRUE
pmc-ncbi-nlm-nih-gov.eps.cc.ysu.edu,TRUE
pmc-ncbi-nlm-nih-gov.ezproxy.weizmann.ac.il,TRUE
pmc-ncbi-nlm-nih-gov.kansascity.idm.oclc.org,TRUE
reportfraud-ftc-gov.com,TRUE
wolfswinkel.fr,TRUE
www-ncbi-nlm-nih-gov.proxy.unisanitas.edu.co,TRUE
direct.obgoods.top,TRUE
eric-ed-gov.acces.bibl.ulaval.ca,TRUE
eric-ed-gov.ezproxy.cameron.edu,TRUE
gr.mwp.usembassy.gov,TRUE
kz-usembassy-gov.translate.goog,TRUE
patient.info,TRUE
pmc-ncbi-nlm-nih-gov.ezproxy.muni.cz,TRUE
prod-01-alb-archive-oceanexplorer.woc.noaa.gov,TRUE
pubmed-1ncbi-1nlm-1nih-1gov-1nb5yeidg001b.hanproxy.cm-uj.krakow.pl,TRUE
pubmed-ncbi-nlm-nih-gov.ezproxy.herts.ac.uk,TRUE
pubmed-ncbi-nlm-nih-gov.gcu.idm.oclc.org,TRUE
pubmed-ncbi-nlm-nih-gov.proxy.library.georgetown.edu,TRUE
th-usembassy-gov.translate.goog,TRUE
www-ed-gov.translate.goog,TRUE
www-fmcsa-dot-gov.translate.goog,TRUE
www-ncbi-nlm-nih-gov.manchester.idm.oclc.org,TRUE
www-ncbi-nlm-nih-gov.proxy.mul.missouri.edu,TRUE
architecturalrecord.com,TRUE
eric-ed-gov.ezproxy.southtexascollege.edu,TRUE
icedepartment.org,TRUE
inilah.com,TRUE
landsat.gsfc.nasa.gov,TRUE
legacy-dash-uat.cit.nih.gov,TRUE
newbornscreening-hrsa-gov.translate.goog,TRUE
oceanwatch.aoml.noaa.gov,TRUE
pmc-ncbi-nlm-nih-gov.ez32.periodicos.capes.gov.br,TRUE
ricacorp.com,TRUE
sscweb-v4.sci.gsfc.nasa.gov,TRUE
trademarkcenter-passive.uspto.gov,TRUE
usao-dnm.usajobs.gov,TRUE
www-ncbi-nlm-nih-gov.ez16.periodicos.capes.gov.br,TRUE
1stmaw.marines.mil,TRUE
0-pmc-ncbi-nlm-nih-gov.liucat.lib.liu.edu,TRUE
account-ncbi-nlm-nih-gov.kumc.idm.oclc.org,TRUE
dev-wwwhhsgov.cloud.hhs.gov,TRUE
ehc-stage-admin.ahrq.gov,TRUE
finotrato.com.uy,TRUE
fsapps.nwcg.gov,TRUE
npin-qa-npin-azure.cdc.gov,TRUE
pmc-ncbi-nlm-nih-gov.lp.hscl.ufl.edu,TRUE
pmc-ncbi-nlm-nih-gov.proxy.library.cpp.edu,TRUE
pubmed-1ncbi-1nlm-1nih-1gov-1v67xgbsu004e.mhh.hh-han.com,TRUE
pubmed-ncbi-nlm-nih-gov.dickinson.idm.oclc.org,TRUE
tsa.ed.gov,TRUE
users.lc.llnl.gov,TRUE
stamfordadvocate.com,TRUE
bh.mwp.usembassy.gov,TRUE
cmvista.pnnl.gov,TRUE
data.nal.usda.gov,TRUE
eric-ed-gov.biblioteca.unimagdalena.edu.co,TRUE
inflearn.com,TRUE
pmc-ncbi-nlm-nih-gov.bmv.idm.oclc.org,TRUE
pmc-ncbi-nlm-nih-gov.ez318.periodicos.capes.gov.br,TRUE
pmc-ncbi-nlm-nih-gov.libproxy.knu.ac.kr,TRUE
pmc-ncbi-nlm-nih-gov.nelli.laurea.fi,TRUE
pubmed-ncbi-nlm-nih-gov.ez419.periodicos.capes.gov.br,TRUE
skyalert.mx,TRUE
step1.nlr.gov,TRUE
tj.mwp.usembassy.gov,TRUE
tvaregulatory.tva.gov,TRUE
wdob.qa.adsd.census.gov,TRUE
account-ncbi-nlm-nih-gov.ezp2.lib.umn.edu,TRUE
account-ncbi-nlm-nih-gov.proxy.lib.uiowa.edu,TRUE
churchclarity.org,TRUE
eric-ed-gov.eserv.uum.edu.my,TRUE
hrsauat7.amer.reisystems.com,TRUE
internal-gamut-review-21809222.us-gov-west-1.elb.amazonaws.com,TRUE
pmc-ncbi-nlm-nih-gov.cmich.idm.oclc.org,TRUE
sunearthday.nasa.gov,TRUE
www-ncbi-nlm-nih-gov.libweb.ben.edu,TRUE
sewp.nasa.gov,TRUE
acquia-dev-fta.dot.gov,TRUE
akauat-ion-hhs.gov,TRUE
aspe-hhs-gov.translate.goog,TRUE
cidr-webpub.train.econ.census.gov,TRUE
ely.nsopw.gov,TRUE
eresources.utaipei.edu.tw,TRUE
gbpperformance.ca,TRUE
independent.org,TRUE
intranet.int.nindsweb.com,TRUE
leighbureau.com,TRUE
master.portal.cms.cmsnet,TRUE
pubmed-ncbi-nlm-nih-gov.khalifa.idm.oclc.org,TRUE
pubmed-ncbi-nlm-nih-gov.proxy.lib.fsu.edu,TRUE
repuestosmarinos.es,TRUE
resource.nlm.nih.gov,TRUE
stage-ext-oui.dol.gov,TRUE
statecancerprofiles.st.uat.imsweb.com,TRUE
sys690.gsfc.nasa.gov,TRUE
ugv.cbp.dhs.gov,TRUE
www-ncbi-nlm-nih-gov.ucfcomhsl.idm.oclc.org,TRUE
ftc.gov,TRUE
uat.usajobs.gov,TRUE
205.254.131.189,TRUE
askeagle-dev2.cancer.gov,TRUE
combomatch-int.nci.nih.gov,TRUE
dev-app-02-sefsc.fisheries.noaa.gov,TRUE
ioa.cancer.gov,TRUE
kz.mwp.usembassy.gov,TRUE
mercedesbenzstadium.com,TRUE
newcloud-cdc.msappproxy.net,TRUE
nl.mwp.usembassy.gov,TRUE
pmc-ncbi-nlm-nih-gov.ezproxy.baylor.edu,TRUE
pmc-ncbi-nlm-nih-gov.intermountain.proxy.liblynxgateway.com,TRUE
pmc-ncbi-nlm-nih-gov.libproxy.vassar.edu,TRUE
pmc-ncbi-nlm-nih-gov.neumann.idm.oclc.org,TRUE
pubmed-1ncbi-1nlm-1nih-1gov-1nb5yei6n145c.hanproxy.cm-uj.krakow.pl,TRUE
pubmed-ncbi-nlm-nih-gov.ez154.periodicos.capes.gov.br,TRUE
pubmed-ncbi-nlm-nih-gov.ez208.periodicos.capes.gov.br,TRUE
pubmed-ncbi-nlm-nih-gov.ezproxy.massey.ac.nz,TRUE
pubmed-ncbi-nlm-nih-gov.sandiego.idm.oclc.org,TRUE
staging-or.water.usgs.gov,TRUE
stg-geoplatform.dev-gpgov.chs.usgs.gov,TRUE
store.samhsa.gov,TRUE
storm.pps.eosdis.nasa.gov,TRUE
www-ncbi-nlm-nih-gov.passerelle.univ-rennes.fr,TRUE
www-ncbi-nlm-nih-gov.sw.lib.csmu.edu.tw,TRUE
state.gov,TRUE
acfc.com.vn,TRUE
cms-drupal-goesr.woc.noaa.gov,TRUE
fbi-gov.help,TRUE
gkv-keyword.sit.earthdatacloud.nasa.gov,TRUE
jobs.lc.llnl.gov,TRUE
nodis-dms.gsfc.nasa.gov,TRUE
pmc-ncbi-nlm-nih-gov.proxybib.miun.se,TRUE
pubmed-ncbi-nlm-nih-gov.ezproxy.uqar.ca,TRUE
pubmed-ncbi-nlm-nih-gov.ezproxy.usc.edu.au,TRUE
register.state.gov,TRUE
siteproxy-1.j7o.com,TRUE
smartpay-stg.gsa.gov,TRUE
terabyteshop.com.br,TRUE
www-ncbi-nlm-nih-gov.jikei.idm.oclc.org,TRUE
hurlburt.af.mil,TRUE
nidcd.nih.gov,TRUE
www10.jsc.nasa.gov,TRUE
www3-nasa-gov.translate.goog,TRUE
agcensus.usda.gov,TRUE
b151d261525caba499e7105a46a9e7576082513d.vetisonline.com,TRUE
clinprst11.be-md.ncbi.nlm.nih.gov,TRUE
dma.mil,TRUE
guideline.gov,TRUE
hiiraan.ca,TRUE
hothcd2.tricare.mil,TRUE
id.mwp.usembassy.gov,TRUE
littlepeoplescove.com,TRUE
mjrp.osd.mil,TRUE
nevada.usgs.gov,TRUE
play-in.com,TRUE
pmc-ncbi-nlm-nih-gov.cyrano.ucmo.edu,TRUE
pubmed-1ncbi-1nlm-1nih-1gov-1wpmwpx9p00dd.fresenius.hh-han.com,TRUE
sbom.inl.gov,TRUE
ssai.uat.usajobs.gov,TRUE
styleguide.lanl.gov,TRUE
webapps.usgs.gov,TRUE
webprodadmin.fmshrc.gov,TRUE
www-ncbi-nlm-nih-gov.ez67.periodicos.capes.gov.br,TRUE
150.148.26.215,TRUE
gbm-biodp.nci.nih.gov,TRUE
in.mwp.usembassy.gov,TRUE
nsddsvfgapp.pnnl.gov,TRUE
planetarynames-wr-usgs-gov.translate.goog,TRUE
pmc-ncbi-nlm-nih-gov.autorpa.tpech.gov.tw,TRUE
pubmed-ncbi-nlm-nih-gov.bzion.portium.org,TRUE
pubmed-ncbi-nlm-nih-gov.proxyone.cth.org.tw,TRUE
shared.semantics.cancer.gov,TRUE
www-ncbi-nlm-nih-gov.sid2nomade-1.grenet.fr,TRUE
account-ncbi-nlm-nih-gov.insb.bib.cnrs.fr,TRUE
apc.fnal.gov,TRUE
biowell.com.ua,TRUE
clinprst12.be-md.ncbi.nlm.nih.gov,TRUE
crau.org.in,TRUE
davcenter.w.dren.mil,TRUE
edit-staging-oig.dhs.gov,TRUE
geodata-prod.nal.usda.gov,TRUE
hedgesdirect.co.uk,TRUE
local.hia.opm.gov,TRUE
oaspub.epa.gov,TRUE
pmc-ncbi-nlm-nih-gov.brad.idm.oclc.org,TRUE
pmc-ncbi-nlm-nih-gov.libproxy.umassd.edu,TRUE
pmc-ncbi-nlm-nih-gov.pallas2.tcl.sc.edu,TRUE
pubmed-ncbi-nlm-nih-gov.mricd.idm.oclc.org,TRUE
sealevel-nasa-gov.translate.goog,TRUE
truthfulness.store,TRUE
tsm.lndo.site,TRUE
uscarcover.com,TRUE
www-ncbi-nlm-nih-gov.ez.srv.pmu.ac.at,TRUE
www-ncbi-nlm-nih-gov.wvu.idm.oclc.org,TRUE
130.14.16.110,TRUE
account-ncbi-nlm-nih-gov.proxy.library.vanderbilt.edu,TRUE
btsdev1.dev-ent.dev-dir.labor.gov,TRUE
data.fr.ditd.census.gov,TRUE
dg-uat.kwaps.platform.usda.gov,TRUE
en.islcollective.com,TRUE
eo-web.jsc.nasa.gov,TRUE
eric-ed-gov.tamuv.idm.oclc.org,TRUE
nato-usmission-gov.translate.goog,TRUE
ott.jpl.nasa.gov,TRUE
pmc-ncbi-nlm-nih-gov.ccnm.idm.oclc.org,TRUE
pmc-ncbi-nlm-nih-gov.lib-e2.lib.ttu.edu,TRUE
pmc-ncbi-nlm-nih-gov.online.uchc.edu,TRUE
pmc-ncbi-nlm-nih-gov.uws.idm.oclc.org,TRUE
pmc-ncbi-nlm-nih-gov.wv-o-ursus-proxy01.ursus.maine.edu,TRUE
pubmed-ncbi-nlm-nih-gov.ez.statsbiblioteket.dk,TRUE
pubmed-ncbi-nlm-nih-gov.ez36.periodicos.capes.gov.br,TRUE
quantitativecodesignsc.org,TRUE
sams.grc.nasa.gov,TRUE
solarsystem-nasa-gov.translate.goog,TRUE
spase-editor.heliocloud.org,TRUE
users-affiliates.fnal.gov,TRUE
viajesfalabella.com.co,TRUE
volantinolidl.it,TRUE
woolandthegang.com,TRUE
137.227.233.144,TRUE
abbottdiabetes.firstlight.am,TRUE
acquia-dev-fra.dot.gov,TRUE
akastage2-ion-hhs.gov,TRUE
autingo.es,TRUE
collab-vsac-sbox.awsint.nlm.nih.gov,TRUE
columbiaasia.com,TRUE
edit.ofac.treasury.gov,TRUE
gallery.ca,TRUE
gdo165.llnl.gov,TRUE
guidelines.gov,TRUE
psnet-staging.ahrq.gov,TRUE
pubmed-1ncbi-1nlm-1nih-1gov-1nb5yeidg044b.hanproxy.cm-uj.krakow.pl,TRUE
pubmed-1ncbi-1nlm-1nih-1gov-1nb5yeimn024b.hanproxy.cm-uj.krakow.pl,TRUE
wolfswinkel.at,TRUE
www-ncbi-nlm-nih-gov.ez371.periodicos.capes.gov.br,TRUE
www-ncbi-nlm-nih-gov.tudelft.idm.oclc.org,TRUE
www-trumplibrary-gov.translate.goog,TRUE
ellsworth.af.mil,TRUE
doncolombia.com,TRUE
eric-ed-gov.pointloma.idm.oclc.org,TRUE
floathomes.com,TRUE
gulflink.fhpr.osd.mil,TRUE
hmdahelp.consumerfinance.gov,TRUE
kr.trip.com,TRUE
pmc-ncbi-nlm-nih-gov.ez152.periodicos.capes.gov.br,TRUE
pmc-ncbi-nlm-nih-gov.ez370.periodicos.capes.gov.br,TRUE
pmc-ncbi-nlm-nih-gov.ezproxy.rice.edu,TRUE
pmc-ncbi-nlm-nih-gov.libezproxy.must.edu.mo,TRUE
pmc-ncbi-nlm-nih-gov.libproxy.jnu.ac.kr,TRUE
pmc-ncbi-nlm-nih-gov.libra.cnu.ac.kr,TRUE
pmc-ncbi-nlm-nih-gov.nthulib-oc.nthu.edu.tw,TRUE
proof.sandia.gov,TRUE
pubmed-1ncbi-1nlm-1nih-1gov-1nb5yeidg0165.hanproxy.cm-uj.krakow.pl,TRUE
pubmed-ncbi-nlm-nih-gov.sri.idm.oclc.org,TRUE
sa-dcc-prd002-dp.studentaid.gov,TRUE
sclccelllines.cancer.gov,TRUE
smart-ojp-gov.translate.goog,TRUE
stg.aff.gov,TRUE
www-ncbi-nlm-nih-gov.dlsw.tzuchi-healthcare.org.tw,TRUE
accessdata.preprod.fda.gov,TRUE
batdongsan.com.vn,TRUE
carzone.ie,TRUE
cdc-earwig.datawheel.us,TRUE
clinical-stage.datacommons.cancer.gov,TRUE
energyicorps.inl.gov,TRUE
gdo167.llnl.gov,TRUE
gdo170.llnl.gov,TRUE
ojjdp-ojp-gov.translate.goog,TRUE
phytocat.igib.res.in,TRUE
pki.eauth.va.gov,TRUE
preview-tsunami8.ncep.noaa.gov,TRUE
public.uat.era.nih.gov,TRUE
pubmed-1ncbi-1nlm-1nih-1gov-12stghi2g629a.hanhosting.vakliteratuur.info,TRUE
pubmed-ncbi-nlm-nih-gov.ez422.periodicos.capes.gov.br,TRUE
pubmed-ncbi-nlm-nih-gov.ezproxy.bowdoin.edu,TRUE
staging.science.gsfc.nasa.gov,TRUE
wlci.gov,TRUE
www-opsanta-stage.usps.mrm-client.com,TRUE
137.75.64.133,TRUE
access8.qa.ginniemae.gov,TRUE
account-ncbi-nlm-nih-gov.proxy2.library.ohio.edu,TRUE
account-ncbi-nlm-nih-gov.shh.idm.oclc.org,TRUE
aero-fp.larc.nasa.gov,TRUE
atlas.fdc.inonde.io,TRUE
chqa.nlm.nih.gov,TRUE
dev-ash.wr.usgs.gov,TRUE
dis-waiver.cit.nih.gov,TRUE
eric-ed-gov.ezproxy.deltastate.edu,TRUE
flexbooks.ck12.org,TRUE
hn.mwp.usembassy.gov,TRUE
ninds.int.nindsweb.com,TRUE
nli.org.il,TRUE
origin.thecommunityguide.org,TRUE
pds.lc.llnl.gov,TRUE
pmc-ncbi-nlm-nih-gov.adelphi.idm.oclc.org,TRUE
pmc-ncbi-nlm-nih-gov.fontys.idm.oclc.org,TRUE
pmc-ncbi-nlm-nih-gov.ummc.idm.oclc.org,TRUE
poc.edit.irs.gov,TRUE
pubmed-1ncbi-1nlm-1nih-1gov-1v67xgbpp001b.mhh.hh-han.com,TRUE
pubmed-ncbi-nlm-nih-gov.ezproxy.mkc.edu.tw,TRUE
re-pre.dev2.cstreetsandbox.com,TRUE
remoteassist.epa.gov,TRUE
shop.duke.edu,TRUE
sl-biodp.nci.nih.gov,TRUE
support-nlm-nih-gov.translate.goog,TRUE
tap.orr.noaa.gov,TRUE
ua.mwp.usembassy.gov,TRUE
uat.juvenilecouncil.ojp.gov,TRUE
usa-perovskites.net,TRUE
wormhole.lc.llnl.gov,TRUE
www-gsa-gov.translate.goog,TRUE
dfas.mil,TRUE
fmcsa.dot.gov,TRUE
usace.army.mil,TRUE
140.90.78.252,TRUE
account-ncbi-nlm-nih-gov.ezproxy.bu.edu,TRUE
akadev3-ion-hhs.gov,TRUE
cfext.epa.gov,TRUE
czpages.llnl.gov,TRUE
education.despla.in,TRUE
energyicsstandards.inl.gov,TRUE
hadassah.org,TRUE
internal-fbijobs-ppd-alb-800656625.us-gov-west-1.elb.amazonaws.com,TRUE
journeybyheart.com,TRUE
lb.mwp.usembassy.gov,TRUE
ma.mwp.usembassy.gov,TRUE
nccoe-ai-identity-58128f.ipages.nist.gov,TRUE
osha.prod.pace.dol.gov,TRUE
pmc-ncbi-nlm-nih-gov.biblioteca.unimagdalena.edu.co,TRUE
proxymule.com,TRUE
pubmed-ncbi-nlm-nih-gov.sacredheart.idm.oclc.org,TRUE
rdaf.nist.gov,TRUE
safis.accsp.org,TRUE
tsapps-d.nist.gov,TRUE
uat.ems.eosdis.nasa.gov,TRUE
uk.mwp.usembassy.gov,TRUE
uy.mwp.usembassy.gov,TRUE
wetsuitoutlet.co.uk,TRUE
www-darpa-mil.translate.goog,TRUE
www-ncbi-nlm-nih-gov.libproxy.unm.edu,TRUE
www-ncbi-nlm-nih-gov.ressources-electroniques.univ-lille.fr,TRUE
www-sss-gov.translate.goog,TRUE
floathomes.com,TRUE
192.111.123.246,TRUE
account-ncbi-nlm-nih-gov.uplib.idm.oclc.org,TRUE
akadev4-ion-hhs.gov,TRUE
armuserreg-ui.svcs.arm.gov,TRUE
asc.dev,TRUE
at.mwp.usembassy.gov,TRUE
d1wxhg0x0jpq9f.cloudfront.net,TRUE
d2viv8j1yllkc5.cloudfront.net,TRUE
dev-01-wordpress-photolib.woc.noaa.gov,TRUE
foxterciaimobiliaria.com.br,TRUE
fptshop.com.vn,TRUE
gdo-nfsdm.llnl.gov,TRUE
gdo169.llnl.gov,TRUE
noaaomaod8stg.prod.acquia-sites.com,TRUE
nts3monitor1ca.jpl.nasa.gov,TRUE
permitstraining.blm.gov,TRUE
phil.cdc.gov,TRUE
pmc-ncbi-nlm-nih-gov.ezproxy.bowdoin.edu,TRUE
pmc-ncbi-nlm-nih-gov.ezproxy2.library.arizona.edu,TRUE
pmc-ncbi-nlm-nih-gov.nwulib.idm.oclc.org,TRUE
silwebsphered5.dev-ent.dev-dir.labor.gov,TRUE
tribute.gcn.militaryonesource.mil,TRUE
vip-vems.powerappsportals.us,TRUE
130.14.65.58,TRUE
account-ncbi-nlm-nih-gov.ezp1.lib.umn.edu,TRUE
akaprod-therealcost.betobaccofree.hhs.gov,TRUE
akatest1-ion-hhs.gov,TRUE
app.lc.llnl.gov,TRUE
bigredpowertools.co.uk,TRUE
blueaz1.portal.cms.gov,TRUE
brd-stage.cancer.gov,TRUE
dewscmsp.psb.bls.gov,TRUE
dsmes-portal.cdc.gov,TRUE
efp.ertcorp.com,TRUE
fr-usembassy-gov.translate.goog,TRUE
gdo164.llnl.gov,TRUE
gdo172.llnl.gov,TRUE
globalcxca.cancer.gov,TRUE
gs674-sep.ccmc.gsfc.nasa.gov,TRUE
kg.mwp.usembassy.gov,TRUE
ncbiinsights-ncbi-nlm-nih-gov.translate.goog,TRUE
nlm.proxyusc.elogim.com,TRUE
ordersuit.info,TRUE
origin-oceanview.pfeg.noaa.gov,TRUE
pmc-ncbi-nlm-nih-gov.cedarville.ohionet.org,TRUE
pmc-ncbi-nlm-nih-gov.ezproxy.utlib.ut.ee,TRUE
pmc-ncbi-nlm-nih-gov.proxy.bib.uclouvain.be,TRUE
pmc-ncbi-nlm-nih-gov.proxy.lib.miamioh.edu,TRUE
toku-p.earth-car.com,TRUE
vetlexicon.com,TRUE
130.14.16.35,TRUE
allaboutcookies.org,TRUE
castore.com,TRUE
coastwatch.pfeg.noaa.gov,TRUE
dev-vhptools.usgs.gov,TRUE
elements.envato.com,TRUE
hawks.com.au,TRUE
hothcd5.dha.mil,TRUE
jeanscene.co.uk,TRUE
kb.nicic.gov,TRUE
kleynvans.com,TRUE
lowlaundry.com,TRUE
lt.mwp.usembassy.gov,TRUE
nationalgangcenter-ojp-gov.translate.goog,TRUE
pmc-ncbi-nlm-nih-gov.ez314.periodicos.capes.gov.br,TRUE
pmc-ncbi-nlm-nih-gov.libproxy.clemson.edu,TRUE
pmc-ncbi-nlm-nih-gov.proxy.ub.uni-frankfurt.de,TRUE
pubmed-ncbi-nlm-nih-gov.ez113.periodicos.capes.gov.br,TRUE
pubmed-ncbi-nlm-nih-gov.ez12.periodicos.capes.gov.br,TRUE
pubmed-ncbi-nlm-nih-gov.proxy.jbnu.ac.kr,TRUE
pubmed-ncbi-nlm-nih-gov.smdc.swissconsortium.ch,TRUE
reproductivefreedomforall.org,TRUE
staging-drupal-habsos.woc.noaa.gov,TRUE
tt-usembassy-gov.translate.goog,TRUE
uat.amberalert.ojp.gov,TRUE
wf.nicic.gov,TRUE
womeninscience.nih.gov,TRUE
www-fema-gov.translate.goog,TRUE
www-ncbi-nlm-nih-gov.ezproxy1.bath.ac.uk,TRUE
incirlik.af.mil,TRUE
www55.dev04.imsweb.com,TRUE
128.150.221.92,TRUE
130.14.65.17,TRUE
184.32.123.204,TRUE
account-ncbi-nlm-nih-gov.ezproxy.server.hv.se,TRUE
adoptionusca.state.gov,TRUE
akatest3-ion-hhs.gov,TRUE
aspr.hhs.gov,TRUE
ce2s2-cms.client.mooreboeck.com,TRUE
ceastudyabroad.com,TRUE
classcabinet.com,TRUE
drhorton.com,TRUE
entrustadmin10.energy.gov,TRUE
eric-ed-gov.avoserv2.library.fordham.edu,TRUE
eric-ed-gov.cedarcrestcollege.idm.oclc.org,TRUE
iq.mwp.usembassy.gov,TRUE
lpdaacaster.cr.usgs.gov,TRUE
mmpa.ertcorp.com,TRUE
pmc-ncbi-nlm-nih-gov.ez33.periodicos.capes.gov.br,TRUE
pmc-ncbi-nlm-nih-gov.kaplanmc.portium.org,TRUE
pty1egrants.cns.gov,TRUE
pubmed-1ncbi-1nlm-1nih-1gov-1nb5yei6n116f.hanproxy.cm-uj.krakow.pl,TRUE
qa.trumplibrary.gov,TRUE
sandbox.fpacbc.usda.gov,TRUE
secureenergy.inl.gov,TRUE
signal.niaid.nih.gov,TRUE
skateshop.gr,TRUE
st-staging.llnl.gov,TRUE
wow.jpl.nasa.gov,TRUE
www-ncbi-nlm-nih-gov.cedarcrestcollege.idm.oclc.org,TRUE
165.112.140.110,TRUE
department-va-develop.go-vip.net,TRUE
escapistmagazine.com,TRUE
fam-state-gov.translate.goog,TRUE
fullsource.com,TRUE
ge.qa.eisenhowerlibrary.gov,TRUE
gsaadvantage-dev2.fas.gsa.gov,TRUE
hothcms.health.mil,TRUE
landfallnavigation.com,TRUE
ne.mwp.usembassy.gov,TRUE
niagaraparks.com,TRUE
pmc-ncbi-nlm-nih-gov.courseinfo.wssu.edu,TRUE
pmc-ncbi-nlm-nih-gov.ez48.periodicos.capes.gov.br,TRUE
pmc-ncbi-nlm-nih-gov.ezproxy.inn.no,TRUE
pmc-ncbi-nlm-nih-gov.libezproxy2.syr.edu,TRUE
pubmed-ncbi-nlm-nih-gov.erm.kfsyscc.org,TRUE
pubmed-ncbi-nlm-nih-gov.lib-proxy01.skidmore.edu,TRUE
reside.pnnl.gov,TRUE
services.occ.treas.gov,TRUE
thunderviewer.content.datalake.prod.us-east-1.aws.fdscloud.io,TRUE
tiendamia.cr,TRUE
toolkit-jsl-alb-1537972704.us-east-1.elb.amazonaws.com,TRUE
www-ncbi-nlm-nih-gov.libproxy.tuni.fi,TRUE
cherrypoint.marines.mil,TRUE
account-ncbi-nlm-nih-gov.turing.library.northwestern.edu,TRUE
ancadminstg.army.mil,TRUE
armgov.svcs.arm.gov,TRUE
blast-ncbi-nlm-nih-gov.colorado.idm.oclc.org,TRUE
dhs.lndo.site,TRUE
do-usembassy-gov.translate.goog,TRUE
eric-ed-gov.libproxy.csudh.edu,TRUE
gdo-maltte.llnl.gov,TRUE
hyperformance.llnl.gov,TRUE
niccs-cisa-gov.translate.goog,TRUE
nmwa-development.dev-wma.chs.usgs.gov,TRUE
otsdaq.fnal.gov,TRUE
pmc-ncbi-nlm-nih-gov.er.lib.k-state.edu,TRUE
pmc-ncbi-nlm-nih-gov.utk.idm.oclc.org,TRUE
pubmed-ncbi-nlm-nih-gov.collegeofidaho.idm.oclc.org,TRUE
pubmed-ncbi-nlm-nih-gov.ezproxy-khfr-2.redi-bw.de,TRUE
pubmed-ncbi-nlm-nih-gov.fanshawe.idm.oclc.org,TRUE
roguefitness.com,TRUE
test-hotline.aws.hhsoig.gov,TRUE
www-dco-uscg-mil.translate.goog,TRUE
www-fec-gov.translate.goog,TRUE
www-ncbi-nlm-nih-gov.libproxy.cha.ac.kr,TRUE
137.75.94.137,TRUE
account-ncbi-nlm-nih-gov.echo.louisville.edu,TRUE
aheadmusic.com.cy,TRUE
akatest2-ion-hhs.gov,TRUE
blast-ncbi-nlm-nih-gov.uml.idm.oclc.org,TRUE
d21nys0bea94vv.cloudfront.net,TRUE
d3ea5vh1r62xog.cloudfront.net,TRUE
gavel.io,TRUE
glsedtoolsandmap-glnpo.msappproxy.net,TRUE
hothcd4.health.mil,TRUE
myttb.portmm.net,TRUE
pmc-ncbi-nlm-nih-gov.libezproxy.open.ac.uk,TRUE
pmc-ncbi-nlm-nih-gov.libproxy.cgh.org.tw,TRUE
pubmed-ncbi-nlm-nih-gov.ezproxy.nord.no,TRUE
realcombatmedia.com,TRUE
state-tables-q.fdic.gov,TRUE
surveillance-cancer.st.uat.imsweb.com,TRUE
trans.hiragana.jp,TRUE
www-clintonlibrary-gov.translate.goog,TRUE
www-ncbi-nlm-nih-gov.byu.idm.oclc.org,TRUE
afsoc.af.mil,TRUE
jbcharleston.jb.mil,TRUE
account-ncbi-nlm-nih-gov.myaccess.library.utoronto.ca,TRUE
airbnb.jp,TRUE
app4.erg.com,TRUE
bankeradvisor.com,TRUE
bucket.slashnext.systems,TRUE
edit-ohss.dhs.gov,TRUE
edit-staging.dhs.gov,TRUE
eric-ed-gov.libproxy.jnu.ac.kr,TRUE
exis.gov,TRUE
feature.sandbox.cms.doe.gov,TRUE
pavilion-dinfos-edu.translate.goog,TRUE
pmc-ncbi-nlm-nih-gov.ez189.periodicos.capes.gov.br,TRUE
pmc-ncbi-nlm-nih-gov.ez261.periodicos.capes.gov.br,TRUE
pubmed-ncbi-nlm-nih-gov.ez180.periodicos.capes.gov.br,TRUE
pubmed-ncbi-nlm-nih-gov.ez8.periodicos.capes.gov.br,TRUE
pubmed-ncbi-nlm-nih-gov.ez95.periodicos.capes.gov.br,TRUE
testint.ice.gov,TRUE
www-medlineplus-gov.pbcls.idm.oclc.org,TRUE
www-rd-usda-gov.translate.goog,TRUE
www205.dev02.imsweb.com,TRUE
130.14.65.94,TRUE
account-ncbi-nlm-nih-gov.libproxy.lib.unc.edu,TRUE
account-ncbi-nlm-nih-gov.recursosbiblioteca.unab.cl,TRUE
aglab-staging.arsnet.usda.gov,TRUE
commerce.gov,TRUE
coveralls.io,TRUE
devphenology.cr.usgs.gov,TRUE
federalist-ba6d0356-ff68-4493-97cc-e0ba45f3e674.sites.pages.cloud.gov,TRUE
forms.niddk.nih.gov,TRUE
gn.mwp.usembassy.gov,TRUE
hub-qa2.datacommons.cancer.gov,TRUE
id.nicic.gov,TRUE
labels.preprod.fda.gov,TRUE
legionathletics.com,TRUE
pmc-ncbi-nlm-nih-gov.ez416.periodicos.capes.gov.br,TRUE
pmc-ncbi-nlm-nih-gov.ez6.periodicos.capes.gov.br,TRUE
pmc-ncbi-nlm-nih-gov.ezproxy.library.qmul.ac.uk,TRUE
pmc-ncbi-nlm-nih-gov.liblink.uncw.edu,TRUE
pmc-ncbi-nlm-nih-gov.mutex.gmu.edu,TRUE
pmc-ncbi-nlm-nih-gov.proxy.westernu.edu,TRUE
polarwatch.star.nesdis.noaa.gov,TRUE
postfiredebrisflow.usgs.gov,TRUE
pubmed-ncbi-nlm-nih-gov.bucm.idm.oclc.org,TRUE
pubmed-ncbi-nlm-nih-gov.ezproxy.hefr.ch,TRUE
pubmed-ncbi-nlm-nih-gov.www.bibproxy.du.se,TRUE
robin.hood-support.com,TRUE
searchvertex-400990605.auto.earthdatacloud.nasa.gov,TRUE
suitableshop.co.uk,TRUE
uscis.my.site.com,TRUE
casai.com,TRUE
zoro.com,TRUE
070411fe-1dce-42c5-9d9c-770cca735608.probo.itcon.dev,TRUE
15.204.116.29.my.local-ip.co,TRUE
1997--2001-state-gov.translate.goog,TRUE
acquia-test-fta.dot.gov,TRUE
beta.clinicaltrials.gov,TRUE
biz.moneyforward.com,TRUE
c1-open.ctsu.org,TRUE
casai.com,TRUE
d3rid2x2f339fo.cloudfront.net,TRUE
dev-hrsagov.cloud.hhs.gov,TRUE
eric-ed-gov.easyaccess2.lib.cuhk.edu.hk,TRUE
fast-tem.usps.com,TRUE
gapwebdev01.be-md.ncbi.nlm.nih.gov,TRUE
jornalempauta.com.br,TRUE
nci60.cancer.gov,TRUE
pmc-ncbi-nlm-nih-gov.ezproxy3.library.arizona.edu,TRUE
pmc-ncbi-nlm-nih-gov.kpsom.idm.oclc.org,TRUE
pmc-ncbi-nlm-nih-gov.ncnm.idm.oclc.org,TRUE
pmc-ncbi-nlm-nih-gov.redeemer.idm.oclc.org,TRUE
preprod.usphs.gov,TRUE
staging.pmel.noaa.gov,TRUE
training.mwp.usembassy.gov,TRUE
ve.mwp.usembassy.gov,TRUE
visibleearth.nasa.gov,TRUE
woodshole.er.usgs.gov,TRUE
world-check.com,TRUE
www-cc-nih-gov.translate.goog,TRUE
www-nagb-gov.translate.goog,TRUE
www-nal-usda-gov.pbidi.unam.mx,TRUE
www-ncbi-nlm-nih-gov.ezproxy.uniandes.edu.co,TRUE
www-warren-af-mil.translate.goog,TRUE
getninjas.com.br,TRUE
health.wa.gov.au,TRUE
192.4.0.28,TRUE
425degree.com,TRUE
ae.mwp.usembassy.gov,TRUE
doifwsrafstage.prod.acquia-sites.com,TRUE
dqpe5x6eow3ny.cloudfront.net,TRUE
dtp-stage.ahrq.gov,TRUE
edit-testint.dhs.gov,TRUE
eeocportal-uat.secureocp.com,TRUE
effectivehealthcare-admin.ahrq.gov,TRUE
enjoei.com.br,TRUE
eric-ed-gov.proxybib.miun.se,TRUE
federalist-135262cb-bcd8-44b1-91fb-2a4b4e7a9a2f.sites.pages.cloud.gov,TRUE
justiceafms.org,TRUE
m.ucenterdress.com,TRUE
moeb-admin.jdc.ao.dcn,TRUE
nacp-files.nacarbon.org,TRUE
office1.bg,TRUE
ourpresidents.tumblr.com,TRUE
pmc-ncbi-nlm-nih-gov.ez42.periodicos.capes.gov.br,TRUE
pmc-ncbi-nlm-nih-gov.ez428.periodicos.capes.gov.br,TRUE
popo.jpl.nasa.gov,TRUE
pubmed-ncbi-nlm-nih-gov.ecnhts-proxy.jsums.edu,TRUE
pubmed-ncbi-nlm-nih-gov.ez224.periodicos.capes.gov.br,TRUE
roswell.jobcorps.tools,TRUE
state-tables-d.fdic.gov,TRUE
www-hfpappexternal-fda-gov.translate.goog,TRUE
www-ncbi-nlm-nih-gov.insubria.idm.oclc.org,TRUE
www-ncbi-nlm-nih-gov.technion.idm.oclc.org,TRUE
holloman.af.mil,TRUE
11teamsports.com,TRUE
140.90.107.16,TRUE
account-ncbi-nlm-nih-gov.autorpa.cmu.edu.tw,TRUE
careers-cbp-gov.translate.goog,TRUE
earth-gov.translate.goog,TRUE
energystar--staging.sandbox.my.site.com,TRUE
gsa.github.io,TRUE
highriskcountries.nih.gov,TRUE
nisar.jpl.nasa.gov,TRUE
pmc-ncbi-nlm-nih-gov.ez52.periodicos.capes.gov.br,TRUE
pmc-ncbi-nlm-nih-gov.libproxy.kbsmclib.co.kr,TRUE
pmc-ncbi-nlm-nih-gov.libraryresources.columbiasouthern.edu,TRUE
prodsqlfoia.ncua.lan,TRUE
pubmed-1ncbi-1nlm-1nih-1gov-1nb5yei6n13be.hanproxy.cm-uj.krakow.pl,TRUE
pubmed-ncbi-nlm-nih-gov.ezproxy-f.deakin.edu.au,TRUE
pubmed-ncbi-nlm-nih-gov.ezproxy.ulapland.fi,TRUE
suitable.ie,TRUE
talkingleaves.jobcorps.tools,TRUE
themoviespace.com,TRUE
vn-usembassy-gov.translate.goog,TRUE
www-ncbi-nlm-nih-gov.wwwproxy1.library.unsw.edu.au,TRUE
www-ornl-gov.translate.goog,TRUE
newriver.marines.mil,TRUE
7810hl8om-mp03-y-https-pubmed-ncbi-nlm-nih-gov.proxy.lirn.net,TRUE
albuquerque.jobcorps.tools,TRUE
apps.lc.llnl.gov,TRUE
beta3-rf.sns-beta.com,TRUE
buyacar.weelee.co.za,TRUE
cmsprod03.int.cpsc,TRUE
devmastcalval.cr.usgs.gov,TRUE
en.ubook.com,TRUE
hocho-knife.com,TRUE
hvacresourcemap.stratus.nlr.gov,TRUE
internal-camera-dev-alb-69648128.us-east-1.elb.amazonaws.com,TRUE
minecraft.novaskin.me,TRUE
pmc-ncbi-nlm-nih-gov.bibproxy.kau.se,TRUE
pmc-ncbi-nlm-nih-gov.proxy200.nclive.org,TRUE
pmc-ncbi-nlm-nih-gov.qub.idm.oclc.org,TRUE
pubmed-ncbi-nlm-nih-gov.ez-salve.idm.oclc.org,TRUE
pubmed-ncbi-nlm-nih-gov.pire.idm.oclc.org,TRUE
scijinks.gov,TRUE
www-ncbi-nlm-nih-gov-ssl.oca.korea.ac.kr,TRUE
www-ncbi-nlm-nih-gov.proxy.dsmc.or.kr,TRUE
yesstyle.com,TRUE
account-ncbi-nlm-nih-gov.gorgone.univ-toulouse.fr,TRUE
account-ncbi-nlm-nih-gov.mhdla.flysheet.com.tw,TRUE
aphysics.prod.cc.lanl.gov,TRUE
applications.prevention.cancer.gov,TRUE
envweb.lanl.gov,TRUE
forums.escapistmagazine.com,TRUE
geoplatform.gpgov.chs.usgs.gov,TRUE
hothcoopcd1.tricare.mil,TRUE
logitravel.pt,TRUE
magsstore.com,TRUE
mriqc.nimh.nih.gov,TRUE
nlc-qa.nlc.niaidqa.net,TRUE
parisbasketball.com,TRUE
pmc-ncbi-nlm-nih-gov.ezproxy.augsburg.edu,TRUE
pneus.be,TRUE
publictrainings.fnal.gov,TRUE
pubmed-1ncbi-1nlm-1nih-1gov-1v67xgbzd0023.mhh.hh-han.com,TRUE
qualitymeasures.ahrq.gov,TRUE
stage.sss.gov,TRUE
stg2.irsauctions.gov,TRUE
veaul.com,TRUE
wpp.fnal.gov,TRUE
www-ncbi-nlm-nih-gov.bvsp2.idm.oclc.org,TRUE
army.mil,TRUE
boulder.noaa.gov,TRUE
marinecadastre.gov,TRUE
38a17d74-1499-4584-993d-ecb80c0fec25--pr-275.probo.itcon.dev,TRUE
account-ncbi-nlm-nih-gov.library.capella.edu,TRUE
deva-iqrs.npdb.hrsa.gov,TRUE
eric-ed-gov.rockhurst.idm.oclc.org,TRUE
fitaxsion.xyz,TRUE
monsternotebook.com.tr,TRUE
pmc-ncbi-nlm-nih-gov.kkh.remotexs.co,TRUE
pmc-ncbi-nlm-nih-gov.trinityhealth.proxy.liblynxgateway.com,TRUE
preprod.odphp.health.gov,TRUE
pubmed-ncbi-nlm-nih-gov.ez30.periodicos.capes.gov.br,TRUE
pubmed-ncbi-nlm-nih-gov.www2.lib.ku.edu,TRUE
tdcwpwwcwei01.ms.ca.npe,TRUE
tiffany.com,TRUE
www-kyeb.qa.uscourts.gov,TRUE
www-ncbi-nlm-nih-gov.emedien.ub.uni-muenchen.de,TRUE
31stmeu.marines.mil,TRUE